tip_label,species_name,assembly_accession,family,clade,role
Abax_parallelepipedus,Abax parallelepipedus,GCA_964197645.1,Carabidae,Adephaga,ingroup
Abscondita_terminalis,Abscondita terminalis,GCA_013368085.1,Lampyridae,Elateriformia,ingroup
Acanthacorydalis_orientalis,Acanthacorydalis orientalis,GCA_034766995.1,Corydalidae,Megaloptera,outgroup
Acanthoscelides_obtectus,Acanthoscelides obtectus,GCA_963669975.1,Chrysomelidae,Cucujiformia,ingroup
Actenicerus_siaelandicus,Actenicerus siaelandicus,GCA_964234755.1,Elateridae,Elateriformia,ingroup
Acupalpus_dubius,Acupalpus dubius,GCA_977071005.1,Carabidae,Adephaga,ingroup
Acupalpus_parvulus,Acupalpus parvulus,GCA_981690485.1,Carabidae,Adephaga,ingroup
Adalia_bipunctata,Adalia bipunctata,GCA_910592335.1,Coccinellidae,Cucujiformia,ingroup
Adalia_decempunctata,Adalia decempunctata,GCA_951802165.1,Coccinellidae,Cucujiformia,ingroup
Adelopsella_bosnica,Adelopsella bosnica,GCA_977014165.1,Leiodidae,Staphyliniformia,ingroup
Aegialia_arenaria,Aegialia arenaria,GCA_978045345.1,Scarabaeidae,Scarabaeiformia,ingroup
Aethina_tumida,Aethina tumida,GCF_024364675.1,Nitidulidae,Cucujiformia,ingroup
Agelastica_alni,Agelastica alni,GCA_950111635.2,Chrysomelidae,Cucujiformia,ingroup
Agonum_fuliginosum,Agonum fuliginosum,GCA_947534325.1,Carabidae,Adephaga,ingroup
Agonum_gracile,Agonum gracile,GCA_982290465.1,Carabidae,Adephaga,ingroup
Agonum_viduum,Agonum viduum,GCA_978021445.1,Carabidae,Adephaga,ingroup
Agrilus_biguttatus,Agrilus biguttatus,GCA_963921985.1,Buprestidae,Elateriformia,ingroup
Agrilus_cyanescens,Agrilus cyanescens,GCA_947389935.1,Buprestidae,Elateriformia,ingroup
Agrilus_mali,Agrilus mali,GCA_055682225.1,Buprestidae,Elateriformia,ingroup
Agrilus_planipennis,Agrilus planipennis,GCF_000699045.2,Buprestidae,Elateriformia,ingroup
Agriotes_ferrugineipennis,Agriotes ferrugineipennis,GCA_044115295.2,Elateridae,Elateriformia,ingroup
Agriotes_lineatus,Agriotes lineatus,GCA_965788545.1,Elateridae,Elateriformia,ingroup
Agriotes_mancus,Agriotes mancus,GCA_041228495.2,Elateridae,Elateriformia,ingroup
Agriotes_obscurus,Agriotes obscurus,GCA_040955315.2,Elateridae,Elateriformia,ingroup
Agriotes_sputator,Agriotes sputator,GCA_044115325.2,Elateridae,Elateriformia,ingroup
Agrypnus_murinus,Agrypnus murinus,GCA_929113105.1,Elateridae,Elateriformia,ingroup
Aleochara_curtula,Aleochara curtula,GCA_963978815.1,Staphylinidae,Staphyliniformia,ingroup
Altica_lythri,Altica lythri,GCA_964028335.1,Chrysomelidae,Cucujiformia,ingroup
Amara_aenea,Amara aenea,GCA_973350105.1,Carabidae,Adephaga,ingroup
Amara_convexiuscula,Amara convexiuscula,GCA_981560045.1,Carabidae,Adephaga,ingroup
Amara_familiaris,Amara familiaris,GCA_978120735.1,Carabidae,Adephaga,ingroup
Amara_ovata,Amara ovata,GCA_965279835.1,Carabidae,Adephaga,ingroup
Ampedus_sanguinolentus,Ampedus sanguinolentus,GCA_964234815.1,Elateridae,Elateriformia,ingroup
Amphimallon_solstitiale,Amphimallon solstitiale,GCA_963170755.1,Scarabaeidae,Scarabaeiformia,ingroup
Anaglyptus_mysticus,Anaglyptus mysticus,GCA_978041785.1,Cerambycidae,Cucujiformia,ingroup
Anaspis_frontalis,Anaspis frontalis,GCA_964243895.1,Scraptiidae,Cucujiformia,ingroup
Anaspis_maculata,Anaspis maculata,GCA_949128115.1,Scraptiidae,Cucujiformia,ingroup
Anaspis_regimbarti,Anaspis regimbarti,GCA_964204715.1,Scraptiidae,Cucujiformia,ingroup
Anisosticta_novemdecimpunctata,Anisosticta novemdecimpunctata,GCA_964188095.1,Coccinellidae,Cucujiformia,ingroup
Anobium_punctatum,Anobium punctatum,GCA_965643755.1,Ptinidae,Cucujiformia,ingroup
Anoplophora_chinensis,Anoplophora chinensis,GCA_052815205.1,Cerambycidae,Cucujiformia,ingroup
Anoplophora_glabripennis,Anoplophora glabripennis,GCA_054644005.1,Cerambycidae,Cucujiformia,ingroup
Anoplophora_malasiaca,Anoplophora malasiaca,GCA_054644075.1,Cerambycidae,Cucujiformia,ingroup
Anthobium_unicolor,Anthobium unicolor,GCA_965663565.1,Staphylinidae,Staphyliniformia,ingroup
Anthocomus_fasciatus,Anthocomus fasciatus,GCA_964258815.1,Melyridae,Cucujiformia,ingroup
Anthonomus_grandis_grandis,Anthonomus grandis grandis,GCF_022605725.1,Curculionidae,Cucujiformia,ingroup
Anthonomus_grandis_thurberiae,Anthonomus grandis thurberiae,GCA_030068095.1,Curculionidae,Cucujiformia,ingroup
Anthonomus_rubi,Anthonomus rubi,GCA_050242925.2,Curculionidae,Cucujiformia,ingroup
Anthroherpon_ganglbaueri,Anthroherpon ganglbaueri,GCA_978045665.1,Leiodidae,Staphyliniformia,ingroup
Aphidecta_obliterata,Aphidecta obliterata,GCA_963966015.1,Coccinellidae,Cucujiformia,ingroup
Aphodius_fimetarius,Aphodius fimetarius,GCA_964211865.1,Scarabaeidae,Scarabaeiformia,ingroup
Aphodius_granarius,Aphodius granarius,GCA_963971325.1,Scarabaeidae,Scarabaeiformia,ingroup
Aphodius_sticticus,Aphodius sticticus,GCA_963966075.1,Scarabaeidae,Scarabaeiformia,ingroup
Aplotarsus_incanus,Aplotarsus incanus,GCA_978018165.1,Elateridae,Elateriformia,ingroup
Apoderus_coryli,Apoderus coryli,GCA_911728435.2,Attelabidae,Cucujiformia,ingroup
Aquatica_leii,Aquatica leii,GCA_035610365.1,Lampyridae,Elateriformia,ingroup
Arhopalus_rusticus,Arhopalus rusticus,GCA_046563155.1,Cerambycidae,Cucujiformia,ingroup
Arhopalus_unicolor,Arhopalus unicolor,GCA_045514315.1,Cerambycidae,Cucujiformia,ingroup
Aromia_moschata,Aromia moschata,GCA_965642075.1,Cerambycidae,Cucujiformia,ingroup
Aspidapion_aeneum,Aspidapion aeneum,GCA_963576565.1,Apionidae,Cucujiformia,ingroup
Attagenus_pellio,Attagenus pellio,GCA_978258735.1,Dermestidae,Cucujiformia,ingroup
Aulacophora_lewisii,Aulacophora lewisii,GCA_051251045.1,Chrysomelidae,Cucujiformia,ingroup
Barypeithes_pellucidus,Barypeithes pellucidus,GCA_963991005.1,Curculionidae,Cucujiformia,ingroup
Bathyscidius_tristiculus,Bathyscidius tristiculus,GCA_979853965.1,Leiodidae,Staphyliniformia,ingroup
Batocera_lineolata,Batocera lineolata,GCA_052815245.1,Cerambycidae,Cucujiformia,ingroup
Betulapion_simile,Betulapion simile,GCA_966183525.1,Apionidae,Cucujiformia,ingroup
Biphyllus_lunatus,Biphyllus lunatus,GCA_965194465.1,Biphyllidae,Cucujiformia,ingroup
Bitoma_crenata,Bitoma crenata,GCA_964656825.2,Zopheridae,Cucujiformia,ingroup
Blaps_rhynchoptera,Blaps rhynchoptera,GCA_042257705.1,Tenebrionidae,Cucujiformia,ingroup
Brachynemurus_nebulosus,Brachynemurus nebulosus,GCA_035578155.1,Myrmeleontidae,Neuroptera,outgroup
Brachypterus_glaber,Brachypterus glaber,GCA_958510825.1,Kateretidae,Cucujiformia,ingroup
Brassicogethes_aeneus,Brassicogethes aeneus,GCA_921294245.1,Nitidulidae,Cucujiformia,ingroup
Brontispa_longissima,Brontispa longissima,GCA_040580785.1,Chrysomelidae,Cucujiformia,ingroup
Bruchidius_siliquastri,Bruchidius siliquastri,GCA_949316355.1,Chrysomelidae,Cucujiformia,ingroup
Bruchidius_varius,Bruchidius varius,GCA_964204745.1,Chrysomelidae,Cucujiformia,ingroup
Bruchidius_villosus,Bruchidius villosus,GCA_965643515.1,Chrysomelidae,Cucujiformia,ingroup
Calathus_fuscipes,Calathus fuscipes,GCA_978122415.1,Carabidae,Adephaga,ingroup
Calathus_melanocephalus,Calathus melanocephalus,GCA_966096355.1,Carabidae,Adephaga,ingroup
Callosobruchus_maculatus,Callosobruchus maculatus,GCA_040182625.1,Chrysomelidae,Cucujiformia,ingroup
Calodromius_spilotus,Calodromius spilotus,GCA_977063495.1,Carabidae,Adephaga,ingroup
Calosoma_granatense,Calosoma granatense,GCA_022063505.1,Carabidae,Adephaga,ingroup
Calosoma_tepidum,Calosoma tepidum,GCA_044734075.1,Carabidae,Adephaga,ingroup
Calosoma_wilkesii,Calosoma wilkesii,GCA_044734065.1,Carabidae,Adephaga,ingroup
Calvia_quattuordecimguttata,Calvia quattuordecimguttata,GCA_964059645.1,Coccinellidae,Cucujiformia,ingroup
Cantharis_decipiens,Cantharis decipiens,GCA_965642435.1,Cantharidae,Elateriformia,ingroup
Cantharis_flavilabris,Cantharis flavilabris,GCA_949152465.1,Cantharidae,Elateriformia,ingroup
Cantharis_lateralis,Cantharis lateralis,GCA_963170105.1,Cantharidae,Elateriformia,ingroup
Cantharis_nigra,Cantharis nigra,GCA_958510845.1,Cantharidae,Elateriformia,ingroup
Cantharis_pallida,Cantharis pallida,GCA_978407175.1,Cantharidae,Elateriformia,ingroup
Cantharis_rufa,Cantharis rufa,GCA_947369205.1,Cantharidae,Elateriformia,ingroup
Cantharis_rustica,Cantharis rustica,GCA_911387805.1,Cantharidae,Elateriformia,ingroup
Canthon_chalcites,Canthon chalcites,GCA_054832385.1,Scarabaeidae,Scarabaeiformia,ingroup
Carabus_banonii,Carabus banonii,GCA_964291765.2,Carabidae,Adephaga,ingroup
Carabus_blaptoides_fortunei,Carabus blaptoides fortunei,GCA_050785175.1,Carabidae,Adephaga,ingroup
Carabus_esakii,Carabus esakii,GCA_054785535.1,Carabidae,Adephaga,ingroup
Carabus_nemoralis,Carabus nemoralis,GCA_977790985.1,Carabidae,Adephaga,ingroup
Carabus_problematicus,Carabus problematicus,GCA_963422195.1,Carabidae,Adephaga,ingroup
Carabus_staehlini,Carabus staehlini,GCA_977013385.1,Carabidae,Adephaga,ingroup
Cartodere_bifasciata,Cartodere bifasciata,GCA_963920755.1,Latridiidae,Cucujiformia,ingroup
Catharsius_molossus,Catharsius molossus,GCA_051362485.1,Scarabaeidae,Scarabaeiformia,ingroup
Catops_nigricans,Catops nigricans,GCA_965642125.1,Leiodidae,Staphyliniformia,ingroup
Cedrorum_azoricus,Cedrorum azoricus,GCA_965287095.1,Carabidae,Adephaga,ingroup
Cetonia_aurata,Cetonia aurata,GCA_949128085.1,Scarabaeidae,Scarabaeiformia,ingroup
Ceutorhynchus_assimilis,Ceutorhynchus assimilis,GCA_917834065.1,Curculionidae,Cucujiformia,ingroup
Ceutorhynchus_obstrictus,Ceutorhynchus obstrictus,GCA_965178145.1,Curculionidae,Cucujiformia,ingroup
Chaetocnema_hortensis,Chaetocnema hortensis,GCA_965653155.1,Chrysomelidae,Cucujiformia,ingroup
Chrysina_gloriosa,Chrysina gloriosa,GCA_038088585.1,Scarabaeidae,Scarabaeiformia,ingroup
Chrysolina_americana,Chrysolina americana,GCA_958502065.1,Chrysomelidae,Cucujiformia,ingroup
Chrysolina_graminis,Chrysolina graminis,GCA_964197785.1,Chrysomelidae,Cucujiformia,ingroup
Chrysolina_haemoptera,Chrysolina haemoptera,GCA_958298965.1,Chrysomelidae,Cucujiformia,ingroup
Chrysolina_herbacea,Chrysolina herbacea,GCA_979300175.1,Chrysomelidae,Cucujiformia,ingroup
Chrysolina_hyperici,Chrysolina hyperici,GCA_982264245.1,Chrysomelidae,Cucujiformia,ingroup
Chrysolina_oricalcia,Chrysolina oricalcia,GCA_944452925.2,Chrysomelidae,Cucujiformia,ingroup
Chrysomela_aeneicollis,Chrysomela aeneicollis,GCA_029955515.1,Chrysomelidae,Cucujiformia,ingroup
Chrysomela_populi,Chrysomela populi,GCA_965642295.1,Chrysomelidae,Cucujiformia,ingroup
Chrysomela_saliceti,Chrysomela saliceti,GCA_965121785.1,Chrysomelidae,Cucujiformia,ingroup
Chrysopa_pallens,Chrysopa pallens,GCA_020423425.1,Chrysopidae,Neuroptera,outgroup
Chrysoperla_carnea,Chrysoperla carnea,GCF_905475395.1,Chrysopidae,Neuroptera,outgroup
Chrysoperla_zastrowi_sillemi,Chrysoperla zastrowi sillemi,GCA_040669965.1,Chrysopidae,Neuroptera,outgroup
Cis_bilamellatus,Cis bilamellatus,GCA_977930235.1,Ciidae,Cucujiformia,ingroup
Clivina_fossor,Clivina fossor,GCA_963966155.1,Carabidae,Adephaga,ingroup
Coccidula_rufa,Coccidula rufa,GCA_965178175.1,Coccinellidae,Cucujiformia,ingroup
Coccinella_magnifica,Coccinella magnifica,GCA_965644565.1,Coccinellidae,Cucujiformia,ingroup
Coccinella_septempunctata,Coccinella septempunctata,GCF_907165205.1,Coccinellidae,Cucujiformia,ingroup
Coccinella_transversoguttata,Coccinella transversoguttata,GCA_053478235.1,Coccinellidae,Cucujiformia,ingroup
Coelostoma_orbiculare,Coelostoma orbiculare,GCA_979606585.1,Hydrophilidae,Staphyliniformia,ingroup
Colydium_elongatum,Colydium elongatum,GCA_964656385.1,Zopheridae,Cucujiformia,ingroup
Conwentzia_psociformis,Conwentzia psociformis,GCA_976988905.1,Coniopterygidae,Neuroptera,outgroup
Crepidodera_aurata,Crepidodera aurata,GCA_965645225.1,Chrysomelidae,Cucujiformia,ingroup
Crepidodera_aurea,Crepidodera aurea,GCA_949320105.2,Chrysomelidae,Cucujiformia,ingroup
Crepidodera_fulvicornis,Crepidodera fulvicornis,GCA_965615805.1,Chrysomelidae,Cucujiformia,ingroup
Crioceris_asparagi,Crioceris asparagi,GCA_958507055.1,Chrysomelidae,Cucujiformia,ingroup
Crudosilis_ruficollis,Crudosilis ruficollis,GCA_978018155.1,Cantharidae,Elateriformia,ingroup
Cryptocephalus_moraei,Cryptocephalus moraei,GCA_946251905.1,Chrysomelidae,Cucujiformia,ingroup
Cryptocephalus_primarius,Cryptocephalus primarius,GCA_963576515.1,Chrysomelidae,Cucujiformia,ingroup
Cryptocephalus_pusillus,Cryptocephalus pusillus,GCA_965663585.1,Chrysomelidae,Cucujiformia,ingroup
Cryptolaemus_montrouzieri,Cryptolaemus montrouzieri,GCA_013387265.2,Coccinellidae,Cucujiformia,ingroup
Cryptophagus_acutangulus,Cryptophagus acutangulus,GCA_963556235.1,Cryptophagidae,Cucujiformia,ingroup
Cryptorhynchus_lapathi,Cryptorhynchus lapathi,GCA_965641385.1,Curculionidae,Cucujiformia,ingroup
Ctenicera_cuprea,Ctenicera cuprea,GCA_958336395.1,Elateridae,Elateriformia,ingroup
Curculio_caryae,Curculio caryae,GCA_051047995.1,Curculionidae,Cucujiformia,ingroup
Curculio_glandium,Curculio glandium,GCA_965648435.1,Curculionidae,Cucujiformia,ingroup
Cylas_formicarius,Cylas formicarius,GCF_029955315.1,Brentidae,Cucujiformia,ingroup
Cynaeus_angustus,Cynaeus angustus,GCA_030157275.1,Tenebrionidae,Cucujiformia,ingroup
Dailognatha_quadricollis,Dailognatha quadricollis,GCA_965183915.1,Tenebrionidae,Cucujiformia,ingroup
Dalopius_marginatus,Dalopius marginatus,GCA_965112895.1,Elateridae,Elateriformia,ingroup
Dalotia_coriaria,Dalotia coriaria,GCA_025399875.3,Staphylinidae,Staphyliniformia,ingroup
Dascillus_cervinus,Dascillus cervinus,GCA_949768715.1,Dascillidae,Cucujiformia,ingroup
Dastarcus_helophoroides,Dastarcus helophoroides,GCA_028583605.1,Bothrideridae,Cucujiformia,ingroup
Dendarus_foraminosus,Dendarus foraminosus,GCA_965152765.1,Tenebrionidae,Cucujiformia,ingroup
Dendroctonus_frontalis,Dendroctonus frontalis,GCA_040113315.1,Curculionidae,Cucujiformia,ingroup
Dendroctonus_ponderosae,Dendroctonus ponderosae,GCA_020466585.2,Curculionidae,Cucujiformia,ingroup
Dendroctonus_valens,Dendroctonus valens,GCA_024550625.1,Curculionidae,Cucujiformia,ingroup
Denticollis_linearis,Denticollis linearis,GCA_964205235.1,Elateridae,Elateriformia,ingroup
Diabrotica_balteata,Diabrotica balteata,GCA_918026665.1,Chrysomelidae,Cucujiformia,ingroup
Diabrotica_undecimpunctata,Diabrotica undecimpunctata,GCF_040954645.1,Chrysomelidae,Cucujiformia,ingroup
Diabrotica_virgifera_virgifera,Diabrotica virgifera virgifera,GCF_917563875.1,Chrysomelidae,Cucujiformia,ingroup
Diaperis_boleti,Diaperis boleti,GCA_963583935.1,Tenebrionidae,Cucujiformia,ingroup
Dicheirus_dilatatus,Dicheirus dilatatus,GCA_043773905.1,Carabidae,Adephaga,ingroup
Digitonthophagus_gazella,Digitonthophagus gazella,GCA_036711955.1,Scarabaeidae,Scarabaeiformia,ingroup
Diorhabda_carinata,Diorhabda carinata,GCA_029229535.1,Chrysomelidae,Cucujiformia,ingroup
Diorhabda_carinulata,Diorhabda carinulata,GCA_026250575.2,Chrysomelidae,Cucujiformia,ingroup
Diorhabda_elongata,Diorhabda elongata,GCA_026230145.1,Chrysomelidae,Cucujiformia,ingroup
Diorhabda_sublineata,Diorhabda sublineata,GCF_026230105.1,Chrysomelidae,Cucujiformia,ingroup
Diplocoelus_fagi,Diplocoelus fagi,GCA_975146085.1,Biphyllidae,Cucujiformia,ingroup
Diploeciton_nevermanni,Diploeciton nevermanni,GCA_027575565.1,Staphylinidae,Staphyliniformia,ingroup
Distenia_gracilis,Distenia gracilis,GCA_055671715.1,Cerambycidae,Cucujiformia,ingroup
Donacia_provostii,Donacia provostii,GCA_052550795.1,Chrysomelidae,Cucujiformia,ingroup
Dorcus_hopei,Dorcus hopei,GCA_033060865.1,Lucanidae,Scarabaeiformia,ingroup
Dorcus_parallelipipedus,Dorcus parallelipipedus,GCA_958336345.1,Lucanidae,Scarabaeiformia,ingroup
Dorysthenes_granulosus,Dorysthenes granulosus,GCA_052815825.1,Cerambycidae,Cucujiformia,ingroup
Drilus_flavescens,Drilus flavescens,GCA_973896625.1,Elateridae,Elateriformia,ingroup
Dromius_quadrimaculatus,Dromius quadrimaculatus,GCA_963989225.1,Carabidae,Adephaga,ingroup
Drusilla_canaliculata,Drusilla canaliculata,GCA_965644065.1,Staphylinidae,Staphyliniformia,ingroup
Dynastes_grantii,Dynastes grantii,GCA_029619325.2,Scarabaeidae,Scarabaeiformia,ingroup
Dynastes_hercules_hercules,Dynastes hercules hercules,GCA_051939005.1,Scarabaeidae,Scarabaeiformia,ingroup
Dynastes_hercules_paschoali,Dynastes hercules paschoali,GCA_051938985.1,Scarabaeidae,Scarabaeiformia,ingroup
Dynastes_hercules_reidi,Dynastes hercules reidi,GCA_051939025.1,Scarabaeidae,Scarabaeiformia,ingroup
Dynastes_hercules_septentrionalis,Dynastes hercules septentrionalis,GCA_051938965.1,Scarabaeidae,Scarabaeiformia,ingroup
Dynastes_hyllus,Dynastes hyllus,GCA_029619255.2,Scarabaeidae,Scarabaeiformia,ingroup
Dynastes_maya,Dynastes maya,GCA_029619315.2,Scarabaeidae,Scarabaeiformia,ingroup
Dynastes_tityus,Dynastes tityus,GCA_029618875.2,Scarabaeidae,Scarabaeiformia,ingroup
Eledona_agricola,Eledona agricola,GCA_964023215.2,Tenebrionidae,Cucujiformia,ingroup
Elmis_aenea,Elmis aenea,GCA_947652605.1,Elmidae,Cucujiformia,ingroup
Endomychus_armeniacus,Endomychus armeniacus,GCA_977013105.1,Endomychidae,Cucujiformia,ingroup
Endomychus_coccineus,Endomychus coccineus,GCA_958510875.1,Endomychidae,Cucujiformia,ingroup
Eucryptorrhynchus_brandti,Eucryptorrhynchus brandti,GCA_040894065.1,Curculionidae,Cucujiformia,ingroup
Eucryptorrhynchus_scrobiculatus,Eucryptorrhynchus scrobiculatus,GCA_046736385.1,Curculionidae,Cucujiformia,ingroup
Eulagius_filicornis,Eulagius filicornis,GCA_965643585.1,Mycetophagidae,Cucujiformia,ingroup
Euwallacea_fornicatus,Euwallacea fornicatus,GCF_040115645.1,Curculionidae,Cucujiformia,ingroup
Euwallacea_similis,Euwallacea similis,GCF_039881205.1,Curculionidae,Cucujiformia,ingroup
Galeruca_laticollis,Galeruca laticollis,GCA_963921935.1,Chrysomelidae,Cucujiformia,ingroup
Galerucella_nymphaeae,Galerucella nymphaeae,GCA_963978555.1,Chrysomelidae,Cucujiformia,ingroup
Galerucella_sagittariae,Galerucella sagittariae,GCA_980434365.1,Chrysomelidae,Cucujiformia,ingroup
Gastrophysa_polygoni,Gastrophysa polygoni,GCA_963576655.1,Chrysomelidae,Cucujiformia,ingroup
Gastrophysa_viridula,Gastrophysa viridula,GCA_965641405.1,Chrysomelidae,Cucujiformia,ingroup
Geotrupes_spiniger,Geotrupes spiniger,GCA_959613385.1,Geotrupidae,Scarabaeiformia,ingroup
Gnatocerus_cornutus,Gnatocerus cornutus,GCA_029298725.1,Tenebrionidae,Cucujiformia,ingroup
Gonodera_luperus,Gonodera luperus,GCA_977014565.1,Tenebrionidae,Cucujiformia,ingroup
Graciliella_metohijensis,Graciliella metohijensis,GCA_978019395.1,Leiodidae,Staphyliniformia,ingroup
Grammoptera_ruficornis,Grammoptera ruficornis,GCA_964332215.1,Cerambycidae,Cucujiformia,ingroup
Grypus_equiseti,Grypus equiseti,GCA_964656865.1,Erirhinidae,Cucujiformia,ingroup
Hallomenus_binotatus,Hallomenus binotatus,GCA_965648495.1,Tetratomidae,Cucujiformia,ingroup
Halyzia_sedecimguttata,Halyzia sedecimguttata,GCA_937662695.2,Coccinellidae,Cucujiformia,ingroup
Harmonia_axyridis,Harmonia axyridis,GCF_914767665.1,Coccinellidae,Cucujiformia,ingroup
Harmonia_quadripunctata,Harmonia quadripunctata,GCA_965642415.1,Coccinellidae,Cucujiformia,ingroup
Harpalus_anxius,Harpalus anxius,GCA_965601895.1,Carabidae,Adephaga,ingroup
Harpalus_rubripes,Harpalus rubripes,GCA_963082715.1,Carabidae,Adephaga,ingroup
Harpalus_rufipes,Harpalus rufipes,GCA_951394225.1,Carabidae,Adephaga,ingroup
Hemicrepidius_hirtus,Hemicrepidius hirtus,GCA_963082805.1,Elateridae,Elateriformia,ingroup
Hermaeophaga_mercurialis,Hermaeophaga mercurialis,GCA_951812935.1,Chrysomelidae,Cucujiformia,ingroup
Herpes_porcellus,Herpes porcellus,GCA_981691985.1,Curculionidae,Cucujiformia,ingroup
Hippodamia_convergens,Hippodamia convergens,GCA_038502775.1,Coccinellidae,Cucujiformia,ingroup
Hippodamia_variegata,Hippodamia variegata,GCA_046424425.1,Coccinellidae,Cucujiformia,ingroup
Hololepta_plana,Hololepta plana,GCA_963695495.2,Histeridae,Staphyliniformia,ingroup
Holotrichia_oblita,Holotrichia oblita,GCA_023690525.1,Scarabaeidae,Scarabaeiformia,ingroup
Hycleus_marcipoli,Hycleus marcipoli,GCA_051167335.1,Meloidae,Cucujiformia,ingroup
Hypera_rumicis,Hypera rumicis,GCA_965643735.1,Curculionidae,Cucujiformia,ingroup
Hypothenemus_hampei,Hypothenemus hampei,GCA_041296355.1,Curculionidae,Cucujiformia,ingroup
Ichthyurus_bourgeoisi,Ichthyurus bourgeoisi,GCA_052863015.1,Cantharidae,Elateriformia,ingroup
Ips_nitidus,Ips nitidus,GCA_018691245.2,Curculionidae,Cucujiformia,ingroup
Ips_sexdentatus,Ips sexdentatus,GCA_976954535.1,Curculionidae,Cucujiformia,ingroup
Ips_typographus,Ips typographus,GCA_016097725.2,Curculionidae,Cucujiformia,ingroup
Kibakoganea_sinica,Kibakoganea sinica,GCA_043790905.1,Scarabaeidae,Scarabaeiformia,ingroup
Kibakoganea_tamdaoensis,Kibakoganea tamdaoensis,GCA_046237675.1,Scarabaeidae,Scarabaeiformia,ingroup
Kyklioacalles_roboris,Kyklioacalles roboris,GCA_964211925.1,Curculionidae,Cucujiformia,ingroup
Labidomera_clivicollis,Labidomera clivicollis,GCA_051313465.2,Chrysomelidae,Cucujiformia,ingroup
Laccobius_striatulus,Laccobius striatulus,GCA_965654275.1,Hydrophilidae,Staphyliniformia,ingroup
Lagria_hirta,Lagria hirta,GCA_947359425.1,Tenebrionidae,Cucujiformia,ingroup
Laparocerus_anagae,Laparocerus anagae,GCA_976997085.1,Curculionidae,Cucujiformia,ingroup
Larinus_minutus,Larinus minutus,GCA_041228525.2,Curculionidae,Cucujiformia,ingroup
Larinus_planus,Larinus planus,GCA_977012605.1,Curculionidae,Cucujiformia,ingroup
Larinus_ursus,Larinus ursus,GCA_979861375.2,Curculionidae,Cucujiformia,ingroup
Lasiorhynchites_cavifrons,Lasiorhynchites cavifrons,GCA_976916715.1,Attelabidae,Cucujiformia,ingroup
Latheticus_oryzae,Latheticus oryzae,GCA_030157265.1,Tenebrionidae,Cucujiformia,ingroup
Lathrobium_brunnipes,Lathrobium brunnipes,GCA_965240315.1,Staphylinidae,Staphyliniformia,ingroup
Leiosoma_deflexum,Leiosoma deflexum,GCA_965260835.1,Curculionidae,Cucujiformia,ingroup
Leistus_fulvibarbis,Leistus fulvibarbis,GCA_965644575.1,Carabidae,Adephaga,ingroup
Leistus_rufomarginatus,Leistus rufomarginatus,GCA_966112595.1,Carabidae,Adephaga,ingroup
Leistus_spinibarbis,Leistus spinibarbis,GCA_933228885.1,Carabidae,Adephaga,ingroup
Leonhardella_angulicollis,Leonhardella angulicollis,GCA_978019415.1,Leiodidae,Staphyliniformia,ingroup
Leptinotarsa_decemlineata,Leptinotarsa decemlineata,GCA_024712935.1,Chrysomelidae,Cucujiformia,ingroup
Leptodirus_hochenwartii,Leptodirus hochenwartii,GCA_947310635.1,Leiodidae,Staphyliniformia,ingroup
Leptura_quadrifasciata,Leptura quadrifasciata,GCA_963675555.1,Cerambycidae,Cucujiformia,ingroup
Lesteva_pubescens,Lesteva pubescens,GCA_965644545.1,Staphylinidae,Staphyliniformia,ingroup
Lesteva_punctata,Lesteva punctata,GCA_975739945.1,Staphylinidae,Staphyliniformia,ingroup
Lethrus_apterus,Lethrus apterus,GCA_051989325.1,Geotrupidae,Scarabaeiformia,ingroup
Librodor_japonicus,Librodor japonicus,GCA_046866795.1,Nitidulidae,Cucujiformia,ingroup
Limonius_poneli,Limonius poneli,GCA_965119595.1,Elateridae,Elateriformia,ingroup
Liophloeus_tessulatus,Liophloeus tessulatus,GCA_978021545.1,Curculionidae,Cucujiformia,ingroup
Liopterus_haemorrhoidalis,Liopterus haemorrhoidalis,GCA_963971575.1,Dytiscidae,Adephaga,ingroup
Lochmaea_capreae,Lochmaea capreae,GCA_949126875.1,Chrysomelidae,Cucujiformia,ingroup
Lochmaea_crataegi,Lochmaea crataegi,GCA_947563755.1,Chrysomelidae,Cucujiformia,ingroup
Longitarsus_dorsalis,Longitarsus dorsalis,GCA_965178105.1,Chrysomelidae,Cucujiformia,ingroup
Longitarsus_flavicornis,Longitarsus flavicornis,GCA_964258785.1,Chrysomelidae,Cucujiformia,ingroup
Lordithon_lunulatus,Lordithon lunulatus,GCA_963942505.1,Staphylinidae,Staphyliniformia,ingroup
Lucanus_miwai,Lucanus miwai,GCA_050437245.1,Lucanidae,Scarabaeiformia,ingroup
Luciola_italica,Luciola italica,GCA_054859625.1,Lampyridae,Elateriformia,ingroup
Magdalis_barbicornis,Magdalis barbicornis,GCA_965663545.1,Curculionidae,Cucujiformia,ingroup
Magdalis_cerasi,Magdalis cerasi,GCA_965642045.1,Curculionidae,Cucujiformia,ingroup
Malachius_bipustulatus,Malachius bipustulatus,GCA_910589415.1,Melyridae,Cucujiformia,ingroup
Malthinus_flaveolus,Malthinus flaveolus,GCA_950108345.1,Cantharidae,Elateriformia,ingroup
Malthinus_seriepunctatus,Malthinus seriepunctatus,GCA_963924605.1,Cantharidae,Elateriformia,ingroup
Malthodes_marginatus,Malthodes marginatus,GCA_965119235.1,Cantharidae,Elateriformia,ingroup
Malthodes_minimus,Malthodes minimus,GCA_964263285.1,Cantharidae,Elateriformia,ingroup
Marronus_borbonicus,Marronus borbonicus,GCA_902655005.2,Scarabaeidae,Scarabaeiformia,ingroup
Megalocaria_dilatata,Megalocaria dilatata,GCA_034642435.1,Coccinellidae,Cucujiformia,ingroup
Megatoma_undata,Megatoma undata,GCA_965643495.1,Dermestidae,Cucujiformia,ingroup
Melanotus_villosus,Melanotus villosus,GCA_963082815.1,Elateridae,Elateriformia,ingroup
Melinopterus_prodromus,Melinopterus prodromus,GCA_964023965.1,Scarabaeidae,Scarabaeiformia,ingroup
Melolontha_melolontha,Melolontha melolontha,GCA_935421215.2,Scarabaeidae,Scarabaeiformia,ingroup
Metoecus_paradoxus,Metoecus paradoxus,GCA_965282865.1,Ripiphoridae,Cucujiformia,ingroup
Micromus_angulatus,Micromus angulatus,GCA_047833675.1,Hemerobiidae,Neuroptera,outgroup
Microrhagus_pygmaeus,Microrhagus pygmaeus,GCA_965643785.1,Eucnemidae,Elateriformia,ingroup
Mongoloraphidia_duomilia,Mongoloraphidia duomilia,GCA_039654895.1,Raphidiidae,Raphidioptera,outgroup
Monochamus_alternatus,Monochamus alternatus,GCA_037114965.1,Cerambycidae,Cucujiformia,ingroup
Monochamus_saltuarius,Monochamus saltuarius,GCA_025584915.1,Cerambycidae,Cucujiformia,ingroup
Monochamus_scutellatus,Monochamus scutellatus,GCA_052862855.1,Cerambycidae,Cucujiformia,ingroup
Monochamus_sutor,Monochamus sutor,GCA_052757275.1,Cerambycidae,Cucujiformia,ingroup
Monolepta_hieroglyphica,Monolepta hieroglyphica,GCA_045514875.1,Chrysomelidae,Cucujiformia,ingroup
Mononychus_punctumalbum,Mononychus punctumalbum,GCA_977066395.1,Curculionidae,Cucujiformia,ingroup
Monotoma_picipes,Monotoma picipes,GCA_977065965.1,Monotomidae,Cucujiformia,ingroup
Morimus_asper,Morimus asper,GCA_977013095.1,Cerambycidae,Cucujiformia,ingroup
Morimus_orientalis,Morimus orientalis,GCA_976714775.1,Cerambycidae,Cucujiformia,ingroup
Mycetophagus_atomarius,Mycetophagus atomarius,GCA_977112535.1,Mycetophagidae,Cucujiformia,ingroup
Mycetophagus_piceus,Mycetophagus piceus,GCA_965642255.1,Mycetophagidae,Cucujiformia,ingroup
Mylabris_quadripunctata,Mylabris quadripunctata,GCA_977015545.1,Meloidae,Cucujiformia,ingroup
Mylabris_sibirica,Mylabris sibirica,GCA_039776855.1,Meloidae,Cucujiformia,ingroup
Myrrha_octodecimguttata,Myrrha octodecimguttata,GCA_958510865.1,Coccinellidae,Cucujiformia,ingroup
Nacerdes_melanura,Nacerdes melanura,GCA_965279825.1,Oedemeridae,Cucujiformia,ingroup
Nadezhdiella_cantori,Nadezhdiella cantori,GCA_051225655.1,Cerambycidae,Cucujiformia,ingroup
Nalassus_laevioctostriatus,Nalassus laevioctostriatus,GCA_965649385.1,Tenebrionidae,Cucujiformia,ingroup
Nebria_brevicollis,Nebria brevicollis,GCA_944738965.1,Carabidae,Adephaga,ingroup
Nebria_salina,Nebria salina,GCA_944039245.1,Carabidae,Adephaga,ingroup
Nedyus_quadrimaculatus,Nedyus quadrimaculatus,GCA_977969715.1,Curculionidae,Cucujiformia,ingroup
Neocrepidodera_transversa,Neocrepidodera transversa,GCA_963243735.1,Chrysomelidae,Cucujiformia,ingroup
Neoneuromus_ignobilis,Neoneuromus ignobilis,GCA_029203775.1,Corydalidae,Megaloptera,outgroup
Nicrophorus_investigator,Nicrophorus investigator,GCA_963457615.1,Silphidae,Staphyliniformia,ingroup
Nineta_flava,Nineta flava,GCA_963920215.1,Chrysopidae,Neuroptera,outgroup
Nothochrysa_capitata,Nothochrysa capitata,GCA_965240235.1,Chrysopidae,Neuroptera,outgroup
Notiophilus_biguttatus,Notiophilus biguttatus,GCA_965642445.1,Carabidae,Adephaga,ingroup
Notoxus_monoceros,Notoxus monoceros,GCA_965276455.1,Anthicidae,Cucujiformia,ingroup
Octodonta_nipae,Octodonta nipae,GCA_034190945.1,Chrysomelidae,Cucujiformia,ingroup
Ocypus_olens,Ocypus olens,GCA_910593695.2,Staphylinidae,Staphyliniformia,ingroup
Ocys_tachysoides,Ocys tachysoides,GCA_965282375.1,Carabidae,Adephaga,ingroup
Odontolabis_cuvera,Odontolabis cuvera,GCA_049462965.1,Lucanidae,Scarabaeiformia,ingroup
Oedemera_lurida,Oedemera lurida,GCA_979846555.1,Oedemeridae,Cucujiformia,ingroup
Ontholestes_murinus,Ontholestes murinus,GCA_963969525.1,Staphylinidae,Staphyliniformia,ingroup
Onthophagus_binodis,Onthophagus binodis,GCA_054643895.1,Scarabaeidae,Scarabaeiformia,ingroup
Onthophagus_sagittarius,Onthophagus sagittarius,GCA_036711965.1,Scarabaeidae,Scarabaeiformia,ingroup
Onthophagus_taurus,Onthophagus taurus,GCF_036711975.1,Scarabaeidae,Scarabaeiformia,ingroup
Ophonus_ardosiacus,Ophonus ardosiacus,GCA_943142095.1,Carabidae,Adephaga,ingroup
Ophraella_communa,Ophraella communa,GCA_035357415.1,Chrysomelidae,Cucujiformia,ingroup
Opilo_mollis,Opilo mollis,GCA_964338635.1,Cleridae,Cucujiformia,ingroup
Orchesia_undulata,Orchesia undulata,GCA_965642315.1,Melandryidae,Cucujiformia,ingroup
Orchestes_rusci,Orchestes rusci,GCA_958502075.1,Curculionidae,Cucujiformia,ingroup
Oryctes_borbonicus,Oryctes borbonicus,GCA_902654985.2,Scarabaeidae,Scarabaeiformia,ingroup
Oryctes_rhinoceros,Oryctes rhinoceros,GCA_020654165.1,Scarabaeidae,Scarabaeiformia,ingroup
Osmylus_fulvicephalus,Osmylus fulvicephalus,GCA_977109365.1,Osmylidae,Neuroptera,outgroup
Othius_punctulatus,Othius punctulatus,GCA_951805005.1,Staphylinidae,Staphyliniformia,ingroup
Otiorhynchus_rugosostriatus,Otiorhynchus rugosostriatus,GCA_982191755.1,Curculionidae,Cucujiformia,ingroup
Oxystoma_pomonae,Oxystoma pomonae,GCA_963921995.1,Apionidae,Cucujiformia,ingroup
Pachyrhinus_lethierryi,Pachyrhinus lethierryi,GCA_965118235.1,Curculionidae,Cucujiformia,ingroup
Pachyrhynchus_sulphureomaculatus,Pachyrhynchus sulphureomaculatus,GCA_019049505.1,Curculionidae,Cucujiformia,ingroup
Paederus_riparius,Paederus riparius,GCA_978046105.1,Staphylinidae,Staphyliniformia,ingroup
Pediacus_dermestoides,Pediacus dermestoides,GCA_963942485.1,Cucujidae,Cucujiformia,ingroup
Phaedon_cochleariae,Phaedon cochleariae,GCA_979016925.1,Chrysomelidae,Cucujiformia,ingroup
Phaleria_cadaverina,Phaleria cadaverina,GCA_977013135.1,Tenebrionidae,Cucujiformia,ingroup
Phanaeus_vindex,Phanaeus vindex,GCA_054832365.1,Scarabaeidae,Scarabaeiformia,ingroup
Philonthus_cognatus,Philonthus cognatus,GCA_932526585.2,Staphylinidae,Staphyliniformia,ingroup
Philonthus_spinipes,Philonthus spinipes,GCA_963082785.1,Staphylinidae,Staphyliniformia,ingroup
Philopedon_plagiatum,Philopedon plagiatum,GCA_963971165.1,Curculionidae,Cucujiformia,ingroup
Phosphuga_atrata,Phosphuga atrata,GCA_944588485.1,Silphidae,Staphyliniformia,ingroup
Photinus_pyralis,Photinus pyralis,GCF_008802855.1,Lampyridae,Elateriformia,ingroup
Phratora_vitellinae,Phratora vitellinae,GCA_977071015.1,Chrysomelidae,Cucujiformia,ingroup
Phyllobius_argentatus,Phyllobius argentatus,GCA_965654255.1,Curculionidae,Cucujiformia,ingroup
Phyllobius_pyri,Phyllobius pyri,GCA_980746795.1,Curculionidae,Cucujiformia,ingroup
Phyllobius_virideaeris,Phyllobius virideaeris,GCA_965643005.1,Curculionidae,Cucujiformia,ingroup
Phyllotreta_cruciferae,Phyllotreta cruciferae,GCA_917563865.1,Chrysomelidae,Cucujiformia,ingroup
Phyllotreta_striolata,Phyllotreta striolata,GCA_918026865.1,Chrysomelidae,Cucujiformia,ingroup
Plagiodera_versicolora,Plagiodera versicolora,GCA_037013635.1,Chrysomelidae,Cucujiformia,ingroup
Platydracus_latebricola,Platydracus latebricola,GCA_978021435.1,Staphylinidae,Staphyliniformia,ingroup
Platypus_cylindrus,Platypus cylindrus,GCA_949748235.1,Curculionidae,Cucujiformia,ingroup
Platyrhinus_resinosus,Platyrhinus resinosus,GCA_977061565.1,Anthribidae,Cucujiformia,ingroup
Platystomos_albinus,Platystomos albinus,GCA_964106875.1,Anthribidae,Cucujiformia,ingroup
Podabrus_alpinus,Podabrus alpinus,GCA_932274525.1,Cantharidae,Elateriformia,ingroup
Podagrica_fuscicornis,Podagrica fuscicornis,GCA_980253055.1,Chrysomelidae,Cucujiformia,ingroup
Poecilus_cupreus,Poecilus cupreus,GCA_963942605.1,Carabidae,Adephaga,ingroup
Pogonocherus_hispidulus,Pogonocherus hispidulus,GCA_963924545.1,Cerambycidae,Cucujiformia,ingroup
Polydrusus_cervinus,Polydrusus cervinus,GCA_935413205.1,Curculionidae,Cucujiformia,ingroup
Polydrusus_impressifrons,Polydrusus impressifrons,GCA_977013515.1,Curculionidae,Cucujiformia,ingroup
Polydrusus_pterygomalis,Polydrusus pterygomalis,GCA_963969555.1,Curculionidae,Cucujiformia,ingroup
Polydrusus_tereticollis,Polydrusus tereticollis,GCA_963920685.1,Curculionidae,Cucujiformia,ingroup
Popillia_japonica,Popillia japonica,GCA_042919845.1,Scarabaeidae,Scarabaeiformia,ingroup
Prionocyphon_serricornis,Prionocyphon serricornis,GCA_965648515.1,Scirtidae,Scirtoidea,ingroup
Prionychus_ater,Prionychus ater,GCA_965112505.1,Tenebrionidae,Cucujiformia,ingroup
Promethis_valgipes,Promethis valgipes,GCA_054205895.1,Tenebrionidae,Cucujiformia,ingroup
Propomacrus_cypriacus,Propomacrus cypriacus,GCA_977019095.1,Glaphyridae,Cucujiformia,ingroup
Propylea_japonica,Propylea japonica,GCA_013421045.1,Coccinellidae,Cucujiformia,ingroup
Propylea_quattuordecimpunctata,Propylea quattuordecimpunctata,GCA_976925235.1,Coccinellidae,Cucujiformia,ingroup
Prosopocoilus_inquinatus,Prosopocoilus inquinatus,GCA_036172665.1,Lucanidae,Scarabaeiformia,ingroup
Protaetia_brevitarsis,Protaetia brevitarsis,GCA_051903415.1,Scarabaeidae,Scarabaeiformia,ingroup
Pseudeuparius_sepicola,Pseudeuparius sepicola,GCA_963920635.1,Anthribidae,Cucujiformia,ingroup
Pseudocistela_ceramboides,Pseudocistela ceramboides,GCA_965601595.1,Tenebrionidae,Cucujiformia,ingroup
Psylliodes_chrysocephalus,Psylliodes chrysocephalus,GCA_927349885.1,Chrysomelidae,Cucujiformia,ingroup
Pterostichus_diligens,Pterostichus diligens,GCA_976289695.1,Carabidae,Adephaga,ingroup
Pterostichus_madidus,Pterostichus madidus,GCA_911728475.2,Carabidae,Adephaga,ingroup
Pterostichus_niger,Pterostichus niger,GCA_947425015.1,Carabidae,Adephaga,ingroup
Pterostichus_vernalis,Pterostichus vernalis,GCA_965283465.1,Carabidae,Adephaga,ingroup
Pycnomerus_fuliginosus,Pycnomerus fuliginosus,GCA_963924575.1,Zopheridae,Cucujiformia,ingroup
Pyrochroa_serraticornis,Pyrochroa serraticornis,GCA_905333025.2,Pyrochroidae,Cucujiformia,ingroup
Pyrocoelia_pectoralis,Pyrocoelia pectoralis,GCA_036250285.1,Lampyridae,Elateriformia,ingroup
Quedius_lateralis,Quedius lateralis,GCA_964338995.1,Staphylinidae,Staphyliniformia,ingroup
Radziella_styx,Radziella styx,GCA_979475445.1,Leiodidae,Staphyliniformia,ingroup
Rhagium_mordax,Rhagium mordax,GCA_963680705.1,Cerambycidae,Cucujiformia,ingroup
Rhagonycha_fulva,Rhagonycha fulva,GCA_905340355.1,Cantharidae,Elateriformia,ingroup
Rhagonycha_lignosa,Rhagonycha lignosa,GCA_965212295.1,Cantharidae,Elateriformia,ingroup
Rhagonycha_lutea,Rhagonycha lutea,GCA_958510855.1,Cantharidae,Elateriformia,ingroup
Rhizotrogus_aestivus,Rhizotrogus aestivus,GCA_965643555.1,Scarabaeidae,Scarabaeiformia,ingroup
Rhynchophorus_ferrugineus,Rhynchophorus ferrugineus,GCA_030347505.2,Curculionidae,Cucujiformia,ingroup
Rhyzobius_forestieri,Rhyzobius forestieri,GCA_966185095.1,Coccinellidae,Cucujiformia,ingroup
Rhyzopertha_dominica,Rhyzopertha dominica,GCA_055878605.1,Bostrichidae,Cucujiformia,ingroup
Rutpela_maculata,Rutpela maculata,GCA_936432065.2,Cerambycidae,Cucujiformia,ingroup
Salpingus_planirostris,Salpingus planirostris,GCA_949788335.1,Salpingidae,Cucujiformia,ingroup
Sambus_kanssuensis,Sambus kanssuensis,GCA_047651835.1,Buprestidae,Elateriformia,ingroup
Scaphidium_quadrimaculatum,Scaphidium quadrimaculatum,GCA_965282785.1,Staphylinidae,Staphyliniformia,ingroup
Scarites_abbreviatus,Scarites abbreviatus,GCA_982297035.1,Carabidae,Adephaga,ingroup
Schizotus_pectinicornis,Schizotus pectinicornis,GCA_951805265.1,Pyrochroidae,Cucujiformia,ingroup
Serangium_japonicum,Serangium japonicum,GCA_040543525.2,Coccinellidae,Cucujiformia,ingroup
Serica_brunnea,Serica brunnea,GCA_973946265.1,Scarabaeidae,Scarabaeiformia,ingroup
Serrognathus_titanus,Serrognathus titanus,GCA_039766575.1,Lucanidae,Scarabaeiformia,ingroup
Sialis_fuliginosa,Sialis fuliginosa,GCA_961205875.1,Sialidae,Megaloptera,outgroup
Sialis_lutaria,Sialis lutaria,GCA_949319165.1,Sialidae,Megaloptera,outgroup
Silvanus_unidentatus,Silvanus unidentatus,GCA_963930825.1,Silvanidae,Cucujiformia,ingroup
Sisyphus_schaefferi,Sisyphus schaefferi,GCA_977862225.1,Scarabaeidae,Scarabaeiformia,ingroup
Sisyra_nigra,Sisyra nigra,GCA_958496155.1,Sisyridae,Neuroptera,outgroup
Sisyra_terminalis,Sisyra terminalis,GCA_958496175.1,Sisyridae,Neuroptera,outgroup
Sitona_lineatus,Sitona lineatus,GCA_964263205.1,Curculionidae,Cucujiformia,ingroup
Sitophilus_oryzae,Sitophilus oryzae,GCA_002938485.2,Curculionidae,Cucujiformia,ingroup
Sitophilus_zeamais,Sitophilus zeamais,GCA_047936755.1,Curculionidae,Cucujiformia,ingroup
Sphaeridium_bipustulatum,Sphaeridium bipustulatum,GCA_977013595.1,Hydrophilidae,Staphyliniformia,ingroup
Sphaeroderma_testaceum,Sphaeroderma testaceum,GCA_971796245.1,Chrysomelidae,Cucujiformia,ingroup
Staphylinus_erythropterus,Staphylinus erythropterus,GCA_964211955.1,Staphylinidae,Staphyliniformia,ingroup
Stenocarus_ruficornis,Stenocarus ruficornis,GCA_977017535.1,Curculionidae,Cucujiformia,ingroup
Stenolophus_ochropezus,Stenolophus ochropezus,GCA_035578165.1,Carabidae,Adephaga,ingroup
Stenosis_austini,Stenosis austini,GCA_976980505.1,Tenebrionidae,Cucujiformia,ingroup
Stenurella_melanura,Stenurella melanura,GCA_963583905.1,Cerambycidae,Cucujiformia,ingroup
Stenus_bimaculatus,Stenus bimaculatus,GCA_963971135.1,Staphylinidae,Staphyliniformia,ingroup
Stictoleptura_scutellata,Stictoleptura scutellata,GCA_964212005.1,Cerambycidae,Cucujiformia,ingroup
Subcoccinella_vigintiquattuorpunctata,Subcoccinella vigintiquattuorpunctata,GCA_965783985.1,Coccinellidae,Cucujiformia,ingroup
Tachinus_rufipes,Tachinus rufipes,GCA_963932245.1,Staphylinidae,Staphyliniformia,ingroup
Tachyporus_hypnorum,Tachyporus hypnorum,GCA_965783885.1,Staphylinidae,Staphyliniformia,ingroup
Taeniapion_urticarium,Taeniapion urticarium,GCA_978019935.1,Apionidae,Cucujiformia,ingroup
Taphrorychus_bicolor,Taphrorychus bicolor,GCA_951812265.1,Curculionidae,Cucujiformia,ingroup
Tarphius_canariensis,Tarphius canariensis,GCA_964277315.1,Zopheridae,Cucujiformia,ingroup
Tenebrio_molitor,Tenebrio molitor,GCF_963966145.1,Tenebrionidae,Cucujiformia,ingroup
Tetraopes_melanurus,Tetraopes melanurus,GCA_054850815.1,Cerambycidae,Cucujiformia,ingroup
Tetraopes_sublaevis,Tetraopes sublaevis,GCA_054850805.1,Cerambycidae,Cucujiformia,ingroup
Tetraopes_tetrophthalmus,Tetraopes tetrophthalmus,GCA_054850835.1,Cerambycidae,Cucujiformia,ingroup
Tetropium_fuscum,Tetropium fuscum,GCA_964058775.1,Cerambycidae,Cucujiformia,ingroup
Thanatophilus_sinuatus,Thanatophilus sinuatus,GCA_051122355.1,Silphidae,Staphyliniformia,ingroup
Tillus_elongatus,Tillus elongatus,GCA_964006375.1,Cleridae,Cucujiformia,ingroup
Tomicus_yunnanensis,Tomicus yunnanensis,GCA_054825155.1,Curculionidae,Cucujiformia,ingroup
Tribolium_castaneum,Tribolium castaneum,GCF_031307605.1,Tenebrionidae,Cucujiformia,ingroup
Tribolium_confusum,Tribolium confusum,GCA_029207805.1,Tenebrionidae,Cucujiformia,ingroup
Tribolium_freemani,Tribolium freemani,GCA_939628115.1,Tenebrionidae,Cucujiformia,ingroup
Tribolium_madens,Tribolium madens,GCF_015345945.1,Tenebrionidae,Cucujiformia,ingroup
Trigonoscuta_pilosa,Trigonoscuta pilosa,GCA_046128435.1,Curculionidae,Cucujiformia,ingroup
Trypoxylus_dichotomus,Trypoxylus dichotomus,GCA_023509865.1,Scarabaeidae,Scarabaeiformia,ingroup
Tytthaspis_sedecimpunctata,Tytthaspis sedecimpunctata,GCA_977970285.1,Coccinellidae,Cucujiformia,ingroup
Uleiota_planata,Uleiota planata,GCA_965112455.1,Silvanidae,Cucujiformia,ingroup
Ulomoides_dermestoides,Ulomoides dermestoides,GCA_040954815.1,Tenebrionidae,Cucujiformia,ingroup
Xantholinus_longiventris,Xantholinus longiventris,GCA_978045125.1,Staphylinidae,Staphyliniformia,ingroup
Xanthostigma_xanthostigma,Xanthostigma xanthostigma,GCA_963575645.1,Raphidiidae,Raphidioptera,outgroup
Xestobium_rufovillosum,Xestobium rufovillosum,GCA_963966045.2,Ptinidae,Cucujiformia,ingroup
Xyleborus_affinis,Xyleborus affinis,GCA_046766355.1,Curculionidae,Cucujiformia,ingroup
Xyleborus_bispinatus,Xyleborus bispinatus,GCA_049176215.1,Curculionidae,Cucujiformia,ingroup
Zophobas_atratus,Zophobas atratus,GCA_022388445.1,Tenebrionidae,Cucujiformia,ingroup
Zophobas_morio,Zophobas morio,GCA_027724725.1,Tenebrionidae,Cucujiformia,ingroup
