assembly_accession,species_name,family,assembly_level,genome_size_mb,scaffold_N50,role
GCA_964197645.1,Abax parallelepipedus,Carabidae,Chromosome,596.99,35806512,ingroup
GCA_013368085.1,Abscondita terminalis,Lampyridae,Scaffold,499.65,1220005,ingroup
GCA_034766995.1,Acanthacorydalis orientalis,Corydalidae,Chromosome,547.98,50530519,outgroup
GCA_963669975.1,Acanthoscelides obtectus,Chrysomelidae,Scaffold,1105.07,108704056,ingroup
GCA_964234755.1,Actenicerus siaelandicus,Elateridae,Chromosome,854.91,83355646,ingroup
GCA_977071005.1,Acupalpus dubius,Carabidae,Chromosome,656.07,35587265,ingroup
GCA_981690485.1,Acupalpus parvulus,Carabidae,Chromosome,571.87,28561053,ingroup
GCA_910592335.1,Adalia bipunctata,Coccinellidae,Chromosome,475.27,45869983,ingroup
GCA_951802165.1,Adalia decempunctata,Coccinellidae,Chromosome,489.43,51987084,ingroup
GCA_977014165.1,Adelopsella bosnica,Leiodidae,Chromosome,860.51,50488338,ingroup
GCA_978045345.1,Aegialia arenaria,Scarabaeidae,Chromosome,424.27,43928660,ingroup
GCF_024364675.1,Aethina tumida,Nitidulidae,Chromosome,259.97,36783356,ingroup
GCA_950111635.2,Agelastica alni,Chrysomelidae,Chromosome,692.27,66306276,ingroup
GCA_947534325.1,Agonum fuliginosum,Carabidae,Chromosome,695.89,36153338,ingroup
GCA_982290465.1,Agonum gracile,Carabidae,Chromosome,646.97,33389852,ingroup
GCA_978021445.1,Agonum viduum,Carabidae,Chromosome,583.17,31947219,ingroup
GCA_963921985.1,Agrilus biguttatus,Buprestidae,Chromosome,368.11,34530510,ingroup
GCA_947389935.1,Agrilus cyanescens,Buprestidae,Chromosome,292.34,29744825,ingroup
GCA_055682225.1,Agrilus mali,Buprestidae,Chromosome,291.19,28461508,ingroup
GCF_000699045.2,Agrilus planipennis,Buprestidae,Scaffold,353.06,1113421,ingroup
GCA_044115295.2,Agriotes ferrugineipennis,Elateridae,Scaffold,1230.58,122731983,ingroup
GCA_965788545.1,Agriotes lineatus,Elateridae,Chromosome,2590.71,212198138,ingroup
GCA_041228495.2,Agriotes mancus,Elateridae,Scaffold,2455.02,187609735,ingroup
GCA_040955315.2,Agriotes obscurus,Elateridae,Scaffold,2492.91,19135796,ingroup
GCA_044115325.2,Agriotes sputator,Elateridae,Scaffold,1922.88,1243888664,ingroup
GCA_929113105.1,Agrypnus murinus,Elateridae,Chromosome,1578.51,177293933,ingroup
GCA_963978815.1,Aleochara curtula,Staphylinidae,Chromosome,136.97,13180965,ingroup
GCA_964028335.1,Altica lythri,Chrysomelidae,Chromosome,1003.51,77927963,ingroup
GCA_973350105.1,Amara aenea,Carabidae,Chromosome,880.37,46477551,ingroup
GCA_981560045.1,Amara convexiuscula,Carabidae,Chromosome,742.49,46084974,ingroup
GCA_978120735.1,Amara familiaris,Carabidae,Chromosome,967.78,54555567,ingroup
GCA_965279835.1,Amara ovata,Carabidae,Chromosome,812.77,51698131,ingroup
GCA_964234815.1,Ampedus sanguinolentus,Elateridae,Chromosome,1574.76,146597239,ingroup
GCA_963170755.1,Amphimallon solstitiale,Scarabaeidae,Chromosome,1584.14,150921111,ingroup
GCA_978041785.1,Anaglyptus mysticus,Cerambycidae,Chromosome,938.95,102965239,ingroup
GCA_964243895.1,Anaspis frontalis,Scraptiidae,Chromosome,808.55,99753807,ingroup
GCA_949128115.1,Anaspis maculata,Scraptiidae,Chromosome,757.83,95735550,ingroup
GCA_964204715.1,Anaspis regimbarti,Scraptiidae,Chromosome,457.61,64257360,ingroup
GCA_964188095.1,Anisosticta novemdecimpunctata,Coccinellidae,Chromosome,438.67,38308147,ingroup
GCA_965643755.1,Anobium punctatum,Ptinidae,Chromosome,349.95,36402331,ingroup
GCA_052815205.1,Anoplophora chinensis,Cerambycidae,Chromosome,661.15,44629700,ingroup
GCA_054644005.1,Anoplophora glabripennis,Cerambycidae,Chromosome,705.71,81285179,ingroup
GCA_054644075.1,Anoplophora malasiaca,Cerambycidae,Chromosome,674.34,43907390,ingroup
GCA_965663565.1,Anthobium unicolor,Staphylinidae,Chromosome,359.18,27205651,ingroup
GCA_964258815.1,Anthocomus fasciatus,Melyridae,Chromosome,528.59,54688950,ingroup
GCF_022605725.1,Anthonomus grandis grandis,Curculionidae,Chromosome,697.45,36454210,ingroup
GCA_030068095.1,Anthonomus grandis thurberiae,Curculionidae,Chromosome,738.37,32053755,ingroup
GCA_050242925.2,Anthonomus rubi,Curculionidae,Scaffold,385.68,9984931,ingroup
GCA_978045665.1,Anthroherpon ganglbaueri,Leiodidae,Chromosome,245.27,21074117,ingroup
GCA_963966015.1,Aphidecta obliterata,Coccinellidae,Chromosome,349.56,38804974,ingroup
GCA_964211865.1,Aphodius fimetarius,Scarabaeidae,Chromosome,1343.38,78759060,ingroup
GCA_963971325.1,Aphodius granarius,Scarabaeidae,Chromosome,397.2,24500248,ingroup
GCA_963966075.1,Aphodius sticticus,Scarabaeidae,Chromosome,628.43,79043068,ingroup
GCA_978018165.1,Aplotarsus incanus,Elateridae,Chromosome,694.43,66135170,ingroup
GCA_911728435.2,Apoderus coryli,Attelabidae,Chromosome,428.06,23694900,ingroup
GCA_035610365.1,Aquatica leii,Lampyridae,Chromosome,1036.91,125648631,ingroup
GCA_046563155.1,Arhopalus rusticus,Cerambycidae,Chromosome,1232.51,125011761,ingroup
GCA_045514315.1,Arhopalus unicolor,Cerambycidae,Chromosome,1224.89,161702413,ingroup
GCA_965642075.1,Aromia moschata,Cerambycidae,Chromosome,738.97,60918734,ingroup
GCA_963576565.1,Aspidapion aeneum,Apionidae,Chromosome,1286.16,125843654,ingroup
GCA_978258735.1,Attagenus pellio,Dermestidae,Chromosome,365.43,37754977,ingroup
GCA_051251045.1,Aulacophora lewisii,Chrysomelidae,Chromosome,1642.79,55131139,ingroup
GCA_963991005.1,Barypeithes pellucidus,Curculionidae,Chromosome,743.71,67615637,ingroup
GCA_979853965.1,Bathyscidius tristiculus,Leiodidae,Chromosome,488.12,34462195,ingroup
GCA_052815245.1,Batocera lineolata,Cerambycidae,Chromosome,327.96,34454300,ingroup
GCA_966183525.1,Betulapion simile,Apionidae,Chromosome,1089.72,97768225,ingroup
GCA_965194465.1,Biphyllus lunatus,Biphyllidae,Chromosome,421.11,23050102,ingroup
GCA_964656825.2,Bitoma crenata,Zopheridae,Chromosome,154.47,17562620,ingroup
GCA_042257705.1,Blaps rhynchoptera,Tenebrionidae,Chromosome,379.24,22033018,ingroup
GCA_035578155.1,Brachynemurus nebulosus,Myrmeleontidae,Scaffold,960.12,50618552,outgroup
GCA_958510825.1,Brachypterus glaber,Kateretidae,Chromosome,648.27,55111238,ingroup
GCA_921294245.1,Brassicogethes aeneus,Nitidulidae,Chromosome,585.28,61642216,ingroup
GCA_040580785.1,Brontispa longissima,Chrysomelidae,Chromosome,574.56,64566028,ingroup
GCA_949316355.1,Bruchidius siliquastri,Chrysomelidae,Chromosome,375.57,39857073,ingroup
GCA_964204745.1,Bruchidius varius,Chrysomelidae,Chromosome,1210.03,128549679,ingroup
GCA_965643515.1,Bruchidius villosus,Chrysomelidae,Chromosome,972.79,100418657,ingroup
GCA_978122415.1,Calathus fuscipes,Carabidae,Chromosome,1037.85,57823483,ingroup
GCA_966096355.1,Calathus melanocephalus,Carabidae,Chromosome,966.57,51750563,ingroup
GCA_040182625.1,Callosobruchus maculatus,Chrysomelidae,Chromosome,1222.63,117707481,ingroup
GCA_977063495.1,Calodromius spilotus,Carabidae,Chromosome,992.29,76300743,ingroup
GCA_022063505.1,Calosoma granatense,Carabidae,Scaffold,167.87,5661974,ingroup
GCA_044734075.1,Calosoma tepidum,Carabidae,Scaffold,256.96,6606476,ingroup
GCA_044734065.1,Calosoma wilkesii,Carabidae,Scaffold,220.97,13106759,ingroup
GCA_964059645.1,Calvia quattuordecimguttata,Coccinellidae,Chromosome,844.4,92850860,ingroup
GCA_965642435.1,Cantharis decipiens,Cantharidae,Chromosome,355.23,34757274,ingroup
GCA_949152465.1,Cantharis flavilabris,Cantharidae,Chromosome,348.29,47548398,ingroup
GCA_963170105.1,Cantharis lateralis,Cantharidae,Chromosome,332.18,43798968,ingroup
GCA_958510845.1,Cantharis nigra,Cantharidae,Chromosome,397.8,41397323,ingroup
GCA_978407175.1,Cantharis pallida,Cantharidae,Chromosome,464.23,51773863,ingroup
GCA_947369205.1,Cantharis rufa,Cantharidae,Chromosome,355.31,50306085,ingroup
GCA_911387805.1,Cantharis rustica,Cantharidae,Chromosome,445.92,57811309,ingroup
GCA_054832385.1,Canthon chalcites,Scarabaeidae,Scaffold,555.82,2284547,ingroup
GCA_964291765.2,Carabus banonii,Carabidae,Chromosome,207.77,14906334,ingroup
GCA_050785175.1,Carabus blaptoides fortunei,Carabidae,Scaffold,187.95,2655912,ingroup
GCA_054785535.1,Carabus esakii,Carabidae,Scaffold,193.16,2023420,ingroup
GCA_977790985.1,Carabus nemoralis,Carabidae,Chromosome,237.44,13108008,ingroup
GCA_963422195.1,Carabus problematicus,Carabidae,Chromosome,253.95,17524069,ingroup
GCA_977013385.1,Carabus staehlini,Carabidae,Chromosome,203.42,14444430,ingroup
GCA_963920755.1,Cartodere bifasciata,Latridiidae,Chromosome,178.08,20851529,ingroup
GCA_051362485.1,Catharsius molossus,Scarabaeidae,Chromosome,1536.64,164062652,ingroup
GCA_965642125.1,Catops nigricans,Leiodidae,Chromosome,209.7,18718905,ingroup
GCA_965287095.1,Cedrorum azoricus,Carabidae,Chromosome,567.88,28853378,ingroup
GCA_949128085.1,Cetonia aurata,Scarabaeidae,Chromosome,479.63,45601692,ingroup
GCA_917834065.1,Ceutorhynchus assimilis,Curculionidae,Chromosome,674.95,55466945,ingroup
GCA_965178145.1,Ceutorhynchus obstrictus,Curculionidae,Chromosome,728.81,56416078,ingroup
GCA_965653155.1,Chaetocnema hortensis,Chrysomelidae,Chromosome,384.62,40798368,ingroup
GCA_038088585.1,Chrysina gloriosa,Scarabaeidae,Chromosome,642.27,72353455,ingroup
GCA_958502065.1,Chrysolina americana,Chrysomelidae,Chromosome,980.57,89349863,ingroup
GCA_964197785.1,Chrysolina graminis,Chrysomelidae,Chromosome,1467.2,131681018,ingroup
GCA_958298965.1,Chrysolina haemoptera,Chrysomelidae,Chromosome,718.3,35485444,ingroup
GCA_979300175.1,Chrysolina herbacea,Chrysomelidae,Chromosome,1277.23,117810277,ingroup
GCA_982264245.1,Chrysolina hyperici,Chrysomelidae,Chromosome,731.51,39449835,ingroup
GCA_944452925.2,Chrysolina oricalcia,Chrysomelidae,Chromosome,1423.44,69622592,ingroup
GCA_029955515.1,Chrysomela aeneicollis,Chrysomelidae,Scaffold,570.34,20156593,ingroup
GCA_965642295.1,Chrysomela populi,Chrysomelidae,Chromosome,546.98,35876596,ingroup
GCA_965121785.1,Chrysomela saliceti,Chrysomelidae,Chromosome,738.63,45385673,ingroup
GCA_020423425.1,Chrysopa pallens,Chrysopidae,Chromosome,538.35,89781665,outgroup
GCF_905475395.1,Chrysoperla carnea,Chrysopidae,Chromosome,560.23,94407144,outgroup
GCA_040669965.1,Chrysoperla zastrowi sillemi,Chrysopidae,Scaffold,597.59,90650320,outgroup
GCA_977930235.1,Cis bilamellatus,Ciidae,Chromosome,249.05,26646925,ingroup
GCA_963966155.1,Clivina fossor,Carabidae,Chromosome,612.6,24002212,ingroup
GCA_965178175.1,Coccidula rufa,Coccinellidae,Chromosome,1068.72,120539302,ingroup
GCA_965644565.1,Coccinella magnifica,Coccinellidae,Chromosome,498.77,43533345,ingroup
GCF_907165205.1,Coccinella septempunctata,Coccinellidae,Chromosome,398.85,41442133,ingroup
GCA_053478235.1,Coccinella transversoguttata,Coccinellidae,Chromosome,416.88,42967107,ingroup
GCA_979606585.1,Coelostoma orbiculare,Hydrophilidae,Chromosome,750.99,53784477,ingroup
GCA_964656385.1,Colydium elongatum,Zopheridae,Chromosome,450.16,52950275,ingroup
GCA_976988905.1,Conwentzia psociformis,Coniopterygidae,Chromosome,99.6,13725290,outgroup
GCA_965645225.1,Crepidodera aurata,Chrysomelidae,Chromosome,840.27,61645881,ingroup
GCA_949320105.2,Crepidodera aurea,Chrysomelidae,Chromosome,508.96,76910125,ingroup
GCA_965615805.1,Crepidodera fulvicornis,Chrysomelidae,Chromosome,493.21,123137060,ingroup
GCA_958507055.1,Crioceris asparagi,Chrysomelidae,Chromosome,639.28,90622434,ingroup
GCA_978018155.1,Crudosilis ruficollis,Cantharidae,Chromosome,1193.65,101876541,ingroup
GCA_946251905.1,Cryptocephalus moraei,Chrysomelidae,Chromosome,500.54,35831563,ingroup
GCA_963576515.1,Cryptocephalus primarius,Chrysomelidae,Chromosome,370.99,15602051,ingroup
GCA_965663585.1,Cryptocephalus pusillus,Chrysomelidae,Chromosome,312.95,20342572,ingroup
GCA_013387265.2,Cryptolaemus montrouzieri,Coccinellidae,Scaffold,988.02,101224041,ingroup
GCA_963556235.1,Cryptophagus acutangulus,Cryptophagidae,Chromosome,177.32,9223670,ingroup
GCA_965641385.1,Cryptorhynchus lapathi,Curculionidae,Chromosome,478.88,27190077,ingroup
GCA_958336395.1,Ctenicera cuprea,Elateridae,Chromosome,647.67,60302015,ingroup
GCA_051047995.1,Curculio caryae,Curculionidae,Chromosome,2169.79,186897725,ingroup
GCA_965648435.1,Curculio glandium,Curculionidae,Chromosome,1121.34,99310684,ingroup
GCF_029955315.1,Cylas formicarius,Brentidae,Scaffold,391.1,36172098,ingroup
GCA_030157275.1,Cynaeus angustus,Tenebrionidae,Chromosome,236.99,24549988,ingroup
GCA_965183915.1,Dailognatha quadricollis,Tenebrionidae,Chromosome,524.07,23571702,ingroup
GCA_965112895.1,Dalopius marginatus,Elateridae,Chromosome,831.21,57945030,ingroup
GCA_025399875.3,Dalotia coriaria,Staphylinidae,Scaffold,193.88,8658950,ingroup
GCA_949768715.1,Dascillus cervinus,Dascillidae,Chromosome,282.73,33150389,ingroup
GCA_028583605.1,Dastarcus helophoroides,Bothrideridae,Chromosome,538.9,42556189,ingroup
GCA_965152765.1,Dendarus foraminosus,Tenebrionidae,Chromosome,593.95,51873200,ingroup
GCA_040113315.1,Dendroctonus frontalis,Curculionidae,Chromosome,173.6,24829404,ingroup
GCA_020466585.2,Dendroctonus ponderosae,Curculionidae,Scaffold,223.6,16553750,ingroup
GCA_024550625.1,Dendroctonus valens,Curculionidae,Scaffold,322.41,1658008,ingroup
GCA_964205235.1,Denticollis linearis,Elateridae,Chromosome,1601.18,141621488,ingroup
GCA_918026665.1,Diabrotica balteata,Chrysomelidae,Chromosome,1607.26,161557722,ingroup
GCF_040954645.1,Diabrotica undecimpunctata,Chrysomelidae,Chromosome,1742.96,162785928,ingroup
GCF_917563875.1,Diabrotica virgifera virgifera,Chrysomelidae,Chromosome,2533.4,264456228,ingroup
GCA_963583935.1,Diaperis boleti,Tenebrionidae,Chromosome,542.62,59236001,ingroup
GCA_043773905.1,Dicheirus dilatatus,Carabidae,Scaffold,698.48,13591923,ingroup
GCA_036711955.1,Digitonthophagus gazella,Scarabaeidae,Scaffold,340.79,33022298,ingroup
GCA_029229535.1,Diorhabda carinata,Chrysomelidae,Chromosome,449.9,40205471,ingroup
GCA_026250575.2,Diorhabda carinulata,Chrysomelidae,Chromosome,415.37,34144059,ingroup
GCA_026230145.1,Diorhabda elongata,Chrysomelidae,Chromosome,485.34,39189703,ingroup
GCF_026230105.1,Diorhabda sublineata,Chrysomelidae,Chromosome,456.22,38450617,ingroup
GCA_975146085.1,Diplocoelus fagi,Biphyllidae,Chromosome,1695.92,53417606,ingroup
GCA_027575565.1,Diploeciton nevermanni,Staphylinidae,Scaffold,110.46,2928743,ingroup
GCA_055671715.1,Distenia gracilis,Cerambycidae,Chromosome,1835.74,203499518,ingroup
GCA_052550795.1,Donacia provostii,Chrysomelidae,Scaffold,1760.45,28576334,ingroup
GCA_033060865.1,Dorcus hopei,Lucanidae,Chromosome,520.71,57259251,ingroup
GCA_958336345.1,Dorcus parallelipipedus,Lucanidae,Chromosome,470.88,48965044,ingroup
GCA_052815825.1,Dorysthenes granulosus,Cerambycidae,Chromosome,1008.06,81492938,ingroup
GCA_973896625.1,Drilus flavescens,Elateridae,Chromosome,1008.85,95407609,ingroup
GCA_963989225.1,Dromius quadrimaculatus,Carabidae,Chromosome,778.78,60826853,ingroup
GCA_965644065.1,Drusilla canaliculata,Staphylinidae,Chromosome,342.07,31642575,ingroup
GCA_029619325.2,Dynastes grantii,Scarabaeidae,Scaffold,678.74,57874787,ingroup
GCA_051939005.1,Dynastes hercules hercules,Scarabaeidae,Scaffold,770.98,78984168,ingroup
GCA_051938985.1,Dynastes hercules paschoali,Scarabaeidae,Scaffold,689.65,74811385,ingroup
GCA_051939025.1,Dynastes hercules reidi,Scarabaeidae,Scaffold,837.13,66686056,ingroup
GCA_051938965.1,Dynastes hercules septentrionalis,Scarabaeidae,Scaffold,680.27,72960292,ingroup
GCA_029619255.2,Dynastes hyllus,Scarabaeidae,Scaffold,621.81,52444804,ingroup
GCA_029619315.2,Dynastes maya,Scarabaeidae,Scaffold,719.21,59779349,ingroup
GCA_029618875.2,Dynastes tityus,Scarabaeidae,Scaffold,708.72,58841846,ingroup
GCA_964023215.2,Eledona agricola,Tenebrionidae,Chromosome,358.83,22633678,ingroup
GCA_947652605.1,Elmis aenea,Elmidae,Chromosome,516.5,60347194,ingroup
GCA_977013105.1,Endomychus armeniacus,Endomychidae,Chromosome,577.67,63483907,ingroup
GCA_958510875.1,Endomychus coccineus,Endomychidae,Chromosome,906.43,202803143,ingroup
GCA_040894065.1,Eucryptorrhynchus brandti,Curculionidae,Chromosome,401.81,21023917,ingroup
GCA_046736385.1,Eucryptorrhynchus scrobiculatus,Curculionidae,Chromosome,318.25,17602443,ingroup
GCA_965643585.1,Eulagius filicornis,Mycetophagidae,Chromosome,160.71,12507011,ingroup
GCF_040115645.1,Euwallacea fornicatus,Curculionidae,Chromosome,219.83,3845785,ingroup
GCF_039881205.1,Euwallacea similis,Curculionidae,Chromosome,177.6,5137944,ingroup
GCA_963921935.1,Galeruca laticollis,Chrysomelidae,Chromosome,2154.56,231279273,ingroup
GCA_963978555.1,Galerucella nymphaeae,Chrysomelidae,Chromosome,350.17,20508763,ingroup
GCA_980434365.1,Galerucella sagittariae,Chrysomelidae,Chromosome,387.45,20842178,ingroup
GCA_963576655.1,Gastrophysa polygoni,Chrysomelidae,Chromosome,369.75,30539640,ingroup
GCA_965641405.1,Gastrophysa viridula,Chrysomelidae,Chromosome,349.62,24941671,ingroup
GCA_959613385.1,Geotrupes spiniger,Geotrupidae,Chromosome,580.57,43979978,ingroup
GCA_029298725.1,Gnatocerus cornutus,Tenebrionidae,Chromosome,342.67,17438670,ingroup
GCA_977014565.1,Gonodera luperus,Tenebrionidae,Chromosome,327.52,53773301,ingroup
GCA_978019395.1,Graciliella metohijensis,Leiodidae,Chromosome,243.22,18044559,ingroup
GCA_964332215.1,Grammoptera ruficornis,Cerambycidae,Chromosome,431.59,36796261,ingroup
GCA_964656865.1,Grypus equiseti,Erirhinidae,Chromosome,779.27,84483945,ingroup
GCA_965648495.1,Hallomenus binotatus,Tetratomidae,Chromosome,204.88,19143717,ingroup
GCA_937662695.2,Halyzia sedecimguttata,Coccinellidae,Chromosome,919.09,111009446,ingroup
GCF_914767665.1,Harmonia axyridis,Coccinellidae,Chromosome,425.52,63675256,ingroup
GCA_965642415.1,Harmonia quadripunctata,Coccinellidae,Chromosome,661.31,89500714,ingroup
GCA_965601895.1,Harpalus anxius,Carabidae,Chromosome,1066.24,58613874,ingroup
GCA_963082715.1,Harpalus rubripes,Carabidae,Chromosome,1253.23,66357049,ingroup
GCA_951394225.1,Harpalus rufipes,Carabidae,Chromosome,890.54,52722989,ingroup
GCA_963082805.1,Hemicrepidius hirtus,Elateridae,Chromosome,377.55,35742776,ingroup
GCA_951812935.1,Hermaeophaga mercurialis,Chrysomelidae,Chromosome,479.39,47101683,ingroup
GCA_981691985.1,Herpes porcellus,Curculionidae,Chromosome,775.83,55530766,ingroup
GCA_038502775.1,Hippodamia convergens,Coccinellidae,Chromosome,619.23,89672818,ingroup
GCA_046424425.1,Hippodamia variegata,Coccinellidae,Chromosome,443.72,43576503,ingroup
GCA_963695495.2,Hololepta plana,Histeridae,Chromosome,139.51,14286131,ingroup
GCA_023690525.1,Holotrichia oblita,Scarabaeidae,Chromosome,1415.11,159026469,ingroup
GCA_051167335.1,Hycleus marcipoli,Meloidae,Chromosome,111.45,10223839,ingroup
GCA_965643735.1,Hypera rumicis,Curculionidae,Chromosome,1773.45,205520964,ingroup
GCA_041296355.1,Hypothenemus hampei,Curculionidae,Scaffold,172.63,13972216,ingroup
GCA_052863015.1,Ichthyurus bourgeoisi,Cantharidae,Chromosome,664.72,98116930,ingroup
GCA_018691245.2,Ips nitidus,Curculionidae,Chromosome,231.41,16438241,ingroup
GCA_976954535.1,Ips sexdentatus,Curculionidae,Chromosome,284.38,28052552,ingroup
GCA_016097725.2,Ips typographus,Curculionidae,Chromosome,224.98,12144430,ingroup
GCA_043790905.1,Kibakoganea sinica,Scarabaeidae,Chromosome,601.44,60227683,ingroup
GCA_046237675.1,Kibakoganea tamdaoensis,Scarabaeidae,Chromosome,605.33,61839633,ingroup
GCA_964211925.1,Kyklioacalles roboris,Curculionidae,Chromosome,698.93,30383510,ingroup
GCA_051313465.2,Labidomera clivicollis,Chrysomelidae,Scaffold,979.02,45069713,ingroup
GCA_965654275.1,Laccobius striatulus,Hydrophilidae,Chromosome,1060.83,127248362,ingroup
GCA_947359425.1,Lagria hirta,Tenebrionidae,Chromosome,336.77,31908519,ingroup
GCA_976997085.1,Laparocerus anagae,Curculionidae,Chromosome,481.68,55302066,ingroup
GCA_041228525.2,Larinus minutus,Curculionidae,Scaffold,1419.17,58633535,ingroup
GCA_977012605.1,Larinus planus,Curculionidae,Chromosome,1137.81,59970235,ingroup
GCA_979861375.2,Larinus ursus,Curculionidae,Chromosome,1742.28,86231057,ingroup
GCA_976916715.1,Lasiorhynchites cavifrons,Attelabidae,Chromosome,1354.93,252295237,ingroup
GCA_030157265.1,Latheticus oryzae,Tenebrionidae,Chromosome,170.05,16486265,ingroup
GCA_965240315.1,Lathrobium brunnipes,Staphylinidae,Chromosome,465.5,42629934,ingroup
GCA_965260835.1,Leiosoma deflexum,Curculionidae,Chromosome,628.17,42277763,ingroup
GCA_965644575.1,Leistus fulvibarbis,Carabidae,Chromosome,261.71,6924332,ingroup
GCA_966112595.1,Leistus rufomarginatus,Carabidae,Chromosome,264.39,14695566,ingroup
GCA_933228885.1,Leistus spinibarbis,Carabidae,Chromosome,235.12,11648774,ingroup
GCA_978019415.1,Leonhardella angulicollis,Leiodidae,Chromosome,493.27,44176098,ingroup
GCA_024712935.1,Leptinotarsa decemlineata,Chrysomelidae,Chromosome,1008.32,58315169,ingroup
GCA_947310635.1,Leptodirus hochenwartii,Leiodidae,Chromosome,492.36,37274531,ingroup
GCA_963675555.1,Leptura quadrifasciata,Cerambycidae,Chromosome,1403.94,166347592,ingroup
GCA_965644545.1,Lesteva pubescens,Staphylinidae,Chromosome,984.73,103271849,ingroup
GCA_975739945.1,Lesteva punctata,Staphylinidae,Chromosome,1256.74,133440658,ingroup
GCA_051989325.1,Lethrus apterus,Geotrupidae,Scaffold,293.02,1378308,ingroup
GCA_046866795.1,Librodor japonicus,Nitidulidae,Chromosome,816.92,77843278,ingroup
GCA_965119595.1,Limonius poneli,Elateridae,Chromosome,1351.61,136717598,ingroup
GCA_978021545.1,Liophloeus tessulatus,Curculionidae,Chromosome,1199.43,131213107,ingroup
GCA_963971575.1,Liopterus haemorrhoidalis,Dytiscidae,Chromosome,1020.11,65667942,ingroup
GCA_949126875.1,Lochmaea capreae,Chrysomelidae,Chromosome,534.67,31551978,ingroup
GCA_947563755.1,Lochmaea crataegi,Chrysomelidae,Chromosome,891.28,53024378,ingroup
GCA_965178105.1,Longitarsus dorsalis,Chrysomelidae,Chromosome,1034.95,66341637,ingroup
GCA_964258785.1,Longitarsus flavicornis,Chrysomelidae,Chromosome,1128.25,68774571,ingroup
GCA_963942505.1,Lordithon lunulatus,Staphylinidae,Chromosome,674.37,56801317,ingroup
GCA_050437245.1,Lucanus miwai,Lucanidae,Scaffold,474.98,47663170,ingroup
GCA_054859625.1,Luciola italica,Lampyridae,Chromosome,1210.01,126850412,ingroup
GCA_965663545.1,Magdalis barbicornis,Curculionidae,Chromosome,1457.47,66004839,ingroup
GCA_965642045.1,Magdalis cerasi,Curculionidae,Chromosome,1665.1,77827345,ingroup
GCA_910589415.1,Malachius bipustulatus,Melyridae,Chromosome,544.24,56302816,ingroup
GCA_950108345.1,Malthinus flaveolus,Cantharidae,Chromosome,236.7,36462998,ingroup
GCA_963924605.1,Malthinus seriepunctatus,Cantharidae,Chromosome,338.81,55191692,ingroup
GCA_965119235.1,Malthodes marginatus,Cantharidae,Chromosome,343.82,44463143,ingroup
GCA_964263285.1,Malthodes minimus,Cantharidae,Chromosome,583.6,89909434,ingroup
GCA_902655005.2,Marronus borbonicus,Scarabaeidae,Scaffold,441.47,12419137,ingroup
GCA_034642435.1,Megalocaria dilatata,Coccinellidae,Chromosome,767.67,72475326,ingroup
GCA_965643495.1,Megatoma undata,Dermestidae,Chromosome,417.16,40739288,ingroup
GCA_963082815.1,Melanotus villosus,Elateridae,Chromosome,803.47,80210941,ingroup
GCA_964023965.1,Melinopterus prodromus,Scarabaeidae,Chromosome,645.61,66599450,ingroup
GCA_935421215.2,Melolontha melolontha,Scarabaeidae,Chromosome,1656.87,180468607,ingroup
GCA_965282865.1,Metoecus paradoxus,Ripiphoridae,Chromosome,100.37,14268511,ingroup
GCA_047833675.1,Micromus angulatus,Hemerobiidae,Scaffold,1288.58,63778160,outgroup
GCA_965643785.1,Microrhagus pygmaeus,Eucnemidae,Chromosome,320.8,28484166,ingroup
GCA_039654895.1,Mongoloraphidia duomilia,Raphidiidae,Chromosome,648.14,53499616,outgroup
GCA_037114965.1,Monochamus alternatus,Cerambycidae,Chromosome,789.5,86209243,ingroup
GCA_025584915.1,Monochamus saltuarius,Cerambycidae,Chromosome,682.22,73685592,ingroup
GCA_052862855.1,Monochamus scutellatus,Cerambycidae,Chromosome,813.23,87924993,ingroup
GCA_052757275.1,Monochamus sutor,Cerambycidae,Complete Genome,789.93,88393016,ingroup
GCA_045514875.1,Monolepta hieroglyphica,Chrysomelidae,Chromosome,2294.53,264114328,ingroup
GCA_977066395.1,Mononychus punctumalbum,Curculionidae,Chromosome,384.61,31290284,ingroup
GCA_977065965.1,Monotoma picipes,Monotomidae,Chromosome,183.09,11246844,ingroup
GCA_977013095.1,Morimus asper,Cerambycidae,Chromosome,884.71,66557124,ingroup
GCA_976714775.1,Morimus orientalis,Cerambycidae,Chromosome,900.77,67096688,ingroup
GCA_977112535.1,Mycetophagus atomarius,Mycetophagidae,Chromosome,140.05,14289502,ingroup
GCA_965642255.1,Mycetophagus piceus,Mycetophagidae,Chromosome,169.61,16108877,ingroup
GCA_977015545.1,Mylabris quadripunctata,Meloidae,Chromosome,190.36,19246236,ingroup
GCA_039776855.1,Mylabris sibirica,Meloidae,Chromosome,138.45,13838200,ingroup
GCA_958510865.1,Myrrha octodecimguttata,Coccinellidae,Chromosome,769.89,72739419,ingroup
GCA_965279825.1,Nacerdes melanura,Oedemeridae,Chromosome,530.9,65472910,ingroup
GCA_051225655.1,Nadezhdiella cantori,Cerambycidae,Chromosome,737.74,87904585,ingroup
GCA_965649385.1,Nalassus laevioctostriatus,Tenebrionidae,Chromosome,534.57,51132463,ingroup
GCA_944738965.1,Nebria brevicollis,Carabidae,Chromosome,241.91,13798286,ingroup
GCA_944039245.1,Nebria salina,Carabidae,Chromosome,256.72,11282846,ingroup
GCA_977969715.1,Nedyus quadrimaculatus,Curculionidae,Chromosome,1228.32,67122161,ingroup
GCA_963243735.1,Neocrepidodera transversa,Chrysomelidae,Chromosome,671.3,29279830,ingroup
GCA_029203775.1,Neoneuromus ignobilis,Corydalidae,Chromosome,481.44,54502284,outgroup
GCA_963457615.1,Nicrophorus investigator,Silphidae,Chromosome,202.27,28407949,ingroup
GCA_963920215.1,Nineta flava,Chrysopidae,Chromosome,732.34,119373907,outgroup
GCA_965240235.1,Nothochrysa capitata,Chrysopidae,Chromosome,688.43,61893665,outgroup
GCA_965642445.1,Notiophilus biguttatus,Carabidae,Chromosome,490.36,22792868,ingroup
GCA_965276455.1,Notoxus monoceros,Anthicidae,Chromosome,1173.06,130424048,ingroup
GCA_034190945.1,Octodonta nipae,Chrysomelidae,Chromosome,1303.76,148600573,ingroup
GCA_910593695.2,Ocypus olens,Staphylinidae,Chromosome,1083.85,57303393,ingroup
GCA_965282375.1,Ocys tachysoides,Carabidae,Chromosome,493.76,44569281,ingroup
GCA_049462965.1,Odontolabis cuvera,Lucanidae,Chromosome,908.07,65358025,ingroup
GCA_979846555.1,Oedemera lurida,Oedemeridae,Chromosome,1284.76,88392728,ingroup
GCA_963969525.1,Ontholestes murinus,Staphylinidae,Chromosome,1023.31,74692260,ingroup
GCA_054643895.1,Onthophagus binodis,Scarabaeidae,Chromosome,950.48,110368079,ingroup
GCA_036711965.1,Onthophagus sagittarius,Scarabaeidae,Scaffold,553.2,67799835,ingroup
GCF_036711975.1,Onthophagus taurus,Scarabaeidae,Chromosome,290.86,33174080,ingroup
GCA_943142095.1,Ophonus ardosiacus,Carabidae,Chromosome,911.9,52059326,ingroup
GCA_035357415.1,Ophraella communa,Chrysomelidae,Chromosome,733.13,45027102,ingroup
GCA_964338635.1,Opilo mollis,Cleridae,Chromosome,1597.79,173272706,ingroup
GCA_965642315.1,Orchesia undulata,Melandryidae,Chromosome,226.79,26832798,ingroup
GCA_958502075.1,Orchestes rusci,Curculionidae,Chromosome,624.02,81830918,ingroup
GCA_902654985.2,Oryctes borbonicus,Scarabaeidae,Scaffold,428.25,8361481,ingroup
GCA_020654165.1,Oryctes rhinoceros,Scarabaeidae,Scaffold,377.36,10697081,ingroup
GCA_977109365.1,Osmylus fulvicephalus,Osmylidae,Chromosome,674.68,116168846,outgroup
GCA_951805005.1,Othius punctulatus,Staphylinidae,Chromosome,870.45,97110198,ingroup
GCA_982191755.1,Otiorhynchus rugosostriatus,Curculionidae,Chromosome,397.5,13769150,ingroup
GCA_963921995.1,Oxystoma pomonae,Apionidae,Chromosome,1174.34,115244409,ingroup
GCA_965118235.1,Pachyrhinus lethierryi,Curculionidae,Chromosome,619.57,55447666,ingroup
GCA_019049505.1,Pachyrhynchus sulphureomaculatus,Curculionidae,Chromosome,2051.39,215921627,ingroup
GCA_978046105.1,Paederus riparius,Staphylinidae,Chromosome,1201.41,68032290,ingroup
GCA_963942485.1,Pediacus dermestoides,Cucujidae,Chromosome,235.02,31898251,ingroup
GCA_979016925.1,Phaedon cochleariae,Chrysomelidae,Chromosome,936.67,60504008,ingroup
GCA_977013135.1,Phaleria cadaverina,Tenebrionidae,Chromosome,367.34,22616628,ingroup
GCA_054832365.1,Phanaeus vindex,Scarabaeidae,Scaffold,409.25,21796443,ingroup
GCA_932526585.2,Philonthus cognatus,Staphylinidae,Chromosome,1030.55,108863099,ingroup
GCA_963082785.1,Philonthus spinipes,Staphylinidae,Chromosome,671.06,27346300,ingroup
GCA_963971165.1,Philopedon plagiatum,Curculionidae,Chromosome,1080.33,132169332,ingroup
GCA_944588485.1,Phosphuga atrata,Silphidae,Chromosome,1199.98,74247030,ingroup
GCF_008802855.1,Photinus pyralis,Lampyridae,Scaffold,471.51,47017841,ingroup
GCA_977071015.1,Phratora vitellinae,Chrysomelidae,Chromosome,565.07,33983073,ingroup
GCA_965654255.1,Phyllobius argentatus,Curculionidae,Chromosome,977.77,84168171,ingroup
GCA_980746795.1,Phyllobius pyri,Curculionidae,Chromosome,748.11,73663449,ingroup
GCA_965643005.1,Phyllobius virideaeris,Curculionidae,Chromosome,1178.12,104084948,ingroup
GCA_917563865.1,Phyllotreta cruciferae,Chrysomelidae,Chromosome,135.12,7733062,ingroup
GCA_918026865.1,Phyllotreta striolata,Chrysomelidae,Chromosome,132.26,8716334,ingroup
GCA_037013635.1,Plagiodera versicolora,Chrysomelidae,Chromosome,233.27,13925967,ingroup
GCA_978021435.1,Platydracus latebricola,Staphylinidae,Chromosome,1396.24,96449528,ingroup
GCA_949748235.1,Platypus cylindrus,Curculionidae,Chromosome,147.46,15234454,ingroup
GCA_977061565.1,Platyrhinus resinosus,Anthribidae,Chromosome,764.04,77122923,ingroup
GCA_964106875.1,Platystomos albinus,Anthribidae,Chromosome,555.31,69355648,ingroup
GCA_932274525.1,Podabrus alpinus,Cantharidae,Chromosome,777.24,103283173,ingroup
GCA_980253055.1,Podagrica fuscicornis,Chrysomelidae,Chromosome,1948.97,110818420,ingroup
GCA_963942605.1,Poecilus cupreus,Carabidae,Chromosome,748.48,28467149,ingroup
GCA_963924545.1,Pogonocherus hispidulus,Cerambycidae,Chromosome,704.44,68278649,ingroup
GCA_935413205.1,Polydrusus cervinus,Curculionidae,Chromosome,713.36,72832772,ingroup
GCA_977013515.1,Polydrusus impressifrons,Curculionidae,Chromosome,567.1,51561373,ingroup
GCA_963969555.1,Polydrusus pterygomalis,Curculionidae,Chromosome,1051.55,123839857,ingroup
GCA_963920685.1,Polydrusus tereticollis,Curculionidae,Chromosome,1396.11,146058287,ingroup
GCA_042919845.1,Popillia japonica,Scarabaeidae,Scaffold,565.09,69799175,ingroup
GCA_965648515.1,Prionocyphon serricornis,Scirtidae,Chromosome,433.11,39608670,ingroup
GCA_965112505.1,Prionychus ater,Tenebrionidae,Chromosome,385.22,31509337,ingroup
GCA_054205895.1,Promethis valgipes,Tenebrionidae,Chromosome,212.13,21661016,ingroup
GCA_977019095.1,Propomacrus cypriacus,Glaphyridae,Chromosome,511.28,57489177,ingroup
GCA_013421045.1,Propylea japonica,Coccinellidae,Chromosome,851.23,100336366,ingroup
GCA_976925235.1,Propylea quattuordecimpunctata,Coccinellidae,Chromosome,579.3,62243796,ingroup
GCA_036172665.1,Prosopocoilus inquinatus,Lucanidae,Chromosome,649.73,59502677,ingroup
GCA_051903415.1,Protaetia brevitarsis,Scarabaeidae,Chromosome,676.43,77620261,ingroup
GCA_963920635.1,Pseudeuparius sepicola,Anthribidae,Chromosome,769.06,68511602,ingroup
GCA_965601595.1,Pseudocistela ceramboides,Tenebrionidae,Chromosome,356.59,24545939,ingroup
GCA_927349885.1,Psylliodes chrysocephalus,Chrysomelidae,Chromosome,1181.81,86653508,ingroup
GCA_976289695.1,Pterostichus diligens,Carabidae,Chromosome,572.07,36590417,ingroup
GCA_911728475.2,Pterostichus madidus,Carabidae,Chromosome,705.13,37879541,ingroup
GCA_947425015.1,Pterostichus niger,Carabidae,Chromosome,674.08,36870366,ingroup
GCA_965283465.1,Pterostichus vernalis,Carabidae,Chromosome,972.28,16293436,ingroup
GCA_963924575.1,Pycnomerus fuliginosus,Zopheridae,Chromosome,359.22,37944690,ingroup
GCA_905333025.2,Pyrochroa serraticornis,Pyrochroidae,Chromosome,249.4,37181734,ingroup
GCA_036250285.1,Pyrocoelia pectoralis,Lampyridae,Chromosome,532.08,52870853,ingroup
GCA_964338995.1,Quedius lateralis,Staphylinidae,Chromosome,753.01,45398306,ingroup
GCA_979475445.1,Radziella styx,Leiodidae,Chromosome,340.01,31164774,ingroup
GCA_963680705.1,Rhagium mordax,Cerambycidae,Chromosome,775.64,80109270,ingroup
GCA_905340355.1,Rhagonycha fulva,Cantharidae,Chromosome,424.66,115753052,ingroup
GCA_965212295.1,Rhagonycha lignosa,Cantharidae,Chromosome,554.74,69891697,ingroup
GCA_958510855.1,Rhagonycha lutea,Cantharidae,Chromosome,479.84,71007614,ingroup
GCA_965643555.1,Rhizotrogus aestivus,Scarabaeidae,Chromosome,2078.26,199413833,ingroup
GCA_030347505.2,Rhynchophorus ferrugineus,Curculionidae,Scaffold,777.69,43002243,ingroup
GCA_966185095.1,Rhyzobius forestieri,Coccinellidae,Chromosome,753.45,96482978,ingroup
GCA_055878605.1,Rhyzopertha dominica,Bostrichidae,Chromosome,497.29,56704619,ingroup
GCA_936432065.2,Rutpela maculata,Cerambycidae,Chromosome,2021.56,187008567,ingroup
GCA_949788335.1,Salpingus planirostris,Salpingidae,Chromosome,127.53,8840065,ingroup
GCA_047651835.1,Sambus kanssuensis,Buprestidae,Chromosome,312.03,34038044,ingroup
GCA_965282785.1,Scaphidium quadrimaculatum,Staphylinidae,Chromosome,1268.46,160722045,ingroup
GCA_982297035.1,Scarites abbreviatus,Carabidae,Chromosome,888.53,32677719,ingroup
GCA_951805265.1,Schizotus pectinicornis,Pyrochroidae,Chromosome,181.12,18534248,ingroup
GCA_040543525.2,Serangium japonicum,Coccinellidae,Chromosome,433.73,42670600,ingroup
GCA_973946265.1,Serica brunnea,Scarabaeidae,Chromosome,1695.55,133671589,ingroup
GCA_039766575.1,Serrognathus titanus,Lucanidae,Chromosome,384.09,75805358,ingroup
GCA_961205875.1,Sialis fuliginosa,Sialidae,Chromosome,392.11,29640374,outgroup
GCA_949319165.1,Sialis lutaria,Sialidae,Chromosome,461.96,30623967,outgroup
GCA_963930825.1,Silvanus unidentatus,Silvanidae,Chromosome,187.15,23657960,ingroup
GCA_977862225.1,Sisyphus schaefferi,Scarabaeidae,Chromosome,398.36,37205513,ingroup
GCA_958496155.1,Sisyra nigra,Sisyridae,Chromosome,372.59,50790609,outgroup
GCA_958496175.1,Sisyra terminalis,Sisyridae,Chromosome,376.63,62969495,outgroup
GCA_964263205.1,Sitona lineatus,Curculionidae,Chromosome,835.4,87745720,ingroup
GCA_002938485.2,Sitophilus oryzae,Curculionidae,Scaffold,770.55,2860826,ingroup
GCA_047936755.1,Sitophilus zeamais,Curculionidae,Chromosome,693.21,61034850,ingroup
GCA_977013595.1,Sphaeridium bipustulatum,Hydrophilidae,Chromosome,261.74,22902741,ingroup
GCA_971796245.1,Sphaeroderma testaceum,Chrysomelidae,Chromosome,1521.3,58484549,ingroup
GCA_964211955.1,Staphylinus erythropterus,Staphylinidae,Chromosome,1412.48,75443792,ingroup
GCA_977017535.1,Stenocarus ruficornis,Curculionidae,Chromosome,607.13,53441765,ingroup
GCA_035578165.1,Stenolophus ochropezus,Carabidae,Scaffold,826.48,26348653,ingroup
GCA_976980505.1,Stenosis austini,Tenebrionidae,Chromosome,238.61,21101840,ingroup
GCA_963583905.1,Stenurella melanura,Cerambycidae,Chromosome,1616.89,154376042,ingroup
GCA_963971135.1,Stenus bimaculatus,Staphylinidae,Chromosome,450.58,51678104,ingroup
GCA_964212005.1,Stictoleptura scutellata,Cerambycidae,Chromosome,1471.09,172532277,ingroup
GCA_965783985.1,Subcoccinella vigintiquattuorpunctata,Coccinellidae,Chromosome,532.03,40002734,ingroup
GCA_963932245.1,Tachinus rufipes,Staphylinidae,Chromosome,1151.98,121182260,ingroup
GCA_965783885.1,Tachyporus hypnorum,Staphylinidae,Chromosome,531.37,19014134,ingroup
GCA_978019935.1,Taeniapion urticarium,Apionidae,Chromosome,827.05,82144690,ingroup
GCA_951812265.1,Taphrorychus bicolor,Curculionidae,Chromosome,575.23,48296002,ingroup
GCA_964277315.1,Tarphius canariensis,Zopheridae,Chromosome,310.72,31130618,ingroup
GCF_963966145.1,Tenebrio molitor,Tenebrionidae,Chromosome,276.83,29772305,ingroup
GCA_054850815.1,Tetraopes melanurus,Cerambycidae,Chromosome,684.56,74850470,ingroup
GCA_054850805.1,Tetraopes sublaevis,Cerambycidae,Chromosome,755.59,84477032,ingroup
GCA_054850835.1,Tetraopes tetrophthalmus,Cerambycidae,Chromosome,788.9,85673404,ingroup
GCA_964058775.1,Tetropium fuscum,Cerambycidae,Chromosome,555.63,43086128,ingroup
GCA_051122355.1,Thanatophilus sinuatus,Silphidae,Chromosome,288.95,18969000,ingroup
GCA_964006375.1,Tillus elongatus,Cleridae,Chromosome,1719.08,190090450,ingroup
GCA_054825155.1,Tomicus yunnanensis,Curculionidae,Chromosome,378.22,21590098,ingroup
GCF_031307605.1,Tribolium castaneum,Tenebrionidae,Chromosome,241.85,20636470,ingroup
GCA_029207805.1,Tribolium confusum,Tenebrionidae,Scaffold,437.21,29665350,ingroup
GCA_939628115.1,Tribolium freemani,Tenebrionidae,Chromosome,269.17,32307706,ingroup
GCF_015345945.1,Tribolium madens,Tenebrionidae,Scaffold,149.38,15175020,ingroup
GCA_046128435.1,Trigonoscuta pilosa,Curculionidae,Scaffold,2263.65,147232456,ingroup
GCA_023509865.1,Trypoxylus dichotomus,Scarabaeidae,Chromosome,636.27,71035100,ingroup
GCA_977970285.1,Tytthaspis sedecimpunctata,Coccinellidae,Chromosome,355.68,32127224,ingroup
GCA_965112455.1,Uleiota planata,Silvanidae,Chromosome,586.49,51641909,ingroup
GCA_040954815.1,Ulomoides dermestoides,Tenebrionidae,Chromosome,253.33,28624954,ingroup
GCA_978045125.1,Xantholinus longiventris,Staphylinidae,Chromosome,474.07,34534338,ingroup
GCA_963575645.1,Xanthostigma xanthostigma,Raphidiidae,Chromosome,623.31,53129619,outgroup
GCA_963966045.2,Xestobium rufovillosum,Ptinidae,Chromosome,475.54,36916890,ingroup
GCA_046766355.1,Xyleborus affinis,Curculionidae,Scaffold,219.08,4846381,ingroup
GCA_049176215.1,Xyleborus bispinatus,Curculionidae,Scaffold,161.71,6615795,ingroup
GCA_022388445.1,Zophobas atratus,Tenebrionidae,Chromosome,478.15,53050916,ingroup
GCA_027724725.1,Zophobas morio,Tenebrionidae,Scaffold,461.97,48007226,ingroup
