species_name,assembly_accession,bioproject,current_status,risk_level,recommended_action,notes,student_verified,final_status
Abax parallelepipedus,GCA_964197645.1,PRJEB77062,published_open,LOW,Cite the genome paper,RefSeq/representative genome - published and open,,
Abscondita cerata,GCA_030710515.1,PRJNA699421,published_open,LOW,Cite the genome paper,RefSeq/representative genome - published and open,,
Abscondita terminalis,GCA_013368085.1,PRJNA556938,to_verify,LOW,Standard NCBI submission - verify publication,,,
Acanthacorydalis orientalis,GCA_034766995.1,PRJNA1021543,published_open,LOW,Cite the genome paper,RefSeq/representative genome - published and open,,
Acanthoscelides obtectus,GCA_963669975.1,PRJEB69220,published_open,LOW,Cite the genome paper,RefSeq/representative genome - published and open,,
Actenicerus siaelandicus,GCA_964234755.1,PRJEB79055,published_open,LOW,Cite the genome paper,RefSeq/representative genome - published and open,,
Acupalpus dubius,GCA_977071005.1,PRJEB104223,published_open,LOW,Cite the genome paper,RefSeq/representative genome - published and open,,
Acupalpus parvulus,GCA_981690485.1,PRJEB108865,published_open,LOW,Cite the genome paper,RefSeq/representative genome - published and open,,
Adalia bipunctata,GCA_910592335.1,PRJEB45686,published_open,LOW,Cite the genome paper,RefSeq/representative genome - published and open,,
Adalia decempunctata,GCA_951802165.1,PRJEB62627,published_open,LOW,Cite the genome paper,RefSeq/representative genome - published and open,,
Adelopsella bosnica,GCA_977014165.1,PRJEB77392,published_open,LOW,Cite the genome paper,RefSeq/representative genome - published and open,,
Adinopsis sp. GC000173,GCA_030264715.1,PRJNA764224,to_verify,LOW,Standard NCBI submission - verify publication,,,
Adranes taylori,GCA_009867245.2,PRJNA397423,published_open,LOW,Cite the genome paper,RefSeq/representative genome - published and open,,
Aegialia arenaria,GCA_978045345.1,PRJEB106972,published_open,LOW,Cite the genome paper,RefSeq/representative genome - published and open,,
Aenictocupidus jacobsonorum,GCA_010014765.2,PRJNA397425,published_open,LOW,Cite the genome paper,RefSeq/representative genome - published and open,,
Aethina tumida,GCF_024364675.1,PRJNA825637,published_open,LOW,Cite the genome paper,RefSeq/representative genome - published and open,,
Agelastica alni,GCA_950111635.2,PRJEB61673,published_open,LOW,Cite the genome paper,RefSeq/representative genome - published and open,,
Agonum fuliginosum,GCA_947534325.1,PRJEB58062,published_open,LOW,Cite the genome paper,RefSeq/representative genome - published and open,,
Agonum gracile,GCA_982290465.1,PRJEB109968,published_open,LOW,Cite the genome paper,RefSeq/representative genome - published and open,,
Agonum viduum,GCA_978021445.1,PRJEB106581,published_open,LOW,Cite the genome paper,RefSeq/representative genome - published and open,,
Agrilus biguttatus,GCA_963921985.1,PRJEB71839,published_open,LOW,Cite the genome paper,RefSeq/representative genome - published and open,,
Agrilus cyanescens,GCA_947389935.1,PRJEB57759,published_open,LOW,Cite the genome paper,RefSeq/representative genome - published and open,,
Agrilus mali,GCA_055682225.1,PRJNA1293793,published_open,LOW,Cite the genome paper,RefSeq/representative genome - published and open,,
Agrilus planipennis,GCF_000699045.2,PRJNA230921,published_open,LOW,Cite the genome paper,RefSeq/representative genome - published and open,,
Agriotes ferrugineipennis,GCA_044115295.2,PRJNA1137978,published_open,LOW,Cite the genome paper,RefSeq/representative genome - published and open,,
Agriotes lineatus,GCA_965788545.1,PRJEB95121,published_open,LOW,Cite the genome paper,RefSeq/representative genome - published and open,,
Agriotes mancus,GCA_041228495.2,PRJNA1137982,published_open,LOW,Cite the genome paper,RefSeq/representative genome - published and open,,
Agriotes obscurus,GCA_040955315.2,PRJNA1117586,published_open,LOW,Cite the genome paper,RefSeq/representative genome - published and open,,
Agriotes pubescens,GCA_044115395.2,PRJNA1137974,published_open,LOW,Cite the genome paper,RefSeq/representative genome - published and open,,
Agriotes sputator,GCA_044115325.2,PRJNA1137986,published_open,LOW,Cite the genome paper,RefSeq/representative genome - published and open,,
Agrypnus murinus,GCA_929113105.1,PRJEB50666,published_open,LOW,Cite the genome paper,RefSeq/representative genome - published and open,,
Alaus oculatus,GCA_009852465.2,PRJNA578932,published_open,LOW,Cite the genome paper,RefSeq/representative genome - published and open,,
Aleochara bilineata,GCA_003054995.1,PRJNA378164,published_open,LOW,Cite the genome paper,RefSeq/representative genome - published and open,,
Aleochara curtula,GCA_963978815.1,PRJEB73701,published_open,LOW,Cite the genome paper,RefSeq/representative genome - published and open,,
Aleochara sp. GC000083,GCA_030264555.1,PRJNA764224,to_verify,LOW,Standard NCBI submission - verify publication,,,
Altica lythri,GCA_964028335.1,PRJEB74861,published_open,LOW,Cite the genome paper,RefSeq/representative genome - published and open,,
Amara aenea,GCA_973350105.1,PRJEB96435,published_open,LOW,Cite the genome paper,RefSeq/representative genome - published and open,,
Amara convexiuscula,GCA_981560045.1,PRJEB108814,published_open,LOW,Cite the genome paper,RefSeq/representative genome - published and open,,
Amara familiaris,GCA_978120735.1,PRJEB107155,published_open,LOW,Cite the genome paper,RefSeq/representative genome - published and open,,
Amara ovata,GCA_965279835.1,PRJEB89410,published_open,LOW,Cite the genome paper,RefSeq/representative genome - published and open,,
Ameromyia strigosa,GCA_055698785.1,PRJNA1403738,published_open,LOW,Cite the genome paper,RefSeq/representative genome - published and open,,
Ampedus sanguinolentus,GCA_964234815.1,PRJEB79085,published_open,LOW,Cite the genome paper,RefSeq/representative genome - published and open,,
Amphimallon solstitiale,GCA_963170755.1,PRJEB64917,published_open,LOW,Cite the genome paper,RefSeq/representative genome - published and open,,
Amphistomus primonactus,GCA_033557545.1,PRJNA977672,published_open,LOW,Cite the genome paper,RefSeq/representative genome - published and open,,
Anaglyptus mysticus,GCA_978041785.1,PRJEB106863,published_open,LOW,Cite the genome paper,RefSeq/representative genome - published and open,,
Anaspis frontalis,GCA_964243895.1,PRJEB79335,published_open,LOW,Cite the genome paper,RefSeq/representative genome - published and open,,
Anaspis maculata,GCA_949128115.1,PRJEB59498,published_open,LOW,Cite the genome paper,RefSeq/representative genome - published and open,,
Anaspis regimbarti,GCA_964204715.1,PRJEB78394,published_open,LOW,Cite the genome paper,RefSeq/representative genome - published and open,,
Anaulacaspis nigra,GCA_030264675.1,PRJNA764224,published_open,LOW,Cite the genome paper,RefSeq/representative genome - published and open,,
Anisosticta novemdecimpunctata,GCA_964188095.1,PRJEB76704,published_open,LOW,Cite the genome paper,RefSeq/representative genome - published and open,,
Anobium punctatum,GCA_965643755.1,PRJEB94002,published_open,LOW,Cite the genome paper,RefSeq/representative genome - published and open,,
Anoplophora chinensis,GCA_052815205.1,PRJNA1309080,published_open,LOW,Cite the genome paper,RefSeq/representative genome - published and open,,
Anoplophora glabripennis,GCA_054644005.1,PRJNA1393341,to_verify,LOW,Likely fine - has RefSeq status,,,
Anoplophora malasiaca,GCA_054644075.1,PRJNA1393341,published_open,LOW,Cite the genome paper,RefSeq/representative genome - published and open,,
Anthobium unicolor,GCA_965663565.1,PRJEB94974,published_open,LOW,Cite the genome paper,RefSeq/representative genome - published and open,,
Anthocomus fasciatus,GCA_964258815.1,PRJEB79481,published_open,LOW,Cite the genome paper,RefSeq/representative genome - published and open,,
Anthonomus grandis grandis,GCF_022605725.1,PRJNA767408,published_open,LOW,Cite the genome paper,RefSeq/representative genome - published and open,,
Anthonomus grandis thurberiae,GCA_030068095.1,PRJNA807464,to_verify,LOW,Standard NCBI submission - verify publication,,,
Anthonomus rubi,GCA_050242925.2,PRJNA1153348,published_open,LOW,Cite the genome paper,RefSeq/representative genome - published and open,,
Anthroherpon ganglbaueri,GCA_978045665.1,PRJEB106987,published_open,LOW,Cite the genome paper,RefSeq/representative genome - published and open,,
Aphidecta obliterata,GCA_963966015.1,PRJEB72512,published_open,LOW,Cite the genome paper,RefSeq/representative genome - published and open,,
Aphodius fimetarius,GCA_964211865.1,PRJEB78531,published_open,LOW,Cite the genome paper,RefSeq/representative genome - published and open,,
Aphodius granarius,GCA_963971325.1,PRJEB73495,published_open,LOW,Cite the genome paper,RefSeq/representative genome - published and open,,
Aphodius immundus,GCA_032191705.1,PRJNA977672,published_open,LOW,Cite the genome paper,RefSeq/representative genome - published and open,,
Aphodius sticticus,GCA_963966075.1,PRJEB72519,published_open,LOW,Cite the genome paper,RefSeq/representative genome - published and open,,
Aplotarsus incanus,GCA_978018165.1,PRJEB106232,published_open,LOW,Cite the genome paper,RefSeq/representative genome - published and open,,
Apoderus coryli,GCA_911728435.2,PRJEB46626,published_open,LOW,Cite the genome paper,RefSeq/representative genome - published and open,,
Aquatica leii,GCA_035610365.1,PRJNA948550,published_open,LOW,Cite the genome paper,RefSeq/representative genome - published and open,,
Araecerus fasciculatus,GCA_050578095.1,PRJNA1031120,published_open,LOW,Cite the genome paper,RefSeq/representative genome - published and open,,
Arhopalus rusticus,GCA_046563155.1,PRJNA953210,published_open,LOW,Cite the genome paper,RefSeq/representative genome - published and open,,
Arhopalus unicolor,GCA_045514315.1,PRJNA1112115,published_open,LOW,Cite the genome paper,RefSeq/representative genome - published and open,,
Aromia moschata,GCA_965642075.1,PRJEB92391,published_open,LOW,Cite the genome paper,RefSeq/representative genome - published and open,,
Asbolus verrucosus,GCA_047676225.1,PRJNA1076268,published_open,LOW,Cite the genome paper,RefSeq/representative genome - published and open,,
Aspidapion aeneum,GCA_963576565.1,PRJEB68111,published_open,LOW,Cite the genome paper,RefSeq/representative genome - published and open,,
Astagobius angustatus,GCA_965278915.1,PRJEB76282,published_open,LOW,Cite the genome paper,RefSeq/representative genome - published and open,,
Atheta pasadenae,GCA_030264155.1,PRJNA764224,published_open,LOW,Cite the genome paper,RefSeq/representative genome - published and open,,
Attagenus pellio,GCA_978258735.1,PRJEB107203,published_open,LOW,Cite the genome paper,RefSeq/representative genome - published and open,,
Aulacophora lewisii,GCA_051251045.1,PRJNA1195038,published_open,LOW,Cite the genome paper,RefSeq/representative genome - published and open,,
Australeon illustris,GCA_055701115.1,PRJNA1403738,published_open,LOW,Cite the genome paper,RefSeq/representative genome - published and open,,
Baliga asakurae,GCA_055701175.1,PRJNA1403738,published_open,LOW,Cite the genome paper,RefSeq/representative genome - published and open,,
Baliga eurysticta,GCA_055701075.1,PRJNA1403738,published_open,LOW,Cite the genome paper,RefSeq/representative genome - published and open,,
Baliga fallax,GCA_055701155.1,PRJNA1403738,published_open,LOW,Cite the genome paper,RefSeq/representative genome - published and open,,
Baliga guangxiensis,GCA_055703945.1,PRJNA1403738,published_open,LOW,Cite the genome paper,RefSeq/representative genome - published and open,,
Baliga inanis,GCA_055701335.1,PRJNA1403738,published_open,LOW,Cite the genome paper,RefSeq/representative genome - published and open,,
Baliga micans,GCA_055701135.1,PRJNA1403738,published_open,LOW,Cite the genome paper,RefSeq/representative genome - published and open,,
Baliga sp. B7533-1,GCA_055700975.1,PRJNA1403738,to_verify,LOW,Standard NCBI submission - verify publication,,,
Baliga sp. B7533-2,GCA_055701035.1,PRJNA1403738,to_verify,LOW,Standard NCBI submission - verify publication,,,
Baliga sp. BALMALAY,GCA_055700015.1,PRJNA1403738,to_verify,LOW,Standard NCBI submission - verify publication,,,
Baliga sp. BASPYNP,GCA_055701095.1,PRJNA1403738,to_verify,LOW,Standard NCBI submission - verify publication,,,
Baliga sp. BEXZ,GCA_055701235.1,PRJNA1403738,to_verify,LOW,Standard NCBI submission - verify publication,,,
Baliga sp. BLSPBOR2,GCA_055699955.1,PRJNA1403738,to_verify,LOW,Standard NCBI submission - verify publication,,,
Barypeithes pellucidus,GCA_963991005.1,PRJEB73828,published_open,LOW,Cite the genome paper,RefSeq/representative genome - published and open,,
Bathyscidius tristiculus,GCA_979853965.1,PRJEB77394,published_open,LOW,Cite the genome paper,RefSeq/representative genome - published and open,,
Batocera lineolata,GCA_052815245.1,PRJNA1309302,published_open,LOW,Cite the genome paper,RefSeq/representative genome - published and open,,
Batocera rufomaculata,GCA_050941775.1,PRJNA1209233,published_open,LOW,Cite the genome paper,RefSeq/representative genome - published and open,,
Berosus sp. SLE1611,GCA_033557775.1,PRJNA977672,to_verify,LOW,Standard NCBI submission - verify publication,,,
Betulapion simile,GCA_966183525.1,PRJEB95842,published_open,LOW,Cite the genome paper,RefSeq/representative genome - published and open,,
Biphyllus lunatus,GCA_965194465.1,PRJEB86443,published_open,LOW,Cite the genome paper,RefSeq/representative genome - published and open,,
Bitoma crenata,GCA_964656825.2,PRJEB83598,published_open,LOW,Cite the genome paper,RefSeq/representative genome - published and open,,
Blaps rhynchoptera,GCA_042257705.1,PRJNA1040117,published_open,LOW,Cite the genome paper,RefSeq/representative genome - published and open,,
Blemus discus,GCA_050230235.1,PRJNA1237515,published_open,LOW,Cite the genome paper,RefSeq/representative genome - published and open,,
Brachynemurus hubbardii,GCA_055699835.1,PRJNA1403738,published_open,LOW,Cite the genome paper,RefSeq/representative genome - published and open,,
Brachynemurus nebulosus,GCA_035578155.1,PRJNA849191,published_open,LOW,Cite the genome paper,RefSeq/representative genome - published and open,,
Brachypterus glaber,GCA_958510825.1,PRJEB64398,published_open,LOW,Cite the genome paper,RefSeq/representative genome - published and open,,
Brassicogethes aeneus,GCA_921294245.1,PRJEB48953,published_open,LOW,Cite the genome paper,RefSeq/representative genome - published and open,,
Brontispa longissima,GCA_040580785.1,PRJNA1085852,published_open,LOW,Cite the genome paper,RefSeq/representative genome - published and open,,
Bruchidius siliquastri,GCA_949316355.1,PRJEB60137,published_open,LOW,Cite the genome paper,RefSeq/representative genome - published and open,,
Bruchidius varius,GCA_964204745.1,PRJEB78407,published_open,LOW,Cite the genome paper,RefSeq/representative genome - published and open,,
Bruchidius villosus,GCA_965643515.1,PRJEB93937,published_open,LOW,Cite the genome paper,RefSeq/representative genome - published and open,,
Caccobius schreberi,GCA_033557405.1,PRJNA977672,published_open,LOW,Cite the genome paper,RefSeq/representative genome - published and open,,
Calathus fuscipes,GCA_978122415.1,PRJEB107157,published_open,LOW,Cite the genome paper,RefSeq/representative genome - published and open,,
Calathus melanocephalus,GCA_966096355.1,PRJEB95786,published_open,LOW,Cite the genome paper,RefSeq/representative genome - published and open,,
Calligrapha alni,GCA_046129895.1,PRJNA1153342,published_open,LOW,Cite the genome paper,RefSeq/representative genome - published and open,,
Callosobruchus maculatus,GCA_040182625.1,PRJNA1048654,published_open,LOW,Cite the genome paper,RefSeq/representative genome - published and open,,
Calodromius spilotus,GCA_977063495.1,PRJEB103060,published_open,LOW,Cite the genome paper,RefSeq/representative genome - published and open,,
Calosoma granatense,GCA_022063505.1,PRJNA706924,published_open,LOW,Cite the genome paper,RefSeq/representative genome - published and open,,
Calosoma relictum,GCA_055275695.1,PRJNA1390611,published_open,LOW,Cite the genome paper,RefSeq/representative genome - published and open,,
Calosoma tepidum,GCA_044734075.1,PRJNA1160031,published_open,LOW,Cite the genome paper,RefSeq/representative genome - published and open,,
Calosoma wilkesii,GCA_044734065.1,PRJNA1160031,published_open,LOW,Cite the genome paper,RefSeq/representative genome - published and open,,
Calvia quattuordecimguttata,GCA_964059645.1,PRJEB76103,published_open,LOW,Cite the genome paper,RefSeq/representative genome - published and open,,
Cantharis decipiens,GCA_965642435.1,PRJEB93841,published_open,LOW,Cite the genome paper,RefSeq/representative genome - published and open,,
Cantharis flavilabris,GCA_949152465.1,PRJEB59846,published_open,LOW,Cite the genome paper,RefSeq/representative genome - published and open,,
Cantharis lateralis,GCA_963170105.1,PRJEB64909,published_open,LOW,Cite the genome paper,RefSeq/representative genome - published and open,,
Cantharis nigra,GCA_958510845.1,PRJEB64391,published_open,LOW,Cite the genome paper,RefSeq/representative genome - published and open,,
Cantharis pallida,GCA_978407175.1,PRJEB107253,published_open,LOW,Cite the genome paper,RefSeq/representative genome - published and open,,
Cantharis rufa,GCA_947369205.1,PRJEB57708,published_open,LOW,Cite the genome paper,RefSeq/representative genome - published and open,,
Cantharis rustica,GCA_911387805.1,PRJEB46423,published_open,LOW,Cite the genome paper,RefSeq/representative genome - published and open,,
Canthon chalcites,GCA_054832385.1,PRJNA1304937,published_open,LOW,Cite the genome paper,RefSeq/representative genome - published and open,,
Carabus banonii,GCA_964291765.2,PRJEB77255,published_open,LOW,Cite the genome paper,RefSeq/representative genome - published and open,,
Carabus blaptoides fortunei,GCA_050785175.1,PRJDB5357,published_open,LOW,Cite the genome paper,RefSeq/representative genome - published and open,,
Carabus depressus,GCA_048127345.1,PRJNA1171461,published_open,LOW,Cite the genome paper,RefSeq/representative genome - published and open,,
Carabus esakii,GCA_054785535.1,PRJDB5403,published_open,LOW,Cite the genome paper,RefSeq/representative genome - published and open,,
Carabus nemoralis,GCA_977790985.1,PRJEB104832,published_open,LOW,Cite the genome paper,RefSeq/representative genome - published and open,,
Carabus problematicus,GCA_963422195.1,PRJEB65488,published_open,LOW,Cite the genome paper,RefSeq/representative genome - published and open,,
Carabus staehlini,GCA_977013385.1,PRJEB94624,published_open,LOW,Cite the genome paper,RefSeq/representative genome - published and open,,
Cartodere bifasciata,GCA_963920755.1,PRJEB71555,published_open,LOW,Cite the genome paper,RefSeq/representative genome - published and open,,
Catharsius molossus,GCA_051362485.1,PRJNA1265283,published_open,LOW,Cite the genome paper,RefSeq/representative genome - published and open,,
Catops nigricans,GCA_965642125.1,PRJEB92392,published_open,LOW,Cite the genome paper,RefSeq/representative genome - published and open,,
Cedrorum azoricus,GCA_965287095.1,PRJEB84164,published_open,LOW,Cite the genome paper,RefSeq/representative genome - published and open,,
Centroclisis negligens,GCA_055698825.1,PRJNA1403738,published_open,LOW,Cite the genome paper,RefSeq/representative genome - published and open,,
Cetonia aurata,GCA_949128085.1,PRJEB59502,published_open,LOW,Cite the genome paper,RefSeq/representative genome - published and open,,
Ceutorhynchus assimilis,GCA_917834065.1,PRJEB47903,published_open,LOW,Cite the genome paper,RefSeq/representative genome - published and open,,
Ceutorhynchus obstrictus,GCA_965178145.1,PRJEB86217,published_open,LOW,Cite the genome paper,RefSeq/representative genome - published and open,,
Chaetocnema hortensis,GCA_965653155.1,PRJEB94557,published_open,LOW,Cite the genome paper,RefSeq/representative genome - published and open,,
Chrysina gloriosa,GCA_038088585.1,PRJNA1043134,published_open,LOW,Cite the genome paper,RefSeq/representative genome - published and open,,
Chrysina resplendens,GCA_010091895.2,PRJNA341359,published_open,LOW,Cite the genome paper,RefSeq/representative genome - published and open,,
Chrysolina americana,GCA_958502065.1,PRJEB64387,published_open,LOW,Cite the genome paper,RefSeq/representative genome - published and open,,
Chrysolina graminis,GCA_964197785.1,PRJEB77184,published_open,LOW,Cite the genome paper,RefSeq/representative genome - published and open,,
Chrysolina haemoptera,GCA_958298965.1,PRJEB64038,published_open,LOW,Cite the genome paper,RefSeq/representative genome - published and open,,
Chrysolina herbacea,GCA_979300175.1,PRJEB107946,published_open,LOW,Cite the genome paper,RefSeq/representative genome - published and open,,
Chrysolina hyperici,GCA_982264245.1,PRJEB109775,published_open,LOW,Cite the genome paper,RefSeq/representative genome - published and open,,
Chrysolina oricalcia,GCA_944452925.2,PRJEB53643,published_open,LOW,Cite the genome paper,RefSeq/representative genome - published and open,,
Chrysomela aeneicollis,GCA_029955515.1,PRJNA941318,published_open,LOW,Cite the genome paper,RefSeq/representative genome - published and open,,
Chrysomela populi,GCA_965642295.1,PRJEB93767,published_open,LOW,Cite the genome paper,RefSeq/representative genome - published and open,,
Chrysomela saliceti,GCA_965121785.1,PRJEB85414,published_open,LOW,Cite the genome paper,RefSeq/representative genome - published and open,,
Chrysopa pallens,GCA_020423425.1,PRJNA685652,published_open,LOW,Cite the genome paper,RefSeq/representative genome - published and open,,
Chrysoperla carnea,GCF_905475395.1,PRJEB44056,published_open,LOW,Cite the genome paper,RefSeq/representative genome - published and open,,
Chrysoperla zastrowi sillemi,GCA_040669965.1,PRJNA905226,published_open,LOW,Cite the genome paper,RefSeq/representative genome - published and open,,
Cis bilamellatus,GCA_977930235.1,PRJEB105253,published_open,LOW,Cite the genome paper,RefSeq/representative genome - published and open,,
Clivina fossor,GCA_963966155.1,PRJEB72557,published_open,LOW,Cite the genome paper,RefSeq/representative genome - published and open,,
Coccidula rufa,GCA_965178175.1,PRJEB86219,published_open,LOW,Cite the genome paper,RefSeq/representative genome - published and open,,
Coccinella magnifica,GCA_965644565.1,PRJEB94210,published_open,LOW,Cite the genome paper,RefSeq/representative genome - published and open,,
Coccinella septempunctata,GCF_907165205.1,PRJEB44629,published_open,LOW,Cite the genome paper,RefSeq/representative genome - published and open,,
Coccinella transversoguttata,GCA_053478235.1,PRJNA1268667,published_open,LOW,Cite the genome paper,RefSeq/representative genome - published and open,,
Coelostoma orbiculare,GCA_979606585.1,PRJEB108172,published_open,LOW,Cite the genome paper,RefSeq/representative genome - published and open,,
Colydium elongatum,GCA_964656385.1,PRJEB83423,published_open,LOW,Cite the genome paper,RefSeq/representative genome - published and open,,
Conwentzia psociformis,GCA_976988905.1,PRJEB98820,published_open,LOW,Cite the genome paper,RefSeq/representative genome - published and open,,
Copris fidius,GCA_032191685.1,PRJNA977672,published_open,LOW,Cite the genome paper,RefSeq/representative genome - published and open,,
Coproporus ventriculus,GCA_027574865.2,PRJNA342850,published_open,LOW,Cite the genome paper,RefSeq/representative genome - published and open,,
Coptodactyla brooksi,GCA_033557675.1,PRJNA977672,published_open,LOW,Cite the genome paper,RefSeq/representative genome - published and open,,
Cosmopolites sordidus,GCA_031761425.1,PRJNA817621,published_open,LOW,Cite the genome paper,RefSeq/representative genome - published and open,,
Crepidodera aurata,GCA_965645225.1,PRJEB94310,published_open,LOW,Cite the genome paper,RefSeq/representative genome - published and open,,
Crepidodera aurea,GCA_949320105.2,PRJEB60253,published_open,LOW,Cite the genome paper,RefSeq/representative genome - published and open,,
Crepidodera fulvicornis,GCA_965615805.1,PRJEB90966,published_open,LOW,Cite the genome paper,RefSeq/representative genome - published and open,,
Crioceris asparagi,GCA_958507055.1,PRJEB64385,published_open,LOW,Cite the genome paper,RefSeq/representative genome - published and open,,
Crudosilis ruficollis,GCA_978018155.1,PRJEB106235,published_open,LOW,Cite the genome paper,RefSeq/representative genome - published and open,,
Cryptocephalus moraei,GCA_946251905.1,PRJEB55436,published_open,LOW,Cite the genome paper,RefSeq/representative genome - published and open,,
Cryptocephalus primarius,GCA_963576515.1,PRJEB68110,published_open,LOW,Cite the genome paper,RefSeq/representative genome - published and open,,
Cryptocephalus pusillus,GCA_965663585.1,PRJEB94975,published_open,LOW,Cite the genome paper,RefSeq/representative genome - published and open,,
Cryptolaemus montrouzieri,GCA_013387265.2,PRJNA626074,published_open,LOW,Cite the genome paper,RefSeq/representative genome - published and open,,
Cryptophagus acutangulus,GCA_963556235.1,PRJEB67290,published_open,LOW,Cite the genome paper,RefSeq/representative genome - published and open,,
Cryptorhynchus lapathi,GCA_965641385.1,PRJEB91872,published_open,LOW,Cite the genome paper,RefSeq/representative genome - published and open,,
Ctenicera cuprea,GCA_958336395.1,PRJEB64316,published_open,LOW,Cite the genome paper,RefSeq/representative genome - published and open,,
Cueta kurzi,GCA_055699855.1,PRJNA1403738,published_open,LOW,Cite the genome paper,RefSeq/representative genome - published and open,,
Cueta schamona,GCA_055699935.1,PRJNA1403738,published_open,LOW,Cite the genome paper,RefSeq/representative genome - published and open,,
Curculio caryae,GCA_051047995.1,PRJNA813156,published_open,LOW,Cite the genome paper,RefSeq/representative genome - published and open,,
Curculio glandium,GCA_965648435.1,PRJEB94373,published_open,LOW,Cite the genome paper,RefSeq/representative genome - published and open,,
Cylas formicarius,GCF_029955315.1,PRJNA832148,published_open,LOW,Cite the genome paper,RefSeq/representative genome - published and open,,
Cynaeus angustus,GCA_030157275.1,PRJNA767403,published_open,LOW,Cite the genome paper,RefSeq/representative genome - published and open,,
Cynegetis impunctata,GCA_030704885.1,PRJNA626074,published_open,LOW,Cite the genome paper,RefSeq/representative genome - published and open,,
Cypha longicornis,GCA_030264615.1,PRJNA764224,published_open,LOW,Cite the genome paper,RefSeq/representative genome - published and open,,
Dailognatha quadricollis,GCA_965183915.1,PRJEB77130,published_open,LOW,Cite the genome paper,RefSeq/representative genome - published and open,,
Dalopius marginatus,GCA_965112895.1,PRJEB84404,published_open,LOW,Cite the genome paper,RefSeq/representative genome - published and open,,
Dalotia coriaria,GCA_025399875.3,PRJNA342849,published_open,LOW,Cite the genome paper,RefSeq/representative genome - published and open,,
Dascillus cervinus,GCA_949768715.1,PRJEB60919,published_open,LOW,Cite the genome paper,RefSeq/representative genome - published and open,,
Dastarcus helophoroides,GCA_028583605.1,PRJNA777352,published_open,LOW,Cite the genome paper,RefSeq/representative genome - published and open,,
Deinopsis erosa,GCA_027574845.2,PRJNA361286,published_open,LOW,Cite the genome paper,RefSeq/representative genome - published and open,,
Dendarus foraminosus,GCA_965152765.1,PRJEB77266,published_open,LOW,Cite the genome paper,RefSeq/representative genome - published and open,,
Dendroctonus frontalis,GCA_040113315.1,PRJNA1100959,published_open,LOW,Cite the genome paper,RefSeq/representative genome - published and open,,
Dendroctonus ponderosae,GCA_020466585.2,PRJNA638278,published_open,LOW,Cite the genome paper,RefSeq/representative genome - published and open,,
Dendroctonus valens,GCA_024550625.1,PRJNA765904,published_open,LOW,Cite the genome paper,RefSeq/representative genome - published and open,,
Dendroleon pantherinus,GCA_055698115.1,PRJNA1403738,published_open,LOW,Cite the genome paper,RefSeq/representative genome - published and open,,
Denticollis linearis,GCA_964205235.1,PRJEB78455,published_open,LOW,Cite the genome paper,RefSeq/representative genome - published and open,,
Dermolepida albohirtum,GCA_031893035.2,PRJNA1001588,published_open,LOW,Cite the genome paper,RefSeq/representative genome - published and open,,
Diabrotica balteata,GCA_918026665.1,PRJEB47897,published_open,LOW,Cite the genome paper,RefSeq/representative genome - published and open,,
Diabrotica undecimpunctata,GCF_040954645.1,PRJNA1090230,published_open,LOW,Cite the genome paper,RefSeq/representative genome - published and open,,
Diabrotica virgifera virgifera,GCF_917563875.1,PRJEB47906,published_open,LOW,Cite the genome paper,RefSeq/representative genome - published and open,,
Diaperis boleti,GCA_963583935.1,PRJEB68176,published_open,LOW,Cite the genome paper,RefSeq/representative genome - published and open,,
Diaprepes abbreviatus,GCA_034092305.1,PRJNA973042,published_open,LOW,Cite the genome paper,RefSeq/representative genome - published and open,,
Dicheirus dilatatus,GCA_043773905.1,PRJNA1118742,published_open,LOW,Cite the genome paper,RefSeq/representative genome - published and open,,
Digitonthophagus gazella,GCA_036711955.1,PRJNA966967,published_open,LOW,Cite the genome paper,RefSeq/representative genome - published and open,,
Diorhabda carinata,GCA_029229535.1,PRJNA788879,published_open,LOW,Cite the genome paper,RefSeq/representative genome - published and open,,
Diorhabda carinulata,GCA_026250575.2,PRJNA788877,published_open,LOW,Cite the genome paper,RefSeq/representative genome - published and open,,
Diorhabda elongata,GCA_026230145.1,PRJNA788886,published_open,LOW,Cite the genome paper,RefSeq/representative genome - published and open,,
Diorhabda sublineata,GCF_026230105.1,PRJNA767483,published_open,LOW,Cite the genome paper,RefSeq/representative genome - published and open,,
Diorygopyx duplodentatus,GCA_033557515.1,PRJNA977672,published_open,LOW,Cite the genome paper,RefSeq/representative genome - published and open,,
Diplocoelus fagi,GCA_975146085.1,PRJEB96811,published_open,LOW,Cite the genome paper,RefSeq/representative genome - published and open,,
Diploeciton nevermanni,GCA_027575565.1,PRJNA341503,published_open,LOW,Cite the genome paper,RefSeq/representative genome - published and open,,
Distenia gracilis,GCA_055671715.1,PRJNA1366490,published_open,LOW,Cite the genome paper,RefSeq/representative genome - published and open,,
Donacia provostii,GCA_052550795.1,PRJNA1238083,published_open,LOW,Cite the genome paper,RefSeq/representative genome - published and open,,
Dorcus hopei,GCA_033060865.1,PRJNA978836,published_open,LOW,Cite the genome paper,RefSeq/representative genome - published and open,,
Dorcus parallelipipedus,GCA_958336345.1,PRJEB64318,published_open,LOW,Cite the genome paper,RefSeq/representative genome - published and open,,
Dorylogaster longipes,GCA_027580035.1,PRJNA342857,published_open,LOW,Cite the genome paper,RefSeq/representative genome - published and open,,
Dorysthenes granulosus,GCA_052815825.1,PRJNA1309263,published_open,LOW,Cite the genome paper,RefSeq/representative genome - published and open,,
Drilus flavescens,GCA_973896625.1,PRJEB96437,published_open,LOW,Cite the genome paper,RefSeq/representative genome - published and open,,
Dromius quadrimaculatus,GCA_963989225.1,PRJEB73740,published_open,LOW,Cite the genome paper,RefSeq/representative genome - published and open,,
Drusilla canaliculata,GCA_965644065.1,PRJEB94098,published_open,LOW,Cite the genome paper,RefSeq/representative genome - published and open,,
Dynastes grantii,GCA_029619325.2,PRJNA815811,published_open,LOW,Cite the genome paper,RefSeq/representative genome - published and open,,
Dynastes hercules hercules,GCA_051939005.1,PRJNA815811,to_verify,LOW,Standard NCBI submission - verify publication,,,
Dynastes hercules paschoali,GCA_051938985.1,PRJNA815811,to_verify,LOW,Standard NCBI submission - verify publication,,,
Dynastes hercules reidi,GCA_051939025.1,PRJNA815811,published_open,LOW,Cite the genome paper,RefSeq/representative genome - published and open,,
Dynastes hercules septentrionalis,GCA_051938965.1,PRJNA815811,to_verify,LOW,Standard NCBI submission - verify publication,,,
Dynastes hyllus,GCA_029619255.2,PRJNA815811,published_open,LOW,Cite the genome paper,RefSeq/representative genome - published and open,,
Dynastes maya,GCA_029619315.2,PRJNA815811,published_open,LOW,Cite the genome paper,RefSeq/representative genome - published and open,,
Dynastes tityus,GCA_029618875.2,PRJNA815811,published_open,LOW,Cite the genome paper,RefSeq/representative genome - published and open,,
Earota dentata,GCA_027574905.2,PRJNA361303,published_open,LOW,Cite the genome paper,RefSeq/representative genome - published and open,,
Ecitodaemon sp. MM-2014,GCA_030557295.1,PRJNA764224,to_verify,LOW,Standard NCBI submission - verify publication,,,
Ecitoglossa quadriceps,GCA_027574925.1,PRJNA352555,published_open,LOW,Cite the genome paper,RefSeq/representative genome - published and open,,
Ecitomorpha arachnoides,GCA_027574945.2,PRJNA352556,published_open,LOW,Cite the genome paper,RefSeq/representative genome - published and open,,
Ecitophya simulans,GCA_027574965.2,PRJNA342851,published_open,LOW,Cite the genome paper,RefSeq/representative genome - published and open,,
Elaeidobius kamerunicus,GCA_014849505.1,PRJNA637822,published_open,LOW,Cite the genome paper,RefSeq/representative genome - published and open,,
Eledona agricola,GCA_964023215.2,PRJEB74607,published_open,LOW,Cite the genome paper,RefSeq/representative genome - published and open,,
Elmis aenea,GCA_947652605.1,PRJEB58378,published_open,LOW,Cite the genome paper,RefSeq/representative genome - published and open,,
Endomychus armeniacus,GCA_977013105.1,PRJEB96518,published_open,LOW,Cite the genome paper,RefSeq/representative genome - published and open,,
Endomychus coccineus,GCA_958510875.1,PRJEB64394,published_open,LOW,Cite the genome paper,RefSeq/representative genome - published and open,,
Enochrus cinctus,GCA_033557785.1,PRJNA977672,published_open,LOW,Cite the genome paper,RefSeq/representative genome - published and open,,
Epicauta chinensis,GCA_021725515.1,PRJNA683094,published_open,LOW,Cite the genome paper,RefSeq/representative genome - published and open,,
Epilissus splendidus,GCA_033557285.1,PRJNA977672,published_open,LOW,Cite the genome paper,RefSeq/representative genome - published and open,,
Eucryptorrhynchus brandti,GCA_040894065.1,PRJNA663368,published_open,LOW,Cite the genome paper,RefSeq/representative genome - published and open,,
Eucryptorrhynchus scrobiculatus,GCA_046736385.1,PRJNA663363,published_open,LOW,Cite the genome paper,RefSeq/representative genome - published and open,,
Eulagius filicornis,GCA_965643585.1,PRJEB93940,published_open,LOW,Cite the genome paper,RefSeq/representative genome - published and open,,
Euoniticellus fulvus,GCA_032191655.1,PRJNA977672,published_open,LOW,Cite the genome paper,RefSeq/representative genome - published and open,,
Euroleon coreanus,GCA_055703665.1,PRJNA1403738,published_open,LOW,Cite the genome paper,RefSeq/representative genome - published and open,,
Euroleon flavicorpus,GCA_055703585.1,PRJNA1403738,published_open,LOW,Cite the genome paper,RefSeq/representative genome - published and open,,
Euroleon nostras,GCA_055703605.1,PRJNA1403738,published_open,LOW,Cite the genome paper,RefSeq/representative genome - published and open,,
Euroleon parvus,GCA_055701355.1,PRJNA1403738,published_open,LOW,Cite the genome paper,RefSeq/representative genome - published and open,,
Euroleon polyspilus,GCA_055703565.1,PRJNA1403738,published_open,LOW,Cite the genome paper,RefSeq/representative genome - published and open,,
Euroleon sp. B7533-1,GCA_055703625.1,PRJNA1403738,to_verify,LOW,Standard NCBI submission - verify publication,,,
Euroleon sp. EPXJ,GCA_055703525.1,PRJNA1403738,to_verify,LOW,Standard NCBI submission - verify publication,,,
Euroleon sp. EUQH1,GCA_055703505.1,PRJNA1403738,to_verify,LOW,Standard NCBI submission - verify publication,,,
Euwallacea fornicatus,GCF_040115645.1,PRJNA1086994,published_open,LOW,Cite the genome paper,RefSeq/representative genome - published and open,,
Euwallacea similis,GCF_039881205.1,PRJNA1086994,published_open,LOW,Cite the genome paper,RefSeq/representative genome - published and open,,
Exocentrus adspersus,GCA_029955175.1,PRJNA609440,published_open,LOW,Cite the genome paper,RefSeq/representative genome - published and open,,
Falagria sp. GC000072,GCA_030556245.1,PRJNA764224,to_verify,LOW,Standard NCBI submission - verify publication,,,
Fusoleon stigmatus,GCA_055698035.1,PRJNA1403738,published_open,LOW,Cite the genome paper,RefSeq/representative genome - published and open,,
Galeruca laticollis,GCA_963921935.1,PRJEB71836,published_open,LOW,Cite the genome paper,RefSeq/representative genome - published and open,,
Galerucella calmariensis,GCA_910591675.1,PRJEB44256,published_open,LOW,Cite the genome paper,RefSeq/representative genome - published and open,,
Galerucella nymphaeae,GCA_963978555.1,PRJEB73618,published_open,LOW,Cite the genome paper,RefSeq/representative genome - published and open,,
Galerucella pusilla,GCA_910591695.1,PRJEB44256,published_open,LOW,Cite the genome paper,RefSeq/representative genome - published and open,,
Galerucella sagittariae,GCA_980434365.1,PRJEB108406,published_open,LOW,Cite the genome paper,RefSeq/representative genome - published and open,,
Galerucella tenella,GCA_910591685.1,PRJEB44256,published_open,LOW,Cite the genome paper,RefSeq/representative genome - published and open,,
Gastrophysa polygoni,GCA_963576655.1,PRJEB68118,published_open,LOW,Cite the genome paper,RefSeq/representative genome - published and open,,
Gastrophysa viridula,GCA_965641405.1,PRJEB91873,published_open,LOW,Cite the genome paper,RefSeq/representative genome - published and open,,
Geostiba sp. GC000077,GCA_030264215.1,PRJNA764224,to_verify,LOW,Standard NCBI submission - verify publication,,,
Geotrupes spiniger,GCA_959613385.1,PRJEB64512,published_open,LOW,Cite the genome paper,RefSeq/representative genome - published and open,,
Glenurus gratus,GCA_055697025.1,PRJNA1403738,published_open,LOW,Cite the genome paper,RefSeq/representative genome - published and open,,
Gnatocerus cornutus,GCA_029298725.1,PRJNA767424,published_open,LOW,Cite the genome paper,RefSeq/representative genome - published and open,,
Gonioctena quinquepunctata,GCA_018342105.1,PRJNA701158,published_open,LOW,Cite the genome paper,RefSeq/representative genome - published and open,,
Gonodera luperus,GCA_977014565.1,PRJEB101655,published_open,LOW,Cite the genome paper,RefSeq/representative genome - published and open,,
Graciliella metohijensis,GCA_978019395.1,PRJEB77400,published_open,LOW,Cite the genome paper,RefSeq/representative genome - published and open,,
Grammoptera ruficornis,GCA_964332215.1,PRJEB82218,published_open,LOW,Cite the genome paper,RefSeq/representative genome - published and open,,
Grypus equiseti,GCA_964656865.1,PRJEB83600,published_open,LOW,Cite the genome paper,RefSeq/representative genome - published and open,,
Gymnusa sp. GC000175,GCA_030264735.1,PRJNA764224,to_verify,LOW,Standard NCBI submission - verify publication,,,
Hagenomyia conjuncta,GCA_055703845.1,PRJNA1403738,published_open,LOW,Cite the genome paper,RefSeq/representative genome - published and open,,
Hagenomyia fuscithoraca,GCA_055701195.1,PRJNA1403738,published_open,LOW,Cite the genome paper,RefSeq/representative genome - published and open,,
Hagenomyia sagax,GCA_055701245.1,PRJNA1403738,published_open,LOW,Cite the genome paper,RefSeq/representative genome - published and open,,
Hagenomyia tristis,GCA_055703865.1,PRJNA1403738,published_open,LOW,Cite the genome paper,RefSeq/representative genome - published and open,,
Hallomenus binotatus,GCA_965648495.1,PRJEB94374,published_open,LOW,Cite the genome paper,RefSeq/representative genome - published and open,,
Halyzia sedecimguttata,GCA_937662695.2,PRJEB52234,published_open,LOW,Cite the genome paper,RefSeq/representative genome - published and open,,
Harmonia axyridis,GCF_914767665.1,PRJEB47373,published_open,LOW,Cite the genome paper,RefSeq/representative genome - published and open,,
Harmonia quadripunctata,GCA_965642415.1,PRJEB93843,published_open,LOW,Cite the genome paper,RefSeq/representative genome - published and open,,
Harpalus anxius,GCA_965601895.1,PRJEB90518,published_open,LOW,Cite the genome paper,RefSeq/representative genome - published and open,,
Harpalus rubripes,GCA_963082715.1,PRJEB64813,published_open,LOW,Cite the genome paper,RefSeq/representative genome - published and open,,
Harpalus rufipes,GCA_951394225.1,PRJEB62060,published_open,LOW,Cite the genome paper,RefSeq/representative genome - published and open,,
Helictopleurus sicardi,GCA_033557245.1,PRJNA977672,published_open,LOW,Cite the genome paper,RefSeq/representative genome - published and open,,
Helochares maculicollis,GCA_033557835.1,PRJNA977672,published_open,LOW,Cite the genome paper,RefSeq/representative genome - published and open,,
Hemicrepidius hirtus,GCA_963082805.1,PRJEB64845,published_open,LOW,Cite the genome paper,RefSeq/representative genome - published and open,,
Henosepilachna vigintioctopunctata,GCA_030704895.1,PRJNA626074,published_open,LOW,Cite the genome paper,RefSeq/representative genome - published and open,,
Hermaeophaga mercurialis,GCA_951812935.1,PRJEB63008,published_open,LOW,Cite the genome paper,RefSeq/representative genome - published and open,,
Herpes porcellus,GCA_981691985.1,PRJEB108880,published_open,LOW,Cite the genome paper,RefSeq/representative genome - published and open,,
Hippodamia convergens,GCA_038502775.1,PRJNA1017495,published_open,LOW,Cite the genome paper,RefSeq/representative genome - published and open,,
Hippodamia variegata,GCA_046424425.1,PRJNA1172969,published_open,LOW,Cite the genome paper,RefSeq/representative genome - published and open,,
Holobus sp. GC000080,GCA_030556065.1,PRJNA764224,to_verify,LOW,Standard NCBI submission - verify publication,,,
Hololepta plana,GCA_963695495.2,PRJEB70901,published_open,LOW,Cite the genome paper,RefSeq/representative genome - published and open,,
Holotrichia oblita,GCA_023690525.1,PRJNA812706,published_open,LOW,Cite the genome paper,RefSeq/representative genome - published and open,,
Hycleus cichorii,GCA_013841215.1,PRJNA390850,published_open,LOW,Cite the genome paper,RefSeq/representative genome - published and open,,
Hycleus marcipoli,GCA_051167335.1,PRJNA1225931,published_open,LOW,Cite the genome paper,RefSeq/representative genome - published and open,,
Hycleus phaleratus,GCA_013841185.1,PRJNA390850,published_open,LOW,Cite the genome paper,RefSeq/representative genome - published and open,,
Hydrochus callosus,GCA_033557855.1,PRJNA977672,published_open,LOW,Cite the genome paper,RefSeq/representative genome - published and open,,
Hypera rumicis,GCA_965643735.1,PRJEB94005,published_open,LOW,Cite the genome paper,RefSeq/representative genome - published and open,,
Hypothenemus hampei,GCA_041296355.1,PRJNA1110552,published_open,LOW,Cite the genome paper,RefSeq/representative genome - published and open,,
Ichthyurus bourgeoisi,GCA_052863015.1,PRJNA1308319,published_open,LOW,Cite the genome paper,RefSeq/representative genome - published and open,,
Ignelater luminosus,GCA_011009095.1,PRJNA418169,published_open,LOW,Cite the genome paper,RefSeq/representative genome - published and open,,
Ips nitidus,GCA_018691245.2,PRJNA722788,published_open,LOW,Cite the genome paper,RefSeq/representative genome - published and open,,
Ips sexdentatus,GCA_976954535.1,PRJEB98041,published_open,LOW,Cite the genome paper,RefSeq/representative genome - published and open,,
Ips typographus,GCA_016097725.2,PRJNA671615,published_open,LOW,Cite the genome paper,RefSeq/representative genome - published and open,,
Iselma pallidipennis,GCA_037464855.1,PRJNA1067880,published_open,LOW,Cite the genome paper,RefSeq/representative genome - published and open,,
Kibakoganea sinica,GCA_043790905.1,PRJNA1120644,published_open,LOW,Cite the genome paper,RefSeq/representative genome - published and open,,
Kibakoganea tamdaoensis,GCA_046237675.1,PRJNA1188715,published_open,LOW,Cite the genome paper,RefSeq/representative genome - published and open,,
Kirghizoleon cubitalis,GCA_055703485.1,PRJNA1403738,published_open,LOW,Cite the genome paper,RefSeq/representative genome - published and open,,
Kurasawatrechus hirakei hirakei,GCA_050230135.1,PRJNA1237515,published_open,LOW,Cite the genome paper,RefSeq/representative genome - published and open,,
Kuschelorhynchus macadamiae,GCA_030620095.1,PRJNA1000277,published_open,LOW,Cite the genome paper,RefSeq/representative genome - published and open,,
Kyklioacalles roboris,GCA_964211925.1,PRJEB78586,published_open,LOW,Cite the genome paper,RefSeq/representative genome - published and open,,
Labidoglobus nevermanni,GCA_025447835.1,PRJNA352554,published_open,LOW,Cite the genome paper,RefSeq/representative genome - published and open,,
Labidomera clivicollis,GCA_051313465.2,PRJNA1153340,published_open,LOW,Cite the genome paper,RefSeq/representative genome - published and open,,
Labidopullus appendiculatus,GCA_027574705.1,PRJNA352553,published_open,LOW,Cite the genome paper,RefSeq/representative genome - published and open,,
Laccobius striatulus,GCA_965654275.1,PRJEB94828,published_open,LOW,Cite the genome paper,RefSeq/representative genome - published and open,,
Lagria hirta,GCA_947359425.1,PRJEB57606,published_open,LOW,Cite the genome paper,RefSeq/representative genome - published and open,,
Lamprigera yunnana,GCA_013368075.1,PRJNA556754,to_verify,LOW,Standard NCBI submission - verify publication,,,
Lampyris noctiluca,GCA_050947525.1,PRJNA1238231,published_open,LOW,Cite the genome paper,RefSeq/representative genome - published and open,,
Laparocerus anagae,GCA_976997085.1,PRJEB98920,published_open,LOW,Cite the genome paper,RefSeq/representative genome - published and open,,
Larinus minutus,GCA_041228525.2,PRJNA1137999,published_open,LOW,Cite the genome paper,RefSeq/representative genome - published and open,,
Larinus planus,GCA_977012605.1,PRJEB101224,published_open,LOW,Cite the genome paper,RefSeq/representative genome - published and open,,
Larinus ursus,GCA_979861375.2,PRJEB89504,published_open,LOW,Cite the genome paper,RefSeq/representative genome - published and open,,
Lasiorhynchites cavifrons,GCA_976916715.1,PRJEB97130,published_open,LOW,Cite the genome paper,RefSeq/representative genome - published and open,,
Latheticus oryzae,GCA_030157265.1,PRJNA767393,published_open,LOW,Cite the genome paper,RefSeq/representative genome - published and open,,
Lathrobium brunnipes,GCA_965240315.1,PRJEB88417,published_open,LOW,Cite the genome paper,RefSeq/representative genome - published and open,,
Leiosoma deflexum,GCA_965260835.1,PRJEB88798,published_open,LOW,Cite the genome paper,RefSeq/representative genome - published and open,,
Leistus fulvibarbis,GCA_965644575.1,PRJEB94212,published_open,LOW,Cite the genome paper,RefSeq/representative genome - published and open,,
Leistus rufomarginatus,GCA_966112595.1,PRJEB95788,published_open,LOW,Cite the genome paper,RefSeq/representative genome - published and open,,
Leistus spinibarbis,GCA_933228885.1,PRJEB51584,published_open,LOW,Cite the genome paper,RefSeq/representative genome - published and open,,
Leonhardella angulicollis,GCA_978019415.1,PRJEB77402,published_open,LOW,Cite the genome paper,RefSeq/representative genome - published and open,,
Leptinotarsa decemlineata,GCA_024712935.1,PRJNA854273,to_verify,LOW,Likely fine - has RefSeq status,,,
Leptinotarsa defecta,GCA_015342085.1,PRJNA580490,published_open,LOW,Cite the genome paper,RefSeq/representative genome - published and open,,
Leptinotarsa haldemani,GCA_015342125.1,PRJNA580490,published_open,LOW,Cite the genome paper,RefSeq/representative genome - published and open,,
Leptinotarsa juncta,GCA_015342185.1,PRJNA580490,published_open,LOW,Cite the genome paper,RefSeq/representative genome - published and open,,
Leptinotarsa lineolata,GCA_015342045.1,PRJNA580490,published_open,LOW,Cite the genome paper,RefSeq/representative genome - published and open,,
Leptinotarsa peninsularis,GCA_015342205.1,PRJNA580490,published_open,LOW,Cite the genome paper,RefSeq/representative genome - published and open,,
Leptinotarsa rubiginosa,GCA_015342145.1,PRJNA580490,published_open,LOW,Cite the genome paper,RefSeq/representative genome - published and open,,
Leptinotarsa texana,GCA_015342105.1,PRJNA580490,published_open,LOW,Cite the genome paper,RefSeq/representative genome - published and open,,
Leptinotarsa tumamoca,GCA_015342025.1,PRJNA580490,published_open,LOW,Cite the genome paper,RefSeq/representative genome - published and open,,
Leptinotarsa undecemlineata,GCA_015342065.1,PRJNA580490,published_open,LOW,Cite the genome paper,RefSeq/representative genome - published and open,,
Leptodirus hochenwartii,GCA_947310635.1,PRJEB57372,published_open,LOW,Cite the genome paper,RefSeq/representative genome - published and open,,
Leptura quadrifasciata,GCA_963675555.1,PRJEB69336,published_open,LOW,Cite the genome paper,RefSeq/representative genome - published and open,,
Leptusa sp. GC000079,GCA_030264655.1,PRJNA764224,to_verify,LOW,Standard NCBI submission - verify publication,,,
Lesteva pubescens,GCA_965644545.1,PRJEB94213,published_open,LOW,Cite the genome paper,RefSeq/representative genome - published and open,,
Lesteva punctata,GCA_975739945.1,PRJEB97788,published_open,LOW,Cite the genome paper,RefSeq/representative genome - published and open,,
Lethrus apterus,GCA_051989325.1,PRJNA1285827,published_open,LOW,Cite the genome paper,RefSeq/representative genome - published and open,,
Lethrus scoparius,GCA_052696345.1,PRJNA1091353,published_open,LOW,Cite the genome paper,RefSeq/representative genome - published and open,,
Librodor japonicus,GCA_046866795.1,PRJNA1202356,published_open,LOW,Cite the genome paper,RefSeq/representative genome - published and open,,
Limonius californicus,GCA_014611495.1,PRJNA595620,published_open,LOW,Cite the genome paper,RefSeq/representative genome - published and open,,
Limonius poneli,GCA_965119595.1,PRJEB85520,published_open,LOW,Cite the genome paper,RefSeq/representative genome - published and open,,
Liometoxenus newtonarum,GCA_030264535.1,PRJNA764224,published_open,LOW,Cite the genome paper,RefSeq/representative genome - published and open,,
Liophloeus tessulatus,GCA_978021545.1,PRJEB106583,published_open,LOW,Cite the genome paper,RefSeq/representative genome - published and open,,
Liopterus haemorrhoidalis,GCA_963971575.1,PRJEB73544,published_open,LOW,Cite the genome paper,RefSeq/representative genome - published and open,,
Lissagria laeviuscula,GCA_030264695.1,PRJNA764224,published_open,LOW,Cite the genome paper,RefSeq/representative genome - published and open,,
Listronotus bonariensis,GCA_014170235.1,PRJNA640511,published_open,LOW,Cite the genome paper,RefSeq/representative genome - published and open,,
Listronotus oregonensis,GCA_019359885.1,PRJNA726155,published_open,LOW,Cite the genome paper,RefSeq/representative genome - published and open,,
Lochmaea capreae,GCA_949126875.1,PRJEB59460,published_open,LOW,Cite the genome paper,RefSeq/representative genome - published and open,,
Lochmaea crataegi,GCA_947563755.1,PRJEB58179,published_open,LOW,Cite the genome paper,RefSeq/representative genome - published and open,,
Longitarsus dorsalis,GCA_965178105.1,PRJEB86221,published_open,LOW,Cite the genome paper,RefSeq/representative genome - published and open,,
Longitarsus flavicornis,GCA_964258785.1,PRJEB79478,published_open,LOW,Cite the genome paper,RefSeq/representative genome - published and open,,
Lordithon lunulatus,GCA_963942505.1,PRJEB72465,published_open,LOW,Cite the genome paper,RefSeq/representative genome - published and open,,
Lucanus miwai,GCA_050437245.1,PRJNA1196107,published_open,LOW,Cite the genome paper,RefSeq/representative genome - published and open,,
Luciola italica,GCA_054859625.1,PRJNA1090789,published_open,LOW,Cite the genome paper,RefSeq/representative genome - published and open,,
Lycocerus yunnanus,GCA_036346125.1,PRJNA884806,published_open,LOW,Cite the genome paper,RefSeq/representative genome - published and open,,
Lydus trimaculatus,GCA_037414755.1,PRJNA1067880,published_open,LOW,Cite the genome paper,RefSeq/representative genome - published and open,,
Magdalis barbicornis,GCA_965663545.1,PRJEB94978,published_open,LOW,Cite the genome paper,RefSeq/representative genome - published and open,,
Magdalis cerasi,GCA_965642045.1,PRJEB92160,published_open,LOW,Cite the genome paper,RefSeq/representative genome - published and open,,
Malachius bipustulatus,GCA_910589415.1,PRJEB45315,published_open,LOW,Cite the genome paper,RefSeq/representative genome - published and open,,
Malthinus flaveolus,GCA_950108345.1,PRJEB61706,published_open,LOW,Cite the genome paper,RefSeq/representative genome - published and open,,
Malthinus seriepunctatus,GCA_963924605.1,PRJEB72083,published_open,LOW,Cite the genome paper,RefSeq/representative genome - published and open,,
Malthodes marginatus,GCA_965119235.1,PRJEB85282,published_open,LOW,Cite the genome paper,RefSeq/representative genome - published and open,,
Malthodes minimus,GCA_964263285.1,PRJEB79898,published_open,LOW,Cite the genome paper,RefSeq/representative genome - published and open,,
Marronus borbonicus,GCA_902655005.2,PRJEB34604,published_open,LOW,Cite the genome paper,RefSeq/representative genome - published and open,,
Megalocaria dilatata,GCA_034642435.1,PRJNA1029341,published_open,LOW,Cite the genome paper,RefSeq/representative genome - published and open,,
Megatoma undata,GCA_965643495.1,PRJEB93942,published_open,LOW,Cite the genome paper,RefSeq/representative genome - published and open,,
Megistoleon ritsemae,GCA_055703805.1,PRJNA1403738,published_open,LOW,Cite the genome paper,RefSeq/representative genome - published and open,,
Megistopus flavicornis,GCA_055697125.1,PRJNA1403738,published_open,LOW,Cite the genome paper,RefSeq/representative genome - published and open,,
Melanotus villosus,GCA_963082815.1,PRJEB64848,published_open,LOW,Cite the genome paper,RefSeq/representative genome - published and open,,
Melinopterus prodromus,GCA_964023965.1,PRJEB74734,published_open,LOW,Cite the genome paper,RefSeq/representative genome - published and open,,
Meloe dianella,GCA_028455855.1,PRJNA867391,published_open,LOW,Cite the genome paper,RefSeq/representative genome - published and open,,
Melolontha melolontha,GCA_935421215.2,PRJEB51927,published_open,LOW,Cite the genome paper,RefSeq/representative genome - published and open,,
Metoecus paradoxus,GCA_965282865.1,PRJEB89532,published_open,LOW,Cite the genome paper,RefSeq/representative genome - published and open,,
Mexoleon papago,GCA_055699175.1,PRJNA1403738,published_open,LOW,Cite the genome paper,RefSeq/representative genome - published and open,,
Micraspis discolor,GCA_030674115.1,PRJNA626074,published_open,LOW,Cite the genome paper,RefSeq/representative genome - published and open,,
Micromus angulatus,GCA_047833675.1,PRJNA1101095,published_open,LOW,Cite the genome paper,RefSeq/representative genome - published and open,,
Microrhagus pygmaeus,GCA_965643785.1,PRJEB94007,published_open,LOW,Cite the genome paper,RefSeq/representative genome - published and open,,
Mimaenictus wilsoni,GCA_027575185.1,PRJNA397438,published_open,LOW,Cite the genome paper,RefSeq/representative genome - published and open,,
Molorchus minor,GCA_029963825.1,PRJNA609440,published_open,LOW,Cite the genome paper,RefSeq/representative genome - published and open,,
Mongoleon kaszabi,GCA_055699045.1,PRJNA1403738,published_open,LOW,Cite the genome paper,RefSeq/representative genome - published and open,,
Mongoloraphidia duomilia,GCA_039654895.1,PRJNA1104565,published_open,LOW,Cite the genome paper,RefSeq/representative genome - published and open,,
Monochamus alternatus,GCA_037114965.1,PRJNA1084890,published_open,LOW,Cite the genome paper,RefSeq/representative genome - published and open,,
Monochamus saltuarius,GCA_025584915.1,PRJNA814433,published_open,LOW,Cite the genome paper,RefSeq/representative genome - published and open,,
Monochamus scutellatus,GCA_052862855.1,PRJNA1289024,published_open,LOW,Cite the genome paper,RefSeq/representative genome - published and open,,
Monochamus sutor,GCA_052757275.1,PRJNA1290528,published_open,LOW,Cite the genome paper,RefSeq/representative genome - published and open,,
Monolepta hieroglyphica,GCA_045514875.1,PRJNA1171132,published_open,LOW,Cite the genome paper,RefSeq/representative genome - published and open,,
Mononychus punctumalbum,GCA_977066395.1,PRJEB103978,published_open,LOW,Cite the genome paper,RefSeq/representative genome - published and open,,
Monotoma picipes,GCA_977065965.1,PRJEB103784,published_open,LOW,Cite the genome paper,RefSeq/representative genome - published and open,,
Morimus asper,GCA_977013095.1,PRJEB94603,published_open,LOW,Cite the genome paper,RefSeq/representative genome - published and open,,
Morimus orientalis,GCA_976714775.1,PRJEB96521,published_open,LOW,Cite the genome paper,RefSeq/representative genome - published and open,,
Mycetophagus atomarius,GCA_977112535.1,PRJEB104609,published_open,LOW,Cite the genome paper,RefSeq/representative genome - published and open,,
Mycetophagus piceus,GCA_965642255.1,PRJEB93769,published_open,LOW,Cite the genome paper,RefSeq/representative genome - published and open,,
Mylabris phalerata,GCA_020740385.1,PRJNA773621,published_open,LOW,Cite the genome paper,RefSeq/representative genome - published and open,,
Mylabris quadripunctata,GCA_977015545.1,PRJEB94612,published_open,LOW,Cite the genome paper,RefSeq/representative genome - published and open,,
Mylabris sibirica,GCA_039776855.1,PRJNA1100439,published_open,LOW,Cite the genome paper,RefSeq/representative genome - published and open,,
Mylabris variabilis,GCA_037464815.1,PRJNA1067880,published_open,LOW,Cite the genome paper,RefSeq/representative genome - published and open,,
Myllaena sp. GC000078,GCA_030264135.1,PRJNA764224,to_verify,LOW,Standard NCBI submission - verify publication,,,
Myrmecaelurus zigan,GCA_055699105.1,PRJNA1403738,published_open,LOW,Cite the genome paper,RefSeq/representative genome - published and open,,
Myrmeleon acer,GCA_055703785.1,PRJNA1403738,published_open,LOW,Cite the genome paper,RefSeq/representative genome - published and open,,
Myrmeleon alcestris,GCA_055701275.1,PRJNA1403738,published_open,LOW,Cite the genome paper,RefSeq/representative genome - published and open,,
Myrmeleon almohadarum,GCA_055723545.1,PRJNA1403738,published_open,LOW,Cite the genome paper,RefSeq/representative genome - published and open,,
Myrmeleon alternans,GCA_055725675.1,PRJNA1403738,published_open,LOW,Cite the genome paper,RefSeq/representative genome - published and open,,
Myrmeleon alticolus,GCA_055701055.1,PRJNA1403738,published_open,LOW,Cite the genome paper,RefSeq/representative genome - published and open,,
Myrmeleon argentinus,GCA_055703925.1,PRJNA1403738,published_open,LOW,Cite the genome paper,RefSeq/representative genome - published and open,,
Myrmeleon basutus,GCA_055760095.1,PRJNA1403738,published_open,LOW,Cite the genome paper,RefSeq/representative genome - published and open,,
Myrmeleon brasiliensis,GCA_055703905.1,PRJNA1403738,published_open,LOW,Cite the genome paper,RefSeq/representative genome - published and open,,
Myrmeleon circumcinctus,GCA_055701375.1,PRJNA1403738,published_open,LOW,Cite the genome paper,RefSeq/representative genome - published and open,,
Myrmeleon croceicolli,GCA_055703685.1,PRJNA1403738,published_open,LOW,Cite the genome paper,RefSeq/representative genome - published and open,,
Myrmeleon dolosus,GCA_055725145.1,PRJNA1403738,published_open,LOW,Cite the genome paper,RefSeq/representative genome - published and open,,
Myrmeleon doralice,GCA_055723525.1,PRJNA1403738,published_open,LOW,Cite the genome paper,RefSeq/representative genome - published and open,,
Myrmeleon exitialis,GCA_055726885.1,PRJNA1403738,published_open,LOW,Cite the genome paper,RefSeq/representative genome - published and open,,
Myrmeleon fasciatus,GCA_055728325.1,PRJNA1403738,published_open,LOW,Cite the genome paper,RefSeq/representative genome - published and open,,
Myrmeleon ferrugineipennis,GCA_055701215.1,PRJNA1403738,published_open,LOW,Cite the genome paper,RefSeq/representative genome - published and open,,
Myrmeleon formicarius,GCA_055723605.1,PRJNA1403738,published_open,LOW,Cite the genome paper,RefSeq/representative genome - published and open,,
Myrmeleon frontalis,GCA_055728825.1,PRJNA1403738,published_open,LOW,Cite the genome paper,RefSeq/representative genome - published and open,,
Myrmeleon fuscus,GCA_055699915.1,PRJNA1403738,published_open,LOW,Cite the genome paper,RefSeq/representative genome - published and open,,
Myrmeleon gerlindae,GCA_055723585.1,PRJNA1403738,published_open,LOW,Cite the genome paper,RefSeq/representative genome - published and open,,
Myrmeleon heppneri,GCA_055723685.1,PRJNA1403738,published_open,LOW,Cite the genome paper,RefSeq/representative genome - published and open,,
Myrmeleon hyalinus,GCA_055704025.1,PRJNA1403738,published_open,LOW,Cite the genome paper,RefSeq/representative genome - published and open,,
Myrmeleon immaculatus,GCA_055723945.1,PRJNA1403738,published_open,LOW,Cite the genome paper,RefSeq/representative genome - published and open,,
Myrmeleon immanis,GCA_055724145.1,PRJNA1403738,published_open,LOW,Cite the genome paper,RefSeq/representative genome - published and open,,
Myrmeleon inconspicuus,GCA_055723705.1,PRJNA1403738,published_open,LOW,Cite the genome paper,RefSeq/representative genome - published and open,,
Myrmeleon javanensis,GCA_055723645.1,PRJNA1403738,published_open,LOW,Cite the genome paper,RefSeq/representative genome - published and open,,
Myrmeleon lethifer,GCA_055703745.1,PRJNA1403738,published_open,LOW,Cite the genome paper,RefSeq/representative genome - published and open,,
Myrmeleon madagascariensis,GCA_055703645.1,PRJNA1403738,published_open,LOW,Cite the genome paper,RefSeq/representative genome - published and open,,
Myrmeleon mcfarlandi,GCA_055703705.1,PRJNA1403738,published_open,LOW,Cite the genome paper,RefSeq/representative genome - published and open,,
Myrmeleon obscurus,GCA_055703985.1,PRJNA1403738,published_open,LOW,Cite the genome paper,RefSeq/representative genome - published and open,,
Myrmeleon persimilis,GCA_055723985.1,PRJNA1403738,published_open,LOW,Cite the genome paper,RefSeq/representative genome - published and open,,
Myrmeleon philippinus,GCA_055700155.1,PRJNA1403738,published_open,LOW,Cite the genome paper,RefSeq/representative genome - published and open,,
Myrmeleon pictifrons,GCA_055701315.1,PRJNA1403738,published_open,LOW,Cite the genome paper,RefSeq/representative genome - published and open,,
Myrmeleon picturatus,GCA_055701415.1,PRJNA1403738,published_open,LOW,Cite the genome paper,RefSeq/representative genome - published and open,,
Myrmeleon quinquemaculatus,GCA_055703725.1,PRJNA1403738,published_open,LOW,Cite the genome paper,RefSeq/representative genome - published and open,,
Myrmeleon regularis,GCA_055723665.1,PRJNA1403738,published_open,LOW,Cite the genome paper,RefSeq/representative genome - published and open,,
Myrmeleon solers,GCA_055723845.1,PRJNA1403738,published_open,LOW,Cite the genome paper,RefSeq/representative genome - published and open,,
Myrmeleon sp. 1 YZ-2024b,GCA_055699255.1,PRJNA1403738,to_verify,LOW,Standard NCBI submission - verify publication,,,
Myrmeleon sp. B7533-1,GCA_055723925.1,PRJNA1403738,to_verify,LOW,Standard NCBI submission - verify publication,,,
Myrmeleon sp. MSPXZLA,GCA_055703545.1,PRJNA1403738,to_verify,LOW,Standard NCBI submission - verify publication,,,
Myrmeleon taiwanensis,GCA_055723865.1,PRJNA1403738,published_open,LOW,Cite the genome paper,RefSeq/representative genome - published and open,,
Myrmeleon tenuipennis,GCA_055729725.1,PRJNA1403738,published_open,LOW,Cite the genome paper,RefSeq/representative genome - published and open,,
Myrmeleon torquatus,GCA_055734825.1,PRJNA1403738,published_open,LOW,Cite the genome paper,RefSeq/representative genome - published and open,,
Myrmeleon trifasciatus,GCA_055701295.1,PRJNA1403738,published_open,LOW,Cite the genome paper,RefSeq/representative genome - published and open,,
Myrmeleon trigonois,GCA_055699875.1,PRJNA1403738,published_open,LOW,Cite the genome paper,RefSeq/representative genome - published and open,,
Myrmeleon trivialis,GCA_055768485.1,PRJNA1403738,published_open,LOW,Cite the genome paper,RefSeq/representative genome - published and open,,
Myrmeleon validus,GCA_055703765.1,PRJNA1403738,published_open,LOW,Cite the genome paper,RefSeq/representative genome - published and open,,
Myrmeleon wangi,GCA_055754755.1,PRJNA1403738,published_open,LOW,Cite the genome paper,RefSeq/representative genome - published and open,,
Myrmeleon wangxinliae,GCA_055734845.1,PRJNA1403738,published_open,LOW,Cite the genome paper,RefSeq/representative genome - published and open,,
Myrmeleontini gen. B7533-1 sp. MYSPBN,GCA_055699155.1,PRJNA1403738,to_verify,LOW,Standard NCBI submission - verify publication,,,
Myrmeleontini gen. B7533-2 sp. BAPAPUA,GCA_055701395.1,PRJNA1403738,to_verify,LOW,Standard NCBI submission - verify publication,,,
Myrmeleontini gen. B7533-3 sp. BLSPYN1,GCA_055703885.1,PRJNA1403738,to_verify,LOW,Standard NCBI submission - verify publication,,,
Myrmeleontini gen. B7533-3 sp. BNBON,GCA_055703825.1,PRJNA1403738,to_verify,LOW,Standard NCBI submission - verify publication,,,
Myrmeleontini gen. B7533-4 sp. MHXJ,GCA_055723965.1,PRJNA1403738,to_verify,LOW,Standard NCBI submission - verify publication,,,
Myrmeleontini gen. B7533-4 sp. MSPNX,GCA_055723805.1,PRJNA1403738,to_verify,LOW,Standard NCBI submission - verify publication,,,
Myrmeleontini gen. B7533-4 sp. MSPYNBS,GCA_055723905.1,PRJNA1403738,to_verify,LOW,Standard NCBI submission - verify publication,,,
Myrmeleontini gen. B7533-4 sp. MTCFYN,GCA_055731145.1,PRJNA1403738,to_verify,LOW,Standard NCBI submission - verify publication,,,
Myrmeleontini gen. B7533-4 sp. MYPER3,GCA_055723825.1,PRJNA1403738,to_verify,LOW,Standard NCBI submission - verify publication,,,
Myrmeleontini gen. B7533-4 sp. MYSPMLY,GCA_055723505.1,PRJNA1403738,to_verify,LOW,Standard NCBI submission - verify publication,,,
Myrmeleontini gen. B7533-5 sp. BLSPYNYJ,GCA_055738465.1,PRJNA1403738,to_verify,LOW,Standard NCBI submission - verify publication,,,
Myrmeleontini gen. B7533-6 sp. MSPXZCW,GCA_055754815.1,PRJNA1403738,to_verify,LOW,Standard NCBI submission - verify publication,,,
Myrrha octodecimguttata,GCA_958510865.1,PRJEB64393,published_open,LOW,Cite the genome paper,RefSeq/representative genome - published and open,,
Nacerdes melanura,GCA_965279825.1,PRJEB89413,published_open,LOW,Cite the genome paper,RefSeq/representative genome - published and open,,
Nadezhdiella cantori,GCA_051225655.1,PRJNA1274636,published_open,LOW,Cite the genome paper,RefSeq/representative genome - published and open,,
Nalassus laevioctostriatus,GCA_965649385.1,PRJEB94436,published_open,LOW,Cite the genome paper,RefSeq/representative genome - published and open,,
Nanos sp. ST009,GCA_032191585.1,PRJNA977672,to_verify,LOW,Standard NCBI submission - verify publication,,,
Nanos vadoni,GCA_032191565.1,PRJNA977672,published_open,LOW,Cite the genome paper,RefSeq/representative genome - published and open,,
Nebria brevicollis,GCA_944738965.1,PRJEB53866,published_open,LOW,Cite the genome paper,RefSeq/representative genome - published and open,,
Nebria ingens riversi,GCA_018344505.1,PRJNA671697,published_open,LOW,Cite the genome paper,RefSeq/representative genome - published and open,,
Nebria salina,GCA_944039245.1,PRJEB53510,published_open,LOW,Cite the genome paper,RefSeq/representative genome - published and open,,
Nedyus quadrimaculatus,GCA_977969715.1,PRJEB105448,published_open,LOW,Cite the genome paper,RefSeq/representative genome - published and open,,
Nemoleon notatus,GCA_055697165.1,PRJNA1403738,published_open,LOW,Cite the genome paper,RefSeq/representative genome - published and open,,
Neoclytus acuminatus acuminatus,GCA_047371185.1,PRJNA1201218,published_open,LOW,Cite the genome paper,RefSeq/representative genome - published and open,,
Neocrepidodera transversa,GCA_963243735.1,PRJEB65059,published_open,LOW,Cite the genome paper,RefSeq/representative genome - published and open,,
Neoneuromus ignobilis,GCA_029203775.1,PRJNA801769,published_open,LOW,Cite the genome paper,RefSeq/representative genome - published and open,,
Nicrophorus investigator,GCA_963457615.1,PRJEB66142,published_open,LOW,Cite the genome paper,RefSeq/representative genome - published and open,,
Nicrophorus orbicollis,GCA_018845635.2,PRJNA371654,published_open,LOW,Cite the genome paper,RefSeq/representative genome - published and open,,
Nicrophorus vespilloides,GCF_001412225.1,PRJNA284849,published_open,LOW,Cite the genome paper,RefSeq/representative genome - published and open,,
Nineta flava,GCA_963920215.1,PRJEB71418,published_open,LOW,Cite the genome paper,RefSeq/representative genome - published and open,,
Nipponaphaenops erraticus,GCA_050230155.1,PRJNA1237515,published_open,LOW,Cite the genome paper,RefSeq/representative genome - published and open,,
Nothochrysa capitata,GCA_965240235.1,PRJEB88338,published_open,LOW,Cite the genome paper,RefSeq/representative genome - published and open,,
Notiophilus biguttatus,GCA_965642445.1,PRJEB93845,published_open,LOW,Cite the genome paper,RefSeq/representative genome - published and open,,
Notoxus monoceros,GCA_965276455.1,PRJEB89052,published_open,LOW,Cite the genome paper,RefSeq/representative genome - published and open,,
Novius pumilus,GCA_020654155.1,PRJNA626074,published_open,LOW,Cite the genome paper,RefSeq/representative genome - published and open,,
Octodonta nipae,GCA_034190945.1,PRJNA1016083,published_open,LOW,Cite the genome paper,RefSeq/representative genome - published and open,,
Ocypus olens,GCA_910593695.2,PRJEB45833,published_open,LOW,Cite the genome paper,RefSeq/representative genome - published and open,,
Ocys tachysoides,GCA_965282375.1,PRJEB89445,published_open,LOW,Cite the genome paper,RefSeq/representative genome - published and open,,
Odontolabis cuvera,GCA_049462965.1,PRJNA1201744,published_open,LOW,Cite the genome paper,RefSeq/representative genome - published and open,,
Oedemera lurida,GCA_979846555.1,PRJEB108216,published_open,LOW,Cite the genome paper,RefSeq/representative genome - published and open,,
Ogcogaster segmentator,GCA_055697045.1,PRJNA1403738,published_open,LOW,Cite the genome paper,RefSeq/representative genome - published and open,,
Oligota sp. GC000189,GCA_030264595.1,PRJNA764224,to_verify,LOW,Standard NCBI submission - verify publication,,,
Ontholestes murinus,GCA_963969525.1,PRJEB73304,published_open,LOW,Cite the genome paper,RefSeq/representative genome - published and open,,
Onthophagus binodis,GCA_054643895.1,PRJNA1308620,published_open,LOW,Cite the genome paper,RefSeq/representative genome - published and open,,
Onthophagus sagittarius,GCA_036711965.1,PRJNA966935,published_open,LOW,Cite the genome paper,RefSeq/representative genome - published and open,,
Onthophagus taurus,GCF_036711975.1,PRJNA966962,published_open,LOW,Cite the genome paper,RefSeq/representative genome - published and open,,
Ophonus ardosiacus,GCA_943142095.1,PRJEB52910,published_open,LOW,Cite the genome paper,RefSeq/representative genome - published and open,,
Ophraella communa,GCA_035357415.1,PRJNA899605,published_open,LOW,Cite the genome paper,RefSeq/representative genome - published and open,,
Opilo mollis,GCA_964338635.1,PRJEB82306,published_open,LOW,Cite the genome paper,RefSeq/representative genome - published and open,,
Orchesia undulata,GCA_965642315.1,PRJEB93772,published_open,LOW,Cite the genome paper,RefSeq/representative genome - published and open,,
Orchestes rusci,GCA_958502075.1,PRJEB64389,published_open,LOW,Cite the genome paper,RefSeq/representative genome - published and open,,
Oryctes borbonicus,GCA_902654985.2,PRJEB34604,published_open,LOW,Cite the genome paper,RefSeq/representative genome - published and open,,
Oryctes rhinoceros,GCA_020654165.1,PRJNA752921,published_open,LOW,Cite the genome paper,RefSeq/representative genome - published and open,,
Oryzaephilus surinamensis,GCA_052058915.1,PRJNA1282779,published_open,LOW,Cite the genome paper,RefSeq/representative genome - published and open,,
Osmoderma eremita,GCA_031763485.1,PRJNA901143,published_open,LOW,Cite the genome paper,RefSeq/representative genome - published and open,,
Osmylus fulvicephalus,GCA_977109365.1,PRJEB90647,published_open,LOW,Cite the genome paper,RefSeq/representative genome - published and open,,
Othius punctulatus,GCA_951805005.1,PRJEB62773,published_open,LOW,Cite the genome paper,RefSeq/representative genome - published and open,,
Otiorhynchus rugosostriatus,GCA_982191755.1,PRJEB109071,published_open,LOW,Cite the genome paper,RefSeq/representative genome - published and open,,
Oxypoda opaca,GCA_030264175.1,PRJNA764224,published_open,LOW,Cite the genome paper,RefSeq/representative genome - published and open,,
Oxystoma pomonae,GCA_963921995.1,PRJEB71841,published_open,LOW,Cite the genome paper,RefSeq/representative genome - published and open,,
Pachyrhinus lethierryi,GCA_965118235.1,PRJEB85256,published_open,LOW,Cite the genome paper,RefSeq/representative genome - published and open,,
Pachyrhynchus sulphureomaculatus,GCA_019049505.1,PRJNA731935,published_open,LOW,Cite the genome paper,RefSeq/representative genome - published and open,,
Paederus riparius,GCA_978046105.1,PRJEB107037,published_open,LOW,Cite the genome paper,RefSeq/representative genome - published and open,,
Palpares libelluloides,GCA_055697005.1,PRJNA1403738,published_open,LOW,Cite the genome paper,RefSeq/representative genome - published and open,,
Pediacus dermestoides,GCA_963942485.1,PRJEB72467,published_open,LOW,Cite the genome paper,RefSeq/representative genome - published and open,,
Phaedon cochleariae,GCA_979016925.1,PRJEB107948,published_open,LOW,Cite the genome paper,RefSeq/representative genome - published and open,,
Phaenonotum sp. SLE1380,GCA_033557805.1,PRJNA977672,to_verify,LOW,Standard NCBI submission - verify publication,,,
Phaleria cadaverina,GCA_977013135.1,PRJEB100766,published_open,LOW,Cite the genome paper,RefSeq/representative genome - published and open,,
Phanaeus vindex,GCA_054832365.1,PRJNA1304933,published_open,LOW,Cite the genome paper,RefSeq/representative genome - published and open,,
Philonthus cognatus,GCA_932526585.2,PRJEB51381,published_open,LOW,Cite the genome paper,RefSeq/representative genome - published and open,,
Philonthus spinipes,GCA_963082785.1,PRJEB64818,published_open,LOW,Cite the genome paper,RefSeq/representative genome - published and open,,
Philopedon plagiatum,GCA_963971165.1,PRJEB73466,published_open,LOW,Cite the genome paper,RefSeq/representative genome - published and open,,
Phosphuga atrata,GCA_944588485.1,PRJEB53719,published_open,LOW,Cite the genome paper,RefSeq/representative genome - published and open,,
Photinus pyralis,GCF_008802855.1,PRJNA378805,published_open,LOW,Cite the genome paper,RefSeq/representative genome - published and open,,
Phratora vitellinae,GCA_977071015.1,PRJEB104225,published_open,LOW,Cite the genome paper,RefSeq/representative genome - published and open,,
Phrixothrix hirtus,GCA_024586415.1,PRJNA741915,published_open,LOW,Cite the genome paper,RefSeq/representative genome - published and open,,
Phyllobius argentatus,GCA_965654255.1,PRJEB94830,published_open,LOW,Cite the genome paper,RefSeq/representative genome - published and open,,
Phyllobius pyri,GCA_980746795.1,PRJEB108506,published_open,LOW,Cite the genome paper,RefSeq/representative genome - published and open,,
Phyllobius virideaeris,GCA_965643005.1,PRJEB93899,published_open,LOW,Cite the genome paper,RefSeq/representative genome - published and open,,
Phyllotreta cruciferae,GCA_917563865.1,PRJEB47904,published_open,LOW,Cite the genome paper,RefSeq/representative genome - published and open,,
Phyllotreta striolata,GCA_918026865.1,PRJEB47901,published_open,LOW,Cite the genome paper,RefSeq/representative genome - published and open,,
Pissodes strobi,GCA_016904865.1,PRJNA588625,published_open,LOW,Cite the genome paper,RefSeq/representative genome - published and open,,
Plagiodera versicolora,GCA_037013635.1,PRJNA1045849,published_open,LOW,Cite the genome paper,RefSeq/representative genome - published and open,,
Platerodrilus igneus,GCA_036346225.1,PRJNA884806,published_open,LOW,Cite the genome paper,RefSeq/representative genome - published and open,,
Plateumaris germari,GCA_050242995.1,PRJNA1153337,published_open,LOW,Cite the genome paper,RefSeq/representative genome - published and open,,
Platydracus latebricola,GCA_978021435.1,PRJEB106586,published_open,LOW,Cite the genome paper,RefSeq/representative genome - published and open,,
Platypus cylindrus,GCA_949748235.1,PRJEB60808,published_open,LOW,Cite the genome paper,RefSeq/representative genome - published and open,,
Platyrhinus resinosus,GCA_977061565.1,PRJEB102770,published_open,LOW,Cite the genome paper,RefSeq/representative genome - published and open,,
Platystomos albinus,GCA_964106875.1,PRJEB76113,published_open,LOW,Cite the genome paper,RefSeq/representative genome - published and open,,
Platyusa sonomae,GCA_027576655.1,PRJNA397579,published_open,LOW,Cite the genome paper,RefSeq/representative genome - published and open,,
Podabrus alpinus,GCA_932274525.1,PRJEB51187,published_open,LOW,Cite the genome paper,RefSeq/representative genome - published and open,,
Podagrica fuscicornis,GCA_980253055.1,PRJEB108297,published_open,LOW,Cite the genome paper,RefSeq/representative genome - published and open,,
Poecilus cupreus,GCA_963942605.1,PRJEB72471,published_open,LOW,Cite the genome paper,RefSeq/representative genome - published and open,,
Pogonocherus hispidulus,GCA_963924545.1,PRJEB72078,published_open,LOW,Cite the genome paper,RefSeq/representative genome - published and open,,
Pogonus chalceus,GCA_002278615.1,PRJNA381601,published_open,LOW,Cite the genome paper,RefSeq/representative genome - published and open,,
Polydrusus cervinus,GCA_935413205.1,PRJEB51933,published_open,LOW,Cite the genome paper,RefSeq/representative genome - published and open,,
Polydrusus impressifrons,GCA_977013515.1,PRJEB100632,published_open,LOW,Cite the genome paper,RefSeq/representative genome - published and open,,
Polydrusus pterygomalis,GCA_963969555.1,PRJEB73302,published_open,LOW,Cite the genome paper,RefSeq/representative genome - published and open,,
Polydrusus tereticollis,GCA_963920685.1,PRJEB71550,published_open,LOW,Cite the genome paper,RefSeq/representative genome - published and open,,
Popillia japonica,GCA_042919845.1,PRJNA1120502,published_open,LOW,Cite the genome paper,RefSeq/representative genome - published and open,,
Porrerus dealbatus,GCA_055732005.1,PRJNA1403738,published_open,LOW,Cite the genome paper,RefSeq/representative genome - published and open,,
Porrerus sp. PORPER,GCA_055730585.1,PRJNA1403738,to_verify,LOW,Standard NCBI submission - verify publication,,,
Priacma serrata,GCA_000281835.1,PRJNA74387,to_verify,LOW,Standard NCBI submission - verify publication,,,
Prionocyphon serricornis,GCA_965648515.1,PRJEB94376,published_open,LOW,Cite the genome paper,RefSeq/representative genome - published and open,,
Prionychus ater,GCA_965112505.1,PRJEB84216,published_open,LOW,Cite the genome paper,RefSeq/representative genome - published and open,,
Promethis valgipes,GCA_054205895.1,PRJNA1308995,published_open,LOW,Cite the genome paper,RefSeq/representative genome - published and open,,
Propomacrus cypriacus,GCA_977019095.1,PRJEB90650,published_open,LOW,Cite the genome paper,RefSeq/representative genome - published and open,,
Propylea japonica,GCA_013421045.1,PRJNA498898,published_open,LOW,Cite the genome paper,RefSeq/representative genome - published and open,,
Propylea quattuordecimpunctata,GCA_976925235.1,PRJEB97233,published_open,LOW,Cite the genome paper,RefSeq/representative genome - published and open,,
Prosopocoilus inquinatus,GCA_036172665.1,PRJNA1015594,published_open,LOW,Cite the genome paper,RefSeq/representative genome - published and open,,
Protaetia brevitarsis,GCA_051903415.1,PRJNA1286165,published_open,LOW,Cite the genome paper,RefSeq/representative genome - published and open,,
Protidricerus obscurus,GCA_055696985.1,PRJNA1403738,published_open,LOW,Cite the genome paper,RefSeq/representative genome - published and open,,
Protoplectron longitudinale,GCA_055698315.1,PRJNA1403738,published_open,LOW,Cite the genome paper,RefSeq/representative genome - published and open,,
Pseudeuparius sepicola,GCA_963920635.1,PRJEB71547,published_open,LOW,Cite the genome paper,RefSeq/representative genome - published and open,,
Pseudocistela ceramboides,GCA_965601595.1,PRJEB90520,published_open,LOW,Cite the genome paper,RefSeq/representative genome - published and open,,
Pseudomimeciton antennatum,GCA_027576155.1,PRJNA342853,published_open,LOW,Cite the genome paper,RefSeq/representative genome - published and open,,
Psylliodes chrysocephalus,GCA_927349885.1,PRJEB47896,published_open,LOW,Cite the genome paper,RefSeq/representative genome - published and open,,
Pterostichus diligens,GCA_976289695.1,PRJEB96225,published_open,LOW,Cite the genome paper,RefSeq/representative genome - published and open,,
Pterostichus madidus,GCA_911728475.2,PRJEB46627,published_open,LOW,Cite the genome paper,RefSeq/representative genome - published and open,,
Pterostichus niger,GCA_947425015.1,PRJEB57831,published_open,LOW,Cite the genome paper,RefSeq/representative genome - published and open,,
Pterostichus vernalis,GCA_965283465.1,PRJEB89592,published_open,LOW,Cite the genome paper,RefSeq/representative genome - published and open,,
Pycnomerus fuliginosus,GCA_963924575.1,PRJEB72072,published_open,LOW,Cite the genome paper,RefSeq/representative genome - published and open,,
Pyrochroa serraticornis,GCA_905333025.2,PRJEB43484,published_open,LOW,Cite the genome paper,RefSeq/representative genome - published and open,,
Pyrocoelia pectoralis,GCA_036250285.1,PRJNA1014999,published_open,LOW,Cite the genome paper,RefSeq/representative genome - published and open,,
Quadriops clusia,GCA_033557875.1,PRJNA977672,published_open,LOW,Cite the genome paper,RefSeq/representative genome - published and open,,
Quedius lateralis,GCA_964338995.1,PRJEB82339,published_open,LOW,Cite the genome paper,RefSeq/representative genome - published and open,,
Radziella styx,GCA_979475445.1,PRJEB85637,published_open,LOW,Cite the genome paper,RefSeq/representative genome - published and open,,
Rhagium mordax,GCA_963680705.1,PRJEB70411,published_open,LOW,Cite the genome paper,RefSeq/representative genome - published and open,,
Rhagonycha fulva,GCA_905340355.1,PRJEB43726,published_open,LOW,Cite the genome paper,RefSeq/representative genome - published and open,,
Rhagonycha lignosa,GCA_965212295.1,PRJEB87035,published_open,LOW,Cite the genome paper,RefSeq/representative genome - published and open,,
Rhagonycha lutea,GCA_958510855.1,PRJEB64396,published_open,LOW,Cite the genome paper,RefSeq/representative genome - published and open,,
Rhagophthalmus giganteus,GCA_036326145.1,PRJNA884806,published_open,LOW,Cite the genome paper,RefSeq/representative genome - published and open,,
Rhamnusium bicolor,GCA_029963845.1,PRJNA609440,published_open,LOW,Cite the genome paper,RefSeq/representative genome - published and open,,
Rhizotrogus aestivus,GCA_965643555.1,PRJEB93944,published_open,LOW,Cite the genome paper,RefSeq/representative genome - published and open,,
Rhynchophorus ferrugineus,GCA_030347505.2,PRJNA950221,published_open,LOW,Cite the genome paper,RefSeq/representative genome - published and open,,
Rhyzobius forestieri,GCA_966185095.1,PRJEB95843,published_open,LOW,Cite the genome paper,RefSeq/representative genome - published and open,,
Rhyzopertha dominica,GCA_055878605.1,PRJNA1330578,published_open,LOW,Cite the genome paper,RefSeq/representative genome - published and open,,
Rosalia funebris,GCA_037954035.1,PRJNA1063281,published_open,LOW,Cite the genome paper,RefSeq/representative genome - published and open,,
Rutpela maculata,GCA_936432065.2,PRJEB52068,published_open,LOW,Cite the genome paper,RefSeq/representative genome - published and open,,
Salpingus planirostris,GCA_949788335.1,PRJEB61168,published_open,LOW,Cite the genome paper,RefSeq/representative genome - published and open,,
Sambus kanssuensis,GCA_047651835.1,PRJNA1213008,published_open,LOW,Cite the genome paper,RefSeq/representative genome - published and open,,
Sarophorus costatus,GCA_032191635.1,PRJNA977672,published_open,LOW,Cite the genome paper,RefSeq/representative genome - published and open,,
Scaphidium quadrimaculatum,GCA_965282785.1,PRJEB89534,published_open,LOW,Cite the genome paper,RefSeq/representative genome - published and open,,
Scarites abbreviatus,GCA_982297035.1,PRJEB110036,published_open,LOW,Cite the genome paper,RefSeq/representative genome - published and open,,
Sceptobius lativentris,GCA_025399995.1,PRJNA397576,published_open,LOW,Cite the genome paper,RefSeq/representative genome - published and open,,
Schizotus pectinicornis,GCA_951805265.1,PRJEB62789,published_open,LOW,Cite the genome paper,RefSeq/representative genome - published and open,,
Sepedophilus sp. GC000190,GCA_030264515.1,PRJNA764224,to_verify,LOW,Standard NCBI submission - verify publication,,,
Serangium japonicum,GCA_040543525.2,PRJNA957052,published_open,LOW,Cite the genome paper,RefSeq/representative genome - published and open,,
Serica brunnea,GCA_973946265.1,PRJEB96439,published_open,LOW,Cite the genome paper,RefSeq/representative genome - published and open,,
Serrognathus titanus,GCA_039766575.1,PRJNA1100426,published_open,LOW,Cite the genome paper,RefSeq/representative genome - published and open,,
Sialis fuliginosa,GCA_961205875.1,PRJEB64607,published_open,LOW,Cite the genome paper,RefSeq/representative genome - published and open,,
Sialis lutaria,GCA_949319165.1,PRJEB60236,published_open,LOW,Cite the genome paper,RefSeq/representative genome - published and open,,
Silvanus unidentatus,GCA_963930825.1,PRJEB72183,published_open,LOW,Cite the genome paper,RefSeq/representative genome - published and open,,
Sinelater perroti,GCA_036346155.1,PRJNA884806,published_open,LOW,Cite the genome paper,RefSeq/representative genome - published and open,,
Sinopyrophorus schimmeli,GCA_036325965.1,PRJNA884806,published_open,LOW,Cite the genome paper,RefSeq/representative genome - published and open,,
Sisyphus schaefferi,GCA_977862225.1,PRJEB94609,published_open,LOW,Cite the genome paper,RefSeq/representative genome - published and open,,
Sisyra nigra,GCA_958496155.1,PRJEB64362,published_open,LOW,Cite the genome paper,RefSeq/representative genome - published and open,,
Sisyra terminalis,GCA_958496175.1,PRJEB64375,published_open,LOW,Cite the genome paper,RefSeq/representative genome - published and open,,
Sitona lineatus,GCA_964263205.1,PRJEB79950,published_open,LOW,Cite the genome paper,RefSeq/representative genome - published and open,,
Sitophilus oryzae,GCA_002938485.2,PRJNA431034,published_open,LOW,Cite the genome paper,RefSeq/representative genome - published and open,,
Sitophilus zeamais,GCA_047936755.1,PRJNA1208214,published_open,LOW,Cite the genome paper,RefSeq/representative genome - published and open,,
Sperchopsis tessellata,GCA_033557685.1,PRJNA977672,published_open,LOW,Cite the genome paper,RefSeq/representative genome - published and open,,
Sphaeridium bipustulatum,GCA_977013595.1,PRJEB100567,published_open,LOW,Cite the genome paper,RefSeq/representative genome - published and open,,
Sphaeroderma testaceum,GCA_971796245.1,PRJEB96099,published_open,LOW,Cite the genome paper,RefSeq/representative genome - published and open,,
Staphylinus erythropterus,GCA_964211955.1,PRJEB78587,published_open,LOW,Cite the genome paper,RefSeq/representative genome - published and open,,
Stenocarus ruficornis,GCA_977017535.1,PRJEB101941,published_open,LOW,Cite the genome paper,RefSeq/representative genome - published and open,,
Stenodera caucasica,GCA_037414795.1,PRJNA1067880,published_open,LOW,Cite the genome paper,RefSeq/representative genome - published and open,,
Stenolophus ochropezus,GCA_035578165.1,PRJNA849189,published_open,LOW,Cite the genome paper,RefSeq/representative genome - published and open,,
Stenosis austini,GCA_976980505.1,PRJEB91067,published_open,LOW,Cite the genome paper,RefSeq/representative genome - published and open,,
Stenurella melanura,GCA_963583905.1,PRJEB68169,published_open,LOW,Cite the genome paper,RefSeq/representative genome - published and open,,
Stenus bimaculatus,GCA_963971135.1,PRJEB73464,published_open,LOW,Cite the genome paper,RefSeq/representative genome - published and open,,
Sternochetus mangiferae,GCA_051294475.1,PRJNA1199592,published_open,LOW,Cite the genome paper,RefSeq/representative genome - published and open,,
Stictoleptura scutellata,GCA_964212005.1,PRJEB78590,published_open,LOW,Cite the genome paper,RefSeq/representative genome - published and open,,
Stilbopteryx linearis,GCA_055697085.1,PRJNA1403738,published_open,LOW,Cite the genome paper,RefSeq/representative genome - published and open,,
Subcoccinella vigintiquattuorpunctata,GCA_965783985.1,PRJEB95123,published_open,LOW,Cite the genome paper,RefSeq/representative genome - published and open,,
Synclisis japonica,GCA_055697145.1,PRJNA1403738,published_open,LOW,Cite the genome paper,RefSeq/representative genome - published and open,,
Tachinus rufipes,GCA_963932245.1,PRJEB72339,published_open,LOW,Cite the genome paper,RefSeq/representative genome - published and open,,
Tachinus sp. AB-2021,GCA_030264575.1,PRJNA764224,to_verify,LOW,Standard NCBI submission - verify publication,,,
Tachyporus hypnorum,GCA_965783885.1,PRJEB95124,published_open,LOW,Cite the genome paper,RefSeq/representative genome - published and open,,
Taeniapion urticarium,GCA_978019935.1,PRJEB106457,published_open,LOW,Cite the genome paper,RefSeq/representative genome - published and open,,
Taphrorychus bicolor,GCA_951812265.1,PRJEB62903,published_open,LOW,Cite the genome paper,RefSeq/representative genome - published and open,,
Tarphius canariensis,GCA_964277315.1,PRJEB81330,published_open,LOW,Cite the genome paper,RefSeq/representative genome - published and open,,
Temnoplectron lewisense,GCA_033557385.1,PRJNA977672,published_open,LOW,Cite the genome paper,RefSeq/representative genome - published and open,,
Tenebrio molitor,GCF_963966145.1,PRJEB72558,published_open,LOW,Cite the genome paper,RefSeq/representative genome - published and open,,
Tetradonia laticeps,GCA_025400035.1,PRJNA342852,published_open,LOW,Cite the genome paper,RefSeq/representative genome - published and open,,
Tetraopes melanurus,GCA_054850815.1,PRJNA1287481,published_open,LOW,Cite the genome paper,RefSeq/representative genome - published and open,,
Tetraopes sublaevis,GCA_054850805.1,PRJNA1287481,published_open,LOW,Cite the genome paper,RefSeq/representative genome - published and open,,
Tetraopes tetrophthalmus,GCA_054850835.1,PRJNA1287481,published_open,LOW,Cite the genome paper,RefSeq/representative genome - published and open,,
Tetropium fuscum,GCA_964058775.1,PRJEB75844,published_open,LOW,Cite the genome paper,RefSeq/representative genome - published and open,,
Thanatophilus sinuatus,GCA_051122355.1,PRJNA1195369,published_open,LOW,Cite the genome paper,RefSeq/representative genome - published and open,,
Thyregis relictus,GCA_033557495.1,PRJNA977672,published_open,LOW,Cite the genome paper,RefSeq/representative genome - published and open,,
Tillus elongatus,GCA_964006375.1,PRJEB74021,published_open,LOW,Cite the genome paper,RefSeq/representative genome - published and open,,
Tomicus yunnanensis,GCA_054825155.1,PRJNA1393581,published_open,LOW,Cite the genome paper,RefSeq/representative genome - published and open,,
Trechiama kuznetsovi,GCA_054771555.1,PRJDB15628,published_open,LOW,Cite the genome paper,RefSeq/representative genome - published and open,,
Trechiama lewisi,GCA_050230255.1,PRJNA1237515,published_open,LOW,Cite the genome paper,RefSeq/representative genome - published and open,,
Tribolium castaneum,GCF_031307605.1,PRJNA865805,published_open,LOW,Cite the genome paper,RefSeq/representative genome - published and open,,
Tribolium confusum,GCA_029207805.1,PRJNA782542,published_open,LOW,Cite the genome paper,RefSeq/representative genome - published and open,,
Tribolium freemani,GCA_939628115.1,PRJEB52307,published_open,LOW,Cite the genome paper,RefSeq/representative genome - published and open,,
Tribolium madens,GCF_015345945.1,PRJNA668153,published_open,LOW,Cite the genome paper,RefSeq/representative genome - published and open,,
Trigonoscuta pilosa,GCA_046128435.1,PRJNA1136468,published_open,LOW,Cite the genome paper,RefSeq/representative genome - published and open,,
Troglocharinus ferreri,GCA_982185335.1,PRJEB96376,published_open,LOW,Cite the genome paper,RefSeq/representative genome - published and open,,
Trypodendron lineatum,GCA_055532135.1,PRJNA1368887,published_open,LOW,Cite the genome paper,RefSeq/representative genome - published and open,,
Trypoxylus dichotomus,GCA_023509865.1,PRJNA688811,published_open,LOW,Cite the genome paper,RefSeq/representative genome - published and open,,
Tytthaspis sedecimpunctata,GCA_977970285.1,PRJEB105664,published_open,LOW,Cite the genome paper,RefSeq/representative genome - published and open,,
Uleiota planata,GCA_965112455.1,PRJEB84218,published_open,LOW,Cite the genome paper,RefSeq/representative genome - published and open,,
Ulomoides dermestoides,GCA_040954815.1,PRJNA1135335,published_open,LOW,Cite the genome paper,RefSeq/representative genome - published and open,,
Ululodes cajennensis,GCA_055697065.1,PRJNA1403738,published_open,LOW,Cite the genome paper,RefSeq/representative genome - published and open,,
Venustoraphidia nigricollis,GCA_034508555.1,PRJNA996517,published_open,LOW,Cite the genome paper,RefSeq/representative genome - published and open,,
Vesta saturnalis,GCA_036346205.1,PRJNA884806,published_open,LOW,Cite the genome paper,RefSeq/representative genome - published and open,,
Weissflogia rhopalogaster,GCA_019419845.2,PRJNA397445,published_open,LOW,Cite the genome paper,RefSeq/representative genome - published and open,,
Xantholinus longiventris,GCA_978045125.1,PRJEB106917,published_open,LOW,Cite the genome paper,RefSeq/representative genome - published and open,,
Xanthostigma xanthostigma,GCA_963575645.1,PRJEB67825,published_open,LOW,Cite the genome paper,RefSeq/representative genome - published and open,,
Xestobium rufovillosum,GCA_963966045.2,PRJEB72516,published_open,LOW,Cite the genome paper,RefSeq/representative genome - published and open,,
Xyleborus affinis,GCA_046766355.1,PRJNA1169561,published_open,LOW,Cite the genome paper,RefSeq/representative genome - published and open,,
Xyleborus bispinatus,GCA_049176215.1,PRJNA1215904,published_open,LOW,Cite the genome paper,RefSeq/representative genome - published and open,,
Xyleborus glabratus,GCA_049176235.1,PRJNA1215918,published_open,LOW,Cite the genome paper,RefSeq/representative genome - published and open,,
Zonitis immaculata,GCA_037414775.1,PRJNA1067880,published_open,LOW,Cite the genome paper,RefSeq/representative genome - published and open,,
Zophobas atratus,GCA_022388445.1,PRJNA764250,published_open,LOW,Cite the genome paper,RefSeq/representative genome - published and open,,
Zophobas morio,GCA_027724725.1,PRJNA820846,to_verify,LOW,Likely fine - has RefSeq status,,,
Zygogramma bicolorata,GCA_032362365.1,PRJNA1010988,published_open,LOW,Cite the genome paper,RefSeq/representative genome - published and open,,
