species_name,genus,family,order,role
Abax parallelepipedus,Abax,Carabidae,Coleoptera,ingroup
Abscondita cerata,Abscondita,Lampyridae,Coleoptera,ingroup
Abscondita terminalis,Abscondita,Lampyridae,Coleoptera,ingroup
Acanthacorydalis orientalis,Acanthacorydalis,Corydalidae,Megaloptera,outgroup
Acanthoscelides obtectus,Acanthoscelides,Chrysomelidae,Coleoptera,ingroup
Actenicerus siaelandicus,Actenicerus,Elateridae,Coleoptera,ingroup
Acupalpus dubius,Acupalpus,Carabidae,Coleoptera,ingroup
Acupalpus parvulus,Acupalpus,Carabidae,Coleoptera,ingroup
Adalia bipunctata,Adalia,Coccinellidae,Coleoptera,ingroup
Adalia decempunctata,Adalia,Coccinellidae,Coleoptera,ingroup
Adelopsella bosnica,Adelopsella,Leiodidae,Coleoptera,ingroup
Adinopsis sp. GC000173,Adinopsis,Staphylinidae,Coleoptera,ingroup
Adranes taylori,Adranes,Staphylinidae,Coleoptera,ingroup
Aegialia arenaria,Aegialia,Scarabaeidae,Coleoptera,ingroup
Aenictocupidus jacobsonorum,Aenictocupidus,Staphylinidae,Coleoptera,ingroup
Aethina tumida,Aethina,Nitidulidae,Coleoptera,ingroup
Agelastica alni,Agelastica,Chrysomelidae,Coleoptera,ingroup
Agonum fuliginosum,Agonum,Carabidae,Coleoptera,ingroup
Agonum gracile,Agonum,Carabidae,Coleoptera,ingroup
Agonum viduum,Agonum,Carabidae,Coleoptera,ingroup
Agrilus biguttatus,Agrilus,Buprestidae,Coleoptera,ingroup
Agrilus cyanescens,Agrilus,Buprestidae,Coleoptera,ingroup
Agrilus mali,Agrilus,Buprestidae,Coleoptera,ingroup
Agrilus planipennis,Agrilus,Buprestidae,Coleoptera,ingroup
Agriotes ferrugineipennis,Agriotes,Elateridae,Coleoptera,ingroup
Agriotes lineatus,Agriotes,Elateridae,Coleoptera,ingroup
Agriotes mancus,Agriotes,Elateridae,Coleoptera,ingroup
Agriotes obscurus,Agriotes,Elateridae,Coleoptera,ingroup
Agriotes pubescens,Agriotes,Elateridae,Coleoptera,ingroup
Agriotes sputator,Agriotes,Elateridae,Coleoptera,ingroup
Agrypnus murinus,Agrypnus,Elateridae,Coleoptera,ingroup
Alaus oculatus,Alaus,Elateridae,Coleoptera,ingroup
Aleochara bilineata,Aleochara,Staphylinidae,Coleoptera,ingroup
Aleochara curtula,Aleochara,Staphylinidae,Coleoptera,ingroup
Aleochara sp. GC000083,Aleochara,Staphylinidae,Coleoptera,ingroup
Altica lythri,Altica,Chrysomelidae,Coleoptera,ingroup
Amara aenea,Amara,Carabidae,Coleoptera,ingroup
Amara convexiuscula,Amara,Carabidae,Coleoptera,ingroup
Amara familiaris,Amara,Carabidae,Coleoptera,ingroup
Amara ovata,Amara,Carabidae,Coleoptera,ingroup
Ameromyia strigosa,Ameromyia,Myrmeleontidae,Neuroptera,outgroup
Ampedus sanguinolentus,Ampedus,Elateridae,Coleoptera,ingroup
Amphimallon solstitiale,Amphimallon,Scarabaeidae,Coleoptera,ingroup
Amphistomus primonactus,Amphistomus,Scarabaeidae,Coleoptera,ingroup
Anaglyptus mysticus,Anaglyptus,Cerambycidae,Coleoptera,ingroup
Anaspis frontalis,Anaspis,Scraptiidae,Coleoptera,ingroup
Anaspis maculata,Anaspis,Scraptiidae,Coleoptera,ingroup
Anaspis regimbarti,Anaspis,Scraptiidae,Coleoptera,ingroup
Anaulacaspis nigra,Anaulacaspis,Staphylinidae,Coleoptera,ingroup
Anisosticta novemdecimpunctata,Anisosticta,Coccinellidae,Coleoptera,ingroup
Anobium punctatum,Anobium,Ptinidae,Coleoptera,ingroup
Anoplophora chinensis,Anoplophora,Cerambycidae,Coleoptera,ingroup
Anoplophora glabripennis,Anoplophora,Cerambycidae,Coleoptera,ingroup
Anoplophora malasiaca,Anoplophora,Cerambycidae,Coleoptera,ingroup
Anthobium unicolor,Anthobium,Staphylinidae,Coleoptera,ingroup
Anthocomus fasciatus,Anthocomus,Melyridae,Coleoptera,ingroup
Anthonomus grandis grandis,Anthonomus,Curculionidae,Coleoptera,ingroup
Anthonomus grandis thurberiae,Anthonomus,Curculionidae,Coleoptera,ingroup
Anthonomus rubi,Anthonomus,Curculionidae,Coleoptera,ingroup
Anthroherpon ganglbaueri,Anthroherpon,Leiodidae,Coleoptera,ingroup
Aphidecta obliterata,Aphidecta,Coccinellidae,Coleoptera,ingroup
Aphodius fimetarius,Aphodius,Scarabaeidae,Coleoptera,ingroup
Aphodius granarius,Aphodius,Scarabaeidae,Coleoptera,ingroup
Aphodius immundus,Aphodius,Scarabaeidae,Coleoptera,ingroup
Aphodius sticticus,Aphodius,Scarabaeidae,Coleoptera,ingroup
Aplotarsus incanus,Aplotarsus,Elateridae,Coleoptera,ingroup
Apoderus coryli,Apoderus,Attelabidae,Coleoptera,ingroup
Aquatica leii,Aquatica,Lampyridae,Coleoptera,ingroup
Araecerus fasciculatus,Araecerus,Anthribidae,Coleoptera,ingroup
Arhopalus rusticus,Arhopalus,Cerambycidae,Coleoptera,ingroup
Arhopalus unicolor,Arhopalus,Cerambycidae,Coleoptera,ingroup
Aromia moschata,Aromia,Cerambycidae,Coleoptera,ingroup
Asbolus verrucosus,Asbolus,Tenebrionidae,Coleoptera,ingroup
Aspidapion aeneum,Aspidapion,Apionidae,Coleoptera,ingroup
Astagobius angustatus,Astagobius,Leiodidae,Coleoptera,ingroup
Atheta pasadenae,Atheta,Staphylinidae,Coleoptera,ingroup
Attagenus pellio,Attagenus,Dermestidae,Coleoptera,ingroup
Aulacophora lewisii,Aulacophora,Chrysomelidae,Coleoptera,ingroup
Australeon illustris,Australeon,Myrmeleontidae,Neuroptera,outgroup
Baliga asakurae,Baliga,Myrmeleontidae,Neuroptera,outgroup
Baliga eurysticta,Baliga,Myrmeleontidae,Neuroptera,outgroup
Baliga fallax,Baliga,Myrmeleontidae,Neuroptera,outgroup
Baliga guangxiensis,Baliga,Myrmeleontidae,Neuroptera,outgroup
Baliga inanis,Baliga,Myrmeleontidae,Neuroptera,outgroup
Baliga micans,Baliga,Myrmeleontidae,Neuroptera,outgroup
Baliga sp. B7533-1,Baliga,Myrmeleontidae,Neuroptera,outgroup
Baliga sp. B7533-2,Baliga,Myrmeleontidae,Neuroptera,outgroup
Baliga sp. BALMALAY,Baliga,Myrmeleontidae,Neuroptera,outgroup
Baliga sp. BASPYNP,Baliga,Myrmeleontidae,Neuroptera,outgroup
Baliga sp. BEXZ,Baliga,Myrmeleontidae,Neuroptera,outgroup
Baliga sp. BLSPBOR2,Baliga,Myrmeleontidae,Neuroptera,outgroup
Barypeithes pellucidus,Barypeithes,Curculionidae,Coleoptera,ingroup
Bathyscidius tristiculus,Bathyscidius,Leiodidae,Coleoptera,ingroup
Batocera lineolata,Batocera,Cerambycidae,Coleoptera,ingroup
Batocera rufomaculata,Batocera,Cerambycidae,Coleoptera,ingroup
Berosus sp. SLE1611,Berosus,Hydrophilidae,Coleoptera,ingroup
Betulapion simile,Betulapion,Apionidae,Coleoptera,ingroup
Biphyllus lunatus,Biphyllus,Biphyllidae,Coleoptera,ingroup
Bitoma crenata,Bitoma,Zopheridae,Coleoptera,ingroup
Blaps rhynchoptera,Blaps,Tenebrionidae,Coleoptera,ingroup
Blemus discus,Blemus,Carabidae,Coleoptera,ingroup
Brachynemurus hubbardii,Brachynemurus,Myrmeleontidae,Neuroptera,outgroup
Brachynemurus nebulosus,Brachynemurus,Myrmeleontidae,Neuroptera,outgroup
Brachypterus glaber,Brachypterus,Kateretidae,Coleoptera,ingroup
Brassicogethes aeneus,Brassicogethes,Nitidulidae,Coleoptera,ingroup
Brontispa longissima,Brontispa,Chrysomelidae,Coleoptera,ingroup
Bruchidius siliquastri,Bruchidius,Chrysomelidae,Coleoptera,ingroup
Bruchidius varius,Bruchidius,Chrysomelidae,Coleoptera,ingroup
Bruchidius villosus,Bruchidius,Chrysomelidae,Coleoptera,ingroup
Caccobius schreberi,Caccobius,Scarabaeidae,Coleoptera,ingroup
Calathus fuscipes,Calathus,Carabidae,Coleoptera,ingroup
Calathus melanocephalus,Calathus,Carabidae,Coleoptera,ingroup
Calligrapha alni,Calligrapha,Chrysomelidae,Coleoptera,ingroup
Callosobruchus maculatus,Callosobruchus,Chrysomelidae,Coleoptera,ingroup
Calodromius spilotus,Calodromius,Carabidae,Coleoptera,ingroup
Calosoma granatense,Calosoma,Carabidae,Coleoptera,ingroup
Calosoma relictum,Calosoma,Carabidae,Coleoptera,ingroup
Calosoma tepidum,Calosoma,Carabidae,Coleoptera,ingroup
Calosoma wilkesii,Calosoma,Carabidae,Coleoptera,ingroup
Calvia quattuordecimguttata,Calvia,Coccinellidae,Coleoptera,ingroup
Cantharis decipiens,Cantharis,Cantharidae,Coleoptera,ingroup
Cantharis flavilabris,Cantharis,Cantharidae,Coleoptera,ingroup
Cantharis lateralis,Cantharis,Cantharidae,Coleoptera,ingroup
Cantharis nigra,Cantharis,Cantharidae,Coleoptera,ingroup
Cantharis pallida,Cantharis,Cantharidae,Coleoptera,ingroup
Cantharis rufa,Cantharis,Cantharidae,Coleoptera,ingroup
Cantharis rustica,Cantharis,Cantharidae,Coleoptera,ingroup
Canthon chalcites,Canthon,Scarabaeidae,Coleoptera,ingroup
Carabus banonii,Carabus,Carabidae,Coleoptera,ingroup
Carabus blaptoides fortunei,Carabus,Carabidae,Coleoptera,ingroup
Carabus depressus,Carabus,Carabidae,Coleoptera,ingroup
Carabus esakii,Carabus,Carabidae,Coleoptera,ingroup
Carabus nemoralis,Carabus,Carabidae,Coleoptera,ingroup
Carabus problematicus,Carabus,Carabidae,Coleoptera,ingroup
Carabus staehlini,Carabus,Carabidae,Coleoptera,ingroup
Cartodere bifasciata,Cartodere,Latridiidae,Coleoptera,ingroup
Catharsius molossus,Catharsius,Scarabaeidae,Coleoptera,ingroup
Catops nigricans,Catops,Leiodidae,Coleoptera,ingroup
Cedrorum azoricus,Cedrorum,Carabidae,Coleoptera,ingroup
Centroclisis negligens,Centroclisis,Myrmeleontidae,Neuroptera,outgroup
Cetonia aurata,Cetonia,Scarabaeidae,Coleoptera,ingroup
Ceutorhynchus assimilis,Ceutorhynchus,Curculionidae,Coleoptera,ingroup
Ceutorhynchus obstrictus,Ceutorhynchus,Curculionidae,Coleoptera,ingroup
Chaetocnema hortensis,Chaetocnema,Chrysomelidae,Coleoptera,ingroup
Chrysina gloriosa,Chrysina,Scarabaeidae,Coleoptera,ingroup
Chrysina resplendens,Chrysina,Scarabaeidae,Coleoptera,ingroup
Chrysolina americana,Chrysolina,Chrysomelidae,Coleoptera,ingroup
Chrysolina graminis,Chrysolina,Chrysomelidae,Coleoptera,ingroup
Chrysolina haemoptera,Chrysolina,Chrysomelidae,Coleoptera,ingroup
Chrysolina herbacea,Chrysolina,Chrysomelidae,Coleoptera,ingroup
Chrysolina hyperici,Chrysolina,Chrysomelidae,Coleoptera,ingroup
Chrysolina oricalcia,Chrysolina,Chrysomelidae,Coleoptera,ingroup
Chrysomela aeneicollis,Chrysomela,Chrysomelidae,Coleoptera,ingroup
Chrysomela populi,Chrysomela,Chrysomelidae,Coleoptera,ingroup
Chrysomela saliceti,Chrysomela,Chrysomelidae,Coleoptera,ingroup
Chrysopa pallens,Chrysopa,Chrysopidae,Neuroptera,outgroup
Chrysoperla carnea,Chrysoperla,Chrysopidae,Neuroptera,outgroup
Chrysoperla zastrowi sillemi,Chrysoperla,Chrysopidae,Neuroptera,outgroup
Cis bilamellatus,Cis,Ciidae,Coleoptera,ingroup
Clivina fossor,Clivina,Carabidae,Coleoptera,ingroup
Coccidula rufa,Coccidula,Coccinellidae,Coleoptera,ingroup
Coccinella magnifica,Coccinella,Coccinellidae,Coleoptera,ingroup
Coccinella septempunctata,Coccinella,Coccinellidae,Coleoptera,ingroup
Coccinella transversoguttata,Coccinella,Coccinellidae,Coleoptera,ingroup
Coelostoma orbiculare,Coelostoma,Hydrophilidae,Coleoptera,ingroup
Colydium elongatum,Colydium,Zopheridae,Coleoptera,ingroup
Conwentzia psociformis,Conwentzia,Coniopterygidae,Neuroptera,outgroup
Copris fidius,Copris,Scarabaeidae,Coleoptera,ingroup
Coproporus ventriculus,Coproporus,Staphylinidae,Coleoptera,ingroup
Coptodactyla brooksi,Coptodactyla,Scarabaeidae,Coleoptera,ingroup
Cosmopolites sordidus,Cosmopolites,Curculionidae,Coleoptera,ingroup
Crepidodera aurata,Crepidodera,Chrysomelidae,Coleoptera,ingroup
Crepidodera aurea,Crepidodera,Chrysomelidae,Coleoptera,ingroup
Crepidodera fulvicornis,Crepidodera,Chrysomelidae,Coleoptera,ingroup
Crioceris asparagi,Crioceris,Chrysomelidae,Coleoptera,ingroup
Crudosilis ruficollis,Crudosilis,Cantharidae,Coleoptera,ingroup
Cryptocephalus moraei,Cryptocephalus,Chrysomelidae,Coleoptera,ingroup
Cryptocephalus primarius,Cryptocephalus,Chrysomelidae,Coleoptera,ingroup
Cryptocephalus pusillus,Cryptocephalus,Chrysomelidae,Coleoptera,ingroup
Cryptolaemus montrouzieri,Cryptolaemus,Coccinellidae,Coleoptera,ingroup
Cryptophagus acutangulus,Cryptophagus,Cryptophagidae,Coleoptera,ingroup
Cryptorhynchus lapathi,Cryptorhynchus,Curculionidae,Coleoptera,ingroup
Ctenicera cuprea,Ctenicera,Elateridae,Coleoptera,ingroup
Cueta kurzi,Cueta,Myrmeleontidae,Neuroptera,outgroup
Cueta schamona,Cueta,Myrmeleontidae,Neuroptera,outgroup
Curculio caryae,Curculio,Curculionidae,Coleoptera,ingroup
Curculio glandium,Curculio,Curculionidae,Coleoptera,ingroup
Cylas formicarius,Cylas,Brentidae,Coleoptera,ingroup
Cynaeus angustus,Cynaeus,Tenebrionidae,Coleoptera,ingroup
Cynegetis impunctata,Cynegetis,Coccinellidae,Coleoptera,ingroup
Cypha longicornis,Cypha,Staphylinidae,Coleoptera,ingroup
Dailognatha quadricollis,Dailognatha,Tenebrionidae,Coleoptera,ingroup
Dalopius marginatus,Dalopius,Elateridae,Coleoptera,ingroup
Dalotia coriaria,Dalotia,Staphylinidae,Coleoptera,ingroup
Dascillus cervinus,Dascillus,Dascillidae,Coleoptera,ingroup
Dastarcus helophoroides,Dastarcus,Bothrideridae,Coleoptera,ingroup
Deinopsis erosa,Deinopsis,Staphylinidae,Coleoptera,ingroup
Dendarus foraminosus,Dendarus,Tenebrionidae,Coleoptera,ingroup
Dendroctonus frontalis,Dendroctonus,Curculionidae,Coleoptera,ingroup
Dendroctonus ponderosae,Dendroctonus,Curculionidae,Coleoptera,ingroup
Dendroctonus valens,Dendroctonus,Curculionidae,Coleoptera,ingroup
Dendroleon pantherinus,Dendroleon,Myrmeleontidae,Neuroptera,outgroup
Denticollis linearis,Denticollis,Elateridae,Coleoptera,ingroup
Dermolepida albohirtum,Dermolepida,Scarabaeidae,Coleoptera,ingroup
Diabrotica balteata,Diabrotica,Chrysomelidae,Coleoptera,ingroup
Diabrotica undecimpunctata,Diabrotica,Chrysomelidae,Coleoptera,ingroup
Diabrotica virgifera virgifera,Diabrotica,Chrysomelidae,Coleoptera,ingroup
Diaperis boleti,Diaperis,Tenebrionidae,Coleoptera,ingroup
Diaprepes abbreviatus,Diaprepes,Curculionidae,Coleoptera,ingroup
Dicheirus dilatatus,Dicheirus,Carabidae,Coleoptera,ingroup
Digitonthophagus gazella,Digitonthophagus,Scarabaeidae,Coleoptera,ingroup
Diorhabda carinata,Diorhabda,Chrysomelidae,Coleoptera,ingroup
Diorhabda carinulata,Diorhabda,Chrysomelidae,Coleoptera,ingroup
Diorhabda elongata,Diorhabda,Chrysomelidae,Coleoptera,ingroup
Diorhabda sublineata,Diorhabda,Chrysomelidae,Coleoptera,ingroup
Diorygopyx duplodentatus,Diorygopyx,Scarabaeidae,Coleoptera,ingroup
Diplocoelus fagi,Diplocoelus,Biphyllidae,Coleoptera,ingroup
Diploeciton nevermanni,Diploeciton,Staphylinidae,Coleoptera,ingroup
Distenia gracilis,Distenia,Cerambycidae,Coleoptera,ingroup
Donacia provostii,Donacia,Chrysomelidae,Coleoptera,ingroup
Dorcus hopei,Dorcus,Lucanidae,Coleoptera,ingroup
Dorcus parallelipipedus,Dorcus,Lucanidae,Coleoptera,ingroup
Dorylogaster longipes,Dorylogaster,Staphylinidae,Coleoptera,ingroup
Dorysthenes granulosus,Dorysthenes,Cerambycidae,Coleoptera,ingroup
Drilus flavescens,Drilus,Elateridae,Coleoptera,ingroup
Dromius quadrimaculatus,Dromius,Carabidae,Coleoptera,ingroup
Drusilla canaliculata,Drusilla,Staphylinidae,Coleoptera,ingroup
Dynastes grantii,Dynastes,Scarabaeidae,Coleoptera,ingroup
Dynastes hercules hercules,Dynastes,Scarabaeidae,Coleoptera,ingroup
Dynastes hercules paschoali,Dynastes,Scarabaeidae,Coleoptera,ingroup
Dynastes hercules reidi,Dynastes,Scarabaeidae,Coleoptera,ingroup
Dynastes hercules septentrionalis,Dynastes,Scarabaeidae,Coleoptera,ingroup
Dynastes hyllus,Dynastes,Scarabaeidae,Coleoptera,ingroup
Dynastes maya,Dynastes,Scarabaeidae,Coleoptera,ingroup
Dynastes tityus,Dynastes,Scarabaeidae,Coleoptera,ingroup
Earota dentata,Earota,Staphylinidae,Coleoptera,ingroup
Ecitodaemon sp. MM-2014,Ecitodaemon,Staphylinidae,Coleoptera,ingroup
Ecitoglossa quadriceps,Ecitoglossa,Staphylinidae,Coleoptera,ingroup
Ecitomorpha arachnoides,Ecitomorpha,Staphylinidae,Coleoptera,ingroup
Ecitophya simulans,Ecitophya,Staphylinidae,Coleoptera,ingroup
Elaeidobius kamerunicus,Elaeidobius,Curculionidae,Coleoptera,ingroup
Eledona agricola,Eledona,Tenebrionidae,Coleoptera,ingroup
Elmis aenea,Elmis,Elmidae,Coleoptera,ingroup
Endomychus armeniacus,Endomychus,Endomychidae,Coleoptera,ingroup
Endomychus coccineus,Endomychus,Endomychidae,Coleoptera,ingroup
Enochrus cinctus,Enochrus,Hydrophilidae,Coleoptera,ingroup
Epicauta chinensis,Epicauta,Meloidae,Coleoptera,ingroup
Epilissus splendidus,Epilissus,Scarabaeidae,Coleoptera,ingroup
Eucryptorrhynchus brandti,Eucryptorrhynchus,Curculionidae,Coleoptera,ingroup
Eucryptorrhynchus scrobiculatus,Eucryptorrhynchus,Curculionidae,Coleoptera,ingroup
Eulagius filicornis,Eulagius,Mycetophagidae,Coleoptera,ingroup
Euoniticellus fulvus,Euoniticellus,Scarabaeidae,Coleoptera,ingroup
Euroleon coreanus,Euroleon,Myrmeleontidae,Neuroptera,outgroup
Euroleon flavicorpus,Euroleon,Myrmeleontidae,Neuroptera,outgroup
Euroleon nostras,Euroleon,Myrmeleontidae,Neuroptera,outgroup
Euroleon parvus,Euroleon,Myrmeleontidae,Neuroptera,outgroup
Euroleon polyspilus,Euroleon,Myrmeleontidae,Neuroptera,outgroup
Euroleon sp. B7533-1,Euroleon,Myrmeleontidae,Neuroptera,outgroup
Euroleon sp. EPXJ,Euroleon,Myrmeleontidae,Neuroptera,outgroup
Euroleon sp. EUQH1,Euroleon,Myrmeleontidae,Neuroptera,outgroup
Euwallacea fornicatus,Euwallacea,Curculionidae,Coleoptera,ingroup
Euwallacea similis,Euwallacea,Curculionidae,Coleoptera,ingroup
Exocentrus adspersus,Exocentrus,Cerambycidae,Coleoptera,ingroup
Falagria sp. GC000072,Falagria,Staphylinidae,Coleoptera,ingroup
Fusoleon stigmatus,Fusoleon,Myrmeleontidae,Neuroptera,outgroup
Galeruca laticollis,Galeruca,Chrysomelidae,Coleoptera,ingroup
Galerucella calmariensis,Galerucella,Chrysomelidae,Coleoptera,ingroup
Galerucella nymphaeae,Galerucella,Chrysomelidae,Coleoptera,ingroup
Galerucella pusilla,Galerucella,Chrysomelidae,Coleoptera,ingroup
Galerucella sagittariae,Galerucella,Chrysomelidae,Coleoptera,ingroup
Galerucella tenella,Galerucella,Chrysomelidae,Coleoptera,ingroup
Gastrophysa polygoni,Gastrophysa,Chrysomelidae,Coleoptera,ingroup
Gastrophysa viridula,Gastrophysa,Chrysomelidae,Coleoptera,ingroup
Geostiba sp. GC000077,Geostiba,Staphylinidae,Coleoptera,ingroup
Geotrupes spiniger,Geotrupes,Geotrupidae,Coleoptera,ingroup
Glenurus gratus,Glenurus,Myrmeleontidae,Neuroptera,outgroup
Gnatocerus cornutus,Gnatocerus,Tenebrionidae,Coleoptera,ingroup
Gonioctena quinquepunctata,Gonioctena,Chrysomelidae,Coleoptera,ingroup
Gonodera luperus,Gonodera,Tenebrionidae,Coleoptera,ingroup
Graciliella metohijensis,Graciliella,Leiodidae,Coleoptera,ingroup
Grammoptera ruficornis,Grammoptera,Cerambycidae,Coleoptera,ingroup
Grypus equiseti,Grypus,Erirhinidae,Coleoptera,ingroup
Gymnusa sp. GC000175,Gymnusa,Staphylinidae,Coleoptera,ingroup
Hagenomyia conjuncta,Hagenomyia,Myrmeleontidae,Neuroptera,outgroup
Hagenomyia fuscithoraca,Hagenomyia,Myrmeleontidae,Neuroptera,outgroup
Hagenomyia sagax,Hagenomyia,Myrmeleontidae,Neuroptera,outgroup
Hagenomyia tristis,Hagenomyia,Myrmeleontidae,Neuroptera,outgroup
Hallomenus binotatus,Hallomenus,Tetratomidae,Coleoptera,ingroup
Halyzia sedecimguttata,Halyzia,Coccinellidae,Coleoptera,ingroup
Harmonia axyridis,Harmonia,Coccinellidae,Coleoptera,ingroup
Harmonia quadripunctata,Harmonia,Coccinellidae,Coleoptera,ingroup
Harpalus anxius,Harpalus,Carabidae,Coleoptera,ingroup
Harpalus rubripes,Harpalus,Carabidae,Coleoptera,ingroup
Harpalus rufipes,Harpalus,Carabidae,Coleoptera,ingroup
Helictopleurus sicardi,Helictopleurus,Scarabaeidae,Coleoptera,ingroup
Helochares maculicollis,Helochares,Hydrophilidae,Coleoptera,ingroup
Hemicrepidius hirtus,Hemicrepidius,Elateridae,Coleoptera,ingroup
Henosepilachna vigintioctopunctata,Henosepilachna,Coccinellidae,Coleoptera,ingroup
Hermaeophaga mercurialis,Hermaeophaga,Chrysomelidae,Coleoptera,ingroup
Herpes porcellus,Herpes,Curculionidae,Coleoptera,ingroup
Hippodamia convergens,Hippodamia,Coccinellidae,Coleoptera,ingroup
Hippodamia variegata,Hippodamia,Coccinellidae,Coleoptera,ingroup
Holobus sp. GC000080,Holobus,Staphylinidae,Coleoptera,ingroup
Hololepta plana,Hololepta,Histeridae,Coleoptera,ingroup
Holotrichia oblita,Holotrichia,Scarabaeidae,Coleoptera,ingroup
Hycleus cichorii,Hycleus,Meloidae,Coleoptera,ingroup
Hycleus marcipoli,Hycleus,Meloidae,Coleoptera,ingroup
Hycleus phaleratus,Hycleus,Meloidae,Coleoptera,ingroup
Hydrochus callosus,Hydrochus,Hydrochidae,Coleoptera,ingroup
Hypera rumicis,Hypera,Curculionidae,Coleoptera,ingroup
Hypothenemus hampei,Hypothenemus,Curculionidae,Coleoptera,ingroup
Ichthyurus bourgeoisi,Ichthyurus,Cantharidae,Coleoptera,ingroup
Ignelater luminosus,Ignelater,Elateridae,Coleoptera,ingroup
Ips nitidus,Ips,Curculionidae,Coleoptera,ingroup
Ips sexdentatus,Ips,Curculionidae,Coleoptera,ingroup
Ips typographus,Ips,Curculionidae,Coleoptera,ingroup
Iselma pallidipennis,Iselma,Meloidae,Coleoptera,ingroup
Kibakoganea sinica,Kibakoganea,Scarabaeidae,Coleoptera,ingroup
Kibakoganea tamdaoensis,Kibakoganea,Scarabaeidae,Coleoptera,ingroup
Kirghizoleon cubitalis,Kirghizoleon,Myrmeleontidae,Neuroptera,outgroup
Kurasawatrechus hirakei hirakei,Kurasawatrechus,Carabidae,Coleoptera,ingroup
Kuschelorhynchus macadamiae,Kuschelorhynchus,Curculionidae,Coleoptera,ingroup
Kyklioacalles roboris,Kyklioacalles,Curculionidae,Coleoptera,ingroup
Labidoglobus nevermanni,Labidoglobus,Staphylinidae,Coleoptera,ingroup
Labidomera clivicollis,Labidomera,Chrysomelidae,Coleoptera,ingroup
Labidopullus appendiculatus,Labidopullus,Staphylinidae,Coleoptera,ingroup
Laccobius striatulus,Laccobius,Hydrophilidae,Coleoptera,ingroup
Lagria hirta,Lagria,Tenebrionidae,Coleoptera,ingroup
Lamprigera yunnana,Lamprigera,Lampyridae,Coleoptera,ingroup
Lampyris noctiluca,Lampyris,Lampyridae,Coleoptera,ingroup
Laparocerus anagae,Laparocerus,Curculionidae,Coleoptera,ingroup
Larinus minutus,Larinus,Curculionidae,Coleoptera,ingroup
Larinus planus,Larinus,Curculionidae,Coleoptera,ingroup
Larinus ursus,Larinus,Curculionidae,Coleoptera,ingroup
Lasiorhynchites cavifrons,Lasiorhynchites,Attelabidae,Coleoptera,ingroup
Latheticus oryzae,Latheticus,Tenebrionidae,Coleoptera,ingroup
Lathrobium brunnipes,Lathrobium,Staphylinidae,Coleoptera,ingroup
Leiosoma deflexum,Leiosoma,Curculionidae,Coleoptera,ingroup
Leistus fulvibarbis,Leistus,Carabidae,Coleoptera,ingroup
Leistus rufomarginatus,Leistus,Carabidae,Coleoptera,ingroup
Leistus spinibarbis,Leistus,Carabidae,Coleoptera,ingroup
Leonhardella angulicollis,Leonhardella,Leiodidae,Coleoptera,ingroup
Leptinotarsa decemlineata,Leptinotarsa,Chrysomelidae,Coleoptera,ingroup
Leptinotarsa defecta,Leptinotarsa,Chrysomelidae,Coleoptera,ingroup
Leptinotarsa haldemani,Leptinotarsa,Chrysomelidae,Coleoptera,ingroup
Leptinotarsa juncta,Leptinotarsa,Chrysomelidae,Coleoptera,ingroup
Leptinotarsa lineolata,Leptinotarsa,Chrysomelidae,Coleoptera,ingroup
Leptinotarsa peninsularis,Leptinotarsa,Chrysomelidae,Coleoptera,ingroup
Leptinotarsa rubiginosa,Leptinotarsa,Chrysomelidae,Coleoptera,ingroup
Leptinotarsa texana,Leptinotarsa,Chrysomelidae,Coleoptera,ingroup
Leptinotarsa tumamoca,Leptinotarsa,Chrysomelidae,Coleoptera,ingroup
Leptinotarsa undecemlineata,Leptinotarsa,Chrysomelidae,Coleoptera,ingroup
Leptodirus hochenwartii,Leptodirus,Leiodidae,Coleoptera,ingroup
Leptura quadrifasciata,Leptura,Cerambycidae,Coleoptera,ingroup
Leptusa sp. GC000079,Leptusa,Staphylinidae,Coleoptera,ingroup
Lesteva pubescens,Lesteva,Staphylinidae,Coleoptera,ingroup
Lesteva punctata,Lesteva,Staphylinidae,Coleoptera,ingroup
Lethrus apterus,Lethrus,Geotrupidae,Coleoptera,ingroup
Lethrus scoparius,Lethrus,Geotrupidae,Coleoptera,ingroup
Librodor japonicus,Librodor,Nitidulidae,Coleoptera,ingroup
Limonius californicus,Limonius,Elateridae,Coleoptera,ingroup
Limonius poneli,Limonius,Elateridae,Coleoptera,ingroup
Liometoxenus newtonarum,Liometoxenus,Staphylinidae,Coleoptera,ingroup
Liophloeus tessulatus,Liophloeus,Curculionidae,Coleoptera,ingroup
Liopterus haemorrhoidalis,Liopterus,Dytiscidae,Coleoptera,ingroup
Lissagria laeviuscula,Lissagria,Staphylinidae,Coleoptera,ingroup
Listronotus bonariensis,Listronotus,Curculionidae,Coleoptera,ingroup
Listronotus oregonensis,Listronotus,Curculionidae,Coleoptera,ingroup
Lochmaea capreae,Lochmaea,Chrysomelidae,Coleoptera,ingroup
Lochmaea crataegi,Lochmaea,Chrysomelidae,Coleoptera,ingroup
Longitarsus dorsalis,Longitarsus,Chrysomelidae,Coleoptera,ingroup
Longitarsus flavicornis,Longitarsus,Chrysomelidae,Coleoptera,ingroup
Lordithon lunulatus,Lordithon,Staphylinidae,Coleoptera,ingroup
Lucanus miwai,Lucanus,Lucanidae,Coleoptera,ingroup
Luciola italica,Luciola,Lampyridae,Coleoptera,ingroup
Lycocerus yunnanus,Lycocerus,Cantharidae,Coleoptera,ingroup
Lydus trimaculatus,Lydus,Meloidae,Coleoptera,ingroup
Magdalis barbicornis,Magdalis,Curculionidae,Coleoptera,ingroup
Magdalis cerasi,Magdalis,Curculionidae,Coleoptera,ingroup
Malachius bipustulatus,Malachius,Melyridae,Coleoptera,ingroup
Malthinus flaveolus,Malthinus,Cantharidae,Coleoptera,ingroup
Malthinus seriepunctatus,Malthinus,Cantharidae,Coleoptera,ingroup
Malthodes marginatus,Malthodes,Cantharidae,Coleoptera,ingroup
Malthodes minimus,Malthodes,Cantharidae,Coleoptera,ingroup
Marronus borbonicus,Marronus,Scarabaeidae,Coleoptera,ingroup
Megalocaria dilatata,Megalocaria,Coccinellidae,Coleoptera,ingroup
Megatoma undata,Megatoma,Dermestidae,Coleoptera,ingroup
Megistoleon ritsemae,Megistoleon,Myrmeleontidae,Neuroptera,outgroup
Megistopus flavicornis,Megistopus,Myrmeleontidae,Neuroptera,outgroup
Melanotus villosus,Melanotus,Elateridae,Coleoptera,ingroup
Melinopterus prodromus,Melinopterus,Scarabaeidae,Coleoptera,ingroup
Meloe dianella,Meloe,Meloidae,Coleoptera,ingroup
Melolontha melolontha,Melolontha,Scarabaeidae,Coleoptera,ingroup
Metoecus paradoxus,Metoecus,Ripiphoridae,Coleoptera,ingroup
Mexoleon papago,Mexoleon,Myrmeleontidae,Neuroptera,outgroup
Micraspis discolor,Micraspis,Coccinellidae,Coleoptera,ingroup
Micromus angulatus,Micromus,Hemerobiidae,Neuroptera,outgroup
Microrhagus pygmaeus,Microrhagus,Eucnemidae,Coleoptera,ingroup
Mimaenictus wilsoni,Mimaenictus,Staphylinidae,Coleoptera,ingroup
Molorchus minor,Molorchus,Cerambycidae,Coleoptera,ingroup
Mongoleon kaszabi,Mongoleon,Myrmeleontidae,Neuroptera,outgroup
Mongoloraphidia duomilia,Mongoloraphidia,Raphidiidae,Raphidioptera,outgroup
Monochamus alternatus,Monochamus,Cerambycidae,Coleoptera,ingroup
Monochamus saltuarius,Monochamus,Cerambycidae,Coleoptera,ingroup
Monochamus scutellatus,Monochamus,Cerambycidae,Coleoptera,ingroup
Monochamus sutor,Monochamus,Cerambycidae,Coleoptera,ingroup
Monolepta hieroglyphica,Monolepta,Chrysomelidae,Coleoptera,ingroup
Mononychus punctumalbum,Mononychus,Curculionidae,Coleoptera,ingroup
Monotoma picipes,Monotoma,Monotomidae,Coleoptera,ingroup
Morimus asper,Morimus,Cerambycidae,Coleoptera,ingroup
Morimus orientalis,Morimus,Cerambycidae,Coleoptera,ingroup
Mycetophagus atomarius,Mycetophagus,Mycetophagidae,Coleoptera,ingroup
Mycetophagus piceus,Mycetophagus,Mycetophagidae,Coleoptera,ingroup
Mylabris phalerata,Mylabris,Meloidae,Coleoptera,ingroup
Mylabris quadripunctata,Mylabris,Meloidae,Coleoptera,ingroup
Mylabris sibirica,Mylabris,Meloidae,Coleoptera,ingroup
Mylabris variabilis,Mylabris,Meloidae,Coleoptera,ingroup
Myllaena sp. GC000078,Myllaena,Staphylinidae,Coleoptera,ingroup
Myrmecaelurus zigan,Myrmecaelurus,Myrmeleontidae,Neuroptera,outgroup
Myrmeleon acer,Myrmeleon,Myrmeleontidae,Neuroptera,outgroup
Myrmeleon alcestris,Myrmeleon,Myrmeleontidae,Neuroptera,outgroup
Myrmeleon almohadarum,Myrmeleon,Myrmeleontidae,Neuroptera,outgroup
Myrmeleon alternans,Myrmeleon,Myrmeleontidae,Neuroptera,outgroup
Myrmeleon alticolus,Myrmeleon,Myrmeleontidae,Neuroptera,outgroup
Myrmeleon argentinus,Myrmeleon,Myrmeleontidae,Neuroptera,outgroup
Myrmeleon basutus,Myrmeleon,Myrmeleontidae,Neuroptera,outgroup
Myrmeleon brasiliensis,Myrmeleon,Myrmeleontidae,Neuroptera,outgroup
Myrmeleon circumcinctus,Myrmeleon,Myrmeleontidae,Neuroptera,outgroup
Myrmeleon croceicolli,Myrmeleon,Myrmeleontidae,Neuroptera,outgroup
Myrmeleon dolosus,Myrmeleon,Myrmeleontidae,Neuroptera,outgroup
Myrmeleon doralice,Myrmeleon,Myrmeleontidae,Neuroptera,outgroup
Myrmeleon exitialis,Myrmeleon,Myrmeleontidae,Neuroptera,outgroup
Myrmeleon fasciatus,Myrmeleon,Myrmeleontidae,Neuroptera,outgroup
Myrmeleon ferrugineipennis,Myrmeleon,Myrmeleontidae,Neuroptera,outgroup
Myrmeleon formicarius,Myrmeleon,Myrmeleontidae,Neuroptera,outgroup
Myrmeleon frontalis,Myrmeleon,Myrmeleontidae,Neuroptera,outgroup
Myrmeleon fuscus,Myrmeleon,Myrmeleontidae,Neuroptera,outgroup
Myrmeleon gerlindae,Myrmeleon,Myrmeleontidae,Neuroptera,outgroup
Myrmeleon heppneri,Myrmeleon,Myrmeleontidae,Neuroptera,outgroup
Myrmeleon hyalinus,Myrmeleon,Myrmeleontidae,Neuroptera,outgroup
Myrmeleon immaculatus,Myrmeleon,Myrmeleontidae,Neuroptera,outgroup
Myrmeleon immanis,Myrmeleon,Myrmeleontidae,Neuroptera,outgroup
Myrmeleon inconspicuus,Myrmeleon,Myrmeleontidae,Neuroptera,outgroup
Myrmeleon javanensis,Myrmeleon,Myrmeleontidae,Neuroptera,outgroup
Myrmeleon lethifer,Myrmeleon,Myrmeleontidae,Neuroptera,outgroup
Myrmeleon madagascariensis,Myrmeleon,Myrmeleontidae,Neuroptera,outgroup
Myrmeleon mcfarlandi,Myrmeleon,Myrmeleontidae,Neuroptera,outgroup
Myrmeleon obscurus,Myrmeleon,Myrmeleontidae,Neuroptera,outgroup
Myrmeleon persimilis,Myrmeleon,Myrmeleontidae,Neuroptera,outgroup
Myrmeleon philippinus,Myrmeleon,Myrmeleontidae,Neuroptera,outgroup
Myrmeleon pictifrons,Myrmeleon,Myrmeleontidae,Neuroptera,outgroup
Myrmeleon picturatus,Myrmeleon,Myrmeleontidae,Neuroptera,outgroup
Myrmeleon quinquemaculatus,Myrmeleon,Myrmeleontidae,Neuroptera,outgroup
Myrmeleon regularis,Myrmeleon,Myrmeleontidae,Neuroptera,outgroup
Myrmeleon solers,Myrmeleon,Myrmeleontidae,Neuroptera,outgroup
Myrmeleon sp. 1 YZ-2024b,Myrmeleon,Myrmeleontidae,Neuroptera,outgroup
Myrmeleon sp. B7533-1,Myrmeleon,Myrmeleontidae,Neuroptera,outgroup
Myrmeleon sp. MSPXZLA,Myrmeleon,Myrmeleontidae,Neuroptera,outgroup
Myrmeleon taiwanensis,Myrmeleon,Myrmeleontidae,Neuroptera,outgroup
Myrmeleon tenuipennis,Myrmeleon,Myrmeleontidae,Neuroptera,outgroup
Myrmeleon torquatus,Myrmeleon,Myrmeleontidae,Neuroptera,outgroup
Myrmeleon trifasciatus,Myrmeleon,Myrmeleontidae,Neuroptera,outgroup
Myrmeleon trigonois,Myrmeleon,Myrmeleontidae,Neuroptera,outgroup
Myrmeleon trivialis,Myrmeleon,Myrmeleontidae,Neuroptera,outgroup
Myrmeleon validus,Myrmeleon,Myrmeleontidae,Neuroptera,outgroup
Myrmeleon wangi,Myrmeleon,Myrmeleontidae,Neuroptera,outgroup
Myrmeleon wangxinliae,Myrmeleon,Myrmeleontidae,Neuroptera,outgroup
Myrmeleontini gen. B7533-1 sp. MYSPBN,Myrmeleontini,Myrmeleontidae,Neuroptera,outgroup
Myrmeleontini gen. B7533-2 sp. BAPAPUA,Myrmeleontini,Myrmeleontidae,Neuroptera,outgroup
Myrmeleontini gen. B7533-3 sp. BLSPYN1,Myrmeleontini,Myrmeleontidae,Neuroptera,outgroup
Myrmeleontini gen. B7533-3 sp. BNBON,Myrmeleontini,Myrmeleontidae,Neuroptera,outgroup
Myrmeleontini gen. B7533-4 sp. MHXJ,Myrmeleontini,Myrmeleontidae,Neuroptera,outgroup
Myrmeleontini gen. B7533-4 sp. MSPNX,Myrmeleontini,Myrmeleontidae,Neuroptera,outgroup
Myrmeleontini gen. B7533-4 sp. MSPYNBS,Myrmeleontini,Myrmeleontidae,Neuroptera,outgroup
Myrmeleontini gen. B7533-4 sp. MTCFYN,Myrmeleontini,Myrmeleontidae,Neuroptera,outgroup
Myrmeleontini gen. B7533-4 sp. MYPER3,Myrmeleontini,Myrmeleontidae,Neuroptera,outgroup
Myrmeleontini gen. B7533-4 sp. MYSPMLY,Myrmeleontini,Myrmeleontidae,Neuroptera,outgroup
Myrmeleontini gen. B7533-5 sp. BLSPYNYJ,Myrmeleontini,Myrmeleontidae,Neuroptera,outgroup
Myrmeleontini gen. B7533-6 sp. MSPXZCW,Myrmeleontini,Myrmeleontidae,Neuroptera,outgroup
Myrrha octodecimguttata,Myrrha,Coccinellidae,Coleoptera,ingroup
Nacerdes melanura,Nacerdes,Oedemeridae,Coleoptera,ingroup
Nadezhdiella cantori,Nadezhdiella,Cerambycidae,Coleoptera,ingroup
Nalassus laevioctostriatus,Nalassus,Tenebrionidae,Coleoptera,ingroup
Nanos sp. ST009,Nanos,Scarabaeidae,Coleoptera,ingroup
Nanos vadoni,Nanos,Scarabaeidae,Coleoptera,ingroup
Nebria brevicollis,Nebria,Carabidae,Coleoptera,ingroup
Nebria ingens riversi,Nebria,Carabidae,Coleoptera,ingroup
Nebria salina,Nebria,Carabidae,Coleoptera,ingroup
Nedyus quadrimaculatus,Nedyus,Curculionidae,Coleoptera,ingroup
Nemoleon notatus,Nemoleon,Myrmeleontidae,Neuroptera,outgroup
Neoclytus acuminatus acuminatus,Neoclytus,Cerambycidae,Coleoptera,ingroup
Neocrepidodera transversa,Neocrepidodera,Chrysomelidae,Coleoptera,ingroup
Neoneuromus ignobilis,Neoneuromus,Corydalidae,Megaloptera,outgroup
Nicrophorus investigator,Nicrophorus,Silphidae,Coleoptera,ingroup
Nicrophorus orbicollis,Nicrophorus,Silphidae,Coleoptera,ingroup
Nicrophorus vespilloides,Nicrophorus,Silphidae,Coleoptera,ingroup
Nineta flava,Nineta,Chrysopidae,Neuroptera,outgroup
Nipponaphaenops erraticus,Nipponaphaenops,Carabidae,Coleoptera,ingroup
Nothochrysa capitata,Nothochrysa,Chrysopidae,Neuroptera,outgroup
Notiophilus biguttatus,Notiophilus,Carabidae,Coleoptera,ingroup
Notoxus monoceros,Notoxus,Anthicidae,Coleoptera,ingroup
Novius pumilus,Novius,Coccinellidae,Coleoptera,ingroup
Octodonta nipae,Octodonta,Chrysomelidae,Coleoptera,ingroup
Ocypus olens,Ocypus,Staphylinidae,Coleoptera,ingroup
Ocys tachysoides,Ocys,Carabidae,Coleoptera,ingroup
Odontolabis cuvera,Odontolabis,Lucanidae,Coleoptera,ingroup
Oedemera lurida,Oedemera,Oedemeridae,Coleoptera,ingroup
Ogcogaster segmentator,Ogcogaster,Myrmeleontidae,Neuroptera,outgroup
Oligota sp. GC000189,Oligota,Staphylinidae,Coleoptera,ingroup
Ontholestes murinus,Ontholestes,Staphylinidae,Coleoptera,ingroup
Onthophagus binodis,Onthophagus,Scarabaeidae,Coleoptera,ingroup
Onthophagus sagittarius,Onthophagus,Scarabaeidae,Coleoptera,ingroup
Onthophagus taurus,Onthophagus,Scarabaeidae,Coleoptera,ingroup
Ophonus ardosiacus,Ophonus,Carabidae,Coleoptera,ingroup
Ophraella communa,Ophraella,Chrysomelidae,Coleoptera,ingroup
Opilo mollis,Opilo,Cleridae,Coleoptera,ingroup
Orchesia undulata,Orchesia,Melandryidae,Coleoptera,ingroup
Orchestes rusci,Orchestes,Curculionidae,Coleoptera,ingroup
Oryctes borbonicus,Oryctes,Scarabaeidae,Coleoptera,ingroup
Oryctes rhinoceros,Oryctes,Scarabaeidae,Coleoptera,ingroup
Oryzaephilus surinamensis,Oryzaephilus,Silvanidae,Coleoptera,ingroup
Osmoderma eremita,Osmoderma,Scarabaeidae,Coleoptera,ingroup
Osmylus fulvicephalus,Osmylus,Osmylidae,Neuroptera,outgroup
Othius punctulatus,Othius,Staphylinidae,Coleoptera,ingroup
Otiorhynchus rugosostriatus,Otiorhynchus,Curculionidae,Coleoptera,ingroup
Oxypoda opaca,Oxypoda,Staphylinidae,Coleoptera,ingroup
Oxystoma pomonae,Oxystoma,Apionidae,Coleoptera,ingroup
Pachyrhinus lethierryi,Pachyrhinus,Curculionidae,Coleoptera,ingroup
Pachyrhynchus sulphureomaculatus,Pachyrhynchus,Curculionidae,Coleoptera,ingroup
Paederus riparius,Paederus,Staphylinidae,Coleoptera,ingroup
Palpares libelluloides,Palpares,Myrmeleontidae,Neuroptera,outgroup
Pediacus dermestoides,Pediacus,Cucujidae,Coleoptera,ingroup
Phaedon cochleariae,Phaedon,Chrysomelidae,Coleoptera,ingroup
Phaenonotum sp. SLE1380,Phaenonotum,Hydrophilidae,Coleoptera,ingroup
Phaleria cadaverina,Phaleria,Tenebrionidae,Coleoptera,ingroup
Phanaeus vindex,Phanaeus,Scarabaeidae,Coleoptera,ingroup
Philonthus cognatus,Philonthus,Staphylinidae,Coleoptera,ingroup
Philonthus spinipes,Philonthus,Staphylinidae,Coleoptera,ingroup
Philopedon plagiatum,Philopedon,Curculionidae,Coleoptera,ingroup
Phosphuga atrata,Phosphuga,Silphidae,Coleoptera,ingroup
Photinus pyralis,Photinus,Lampyridae,Coleoptera,ingroup
Phratora vitellinae,Phratora,Chrysomelidae,Coleoptera,ingroup
Phrixothrix hirtus,Phrixothrix,Phengodidae,Coleoptera,ingroup
Phyllobius argentatus,Phyllobius,Curculionidae,Coleoptera,ingroup
Phyllobius pyri,Phyllobius,Curculionidae,Coleoptera,ingroup
Phyllobius virideaeris,Phyllobius,Curculionidae,Coleoptera,ingroup
Phyllotreta cruciferae,Phyllotreta,Chrysomelidae,Coleoptera,ingroup
Phyllotreta striolata,Phyllotreta,Chrysomelidae,Coleoptera,ingroup
Pissodes strobi,Pissodes,Curculionidae,Coleoptera,ingroup
Plagiodera versicolora,Plagiodera,Chrysomelidae,Coleoptera,ingroup
Platerodrilus igneus,Platerodrilus,Lycidae,Coleoptera,ingroup
Plateumaris germari,Plateumaris,Chrysomelidae,Coleoptera,ingroup
Platydracus latebricola,Platydracus,Staphylinidae,Coleoptera,ingroup
Platypus cylindrus,Platypus,Curculionidae,Coleoptera,ingroup
Platyrhinus resinosus,Platyrhinus,Anthribidae,Coleoptera,ingroup
Platystomos albinus,Platystomos,Anthribidae,Coleoptera,ingroup
Platyusa sonomae,Platyusa,Staphylinidae,Coleoptera,ingroup
Podabrus alpinus,Podabrus,Cantharidae,Coleoptera,ingroup
Podagrica fuscicornis,Podagrica,Chrysomelidae,Coleoptera,ingroup
Poecilus cupreus,Poecilus,Carabidae,Coleoptera,ingroup
Pogonocherus hispidulus,Pogonocherus,Cerambycidae,Coleoptera,ingroup
Pogonus chalceus,Pogonus,Carabidae,Coleoptera,ingroup
Polydrusus cervinus,Polydrusus,Curculionidae,Coleoptera,ingroup
Polydrusus impressifrons,Polydrusus,Curculionidae,Coleoptera,ingroup
Polydrusus pterygomalis,Polydrusus,Curculionidae,Coleoptera,ingroup
Polydrusus tereticollis,Polydrusus,Curculionidae,Coleoptera,ingroup
Popillia japonica,Popillia,Scarabaeidae,Coleoptera,ingroup
Porrerus dealbatus,Porrerus,Myrmeleontidae,Neuroptera,outgroup
Porrerus sp. PORPER,Porrerus,Myrmeleontidae,Neuroptera,outgroup
Priacma serrata,Priacma,Cupedidae,Coleoptera,ingroup
Prionocyphon serricornis,Prionocyphon,Scirtidae,Coleoptera,ingroup
Prionychus ater,Prionychus,Tenebrionidae,Coleoptera,ingroup
Promethis valgipes,Promethis,Tenebrionidae,Coleoptera,ingroup
Propomacrus cypriacus,Propomacrus,Glaphyridae,Coleoptera,ingroup
Propylea japonica,Propylea,Coccinellidae,Coleoptera,ingroup
Propylea quattuordecimpunctata,Propylea,Coccinellidae,Coleoptera,ingroup
Prosopocoilus inquinatus,Prosopocoilus,Lucanidae,Coleoptera,ingroup
Protaetia brevitarsis,Protaetia,Scarabaeidae,Coleoptera,ingroup
Protidricerus obscurus,Protidricerus,Myrmeleontidae,Neuroptera,outgroup
Protoplectron longitudinale,Protoplectron,Myrmeleontidae,Neuroptera,outgroup
Pseudeuparius sepicola,Pseudeuparius,Anthribidae,Coleoptera,ingroup
Pseudocistela ceramboides,Pseudocistela,Tenebrionidae,Coleoptera,ingroup
Pseudomimeciton antennatum,Pseudomimeciton,Staphylinidae,Coleoptera,ingroup
Psylliodes chrysocephalus,Psylliodes,Chrysomelidae,Coleoptera,ingroup
Pterostichus diligens,Pterostichus,Carabidae,Coleoptera,ingroup
Pterostichus madidus,Pterostichus,Carabidae,Coleoptera,ingroup
Pterostichus niger,Pterostichus,Carabidae,Coleoptera,ingroup
Pterostichus vernalis,Pterostichus,Carabidae,Coleoptera,ingroup
Pycnomerus fuliginosus,Pycnomerus,Zopheridae,Coleoptera,ingroup
Pyrochroa serraticornis,Pyrochroa,Pyrochroidae,Coleoptera,ingroup
Pyrocoelia pectoralis,Pyrocoelia,Lampyridae,Coleoptera,ingroup
Quadriops clusia,Quadriops,Hydrophilidae,Coleoptera,ingroup
Quedius lateralis,Quedius,Staphylinidae,Coleoptera,ingroup
Radziella styx,Radziella,Leiodidae,Coleoptera,ingroup
Rhagium mordax,Rhagium,Cerambycidae,Coleoptera,ingroup
Rhagonycha fulva,Rhagonycha,Cantharidae,Coleoptera,ingroup
Rhagonycha lignosa,Rhagonycha,Cantharidae,Coleoptera,ingroup
Rhagonycha lutea,Rhagonycha,Cantharidae,Coleoptera,ingroup
Rhagophthalmus giganteus,Rhagophthalmus,Rhagophthalmidae,Coleoptera,ingroup
Rhamnusium bicolor,Rhamnusium,Cerambycidae,Coleoptera,ingroup
Rhizotrogus aestivus,Rhizotrogus,Scarabaeidae,Coleoptera,ingroup
Rhynchophorus ferrugineus,Rhynchophorus,Curculionidae,Coleoptera,ingroup
Rhyzobius forestieri,Rhyzobius,Coccinellidae,Coleoptera,ingroup
Rhyzopertha dominica,Rhyzopertha,Bostrichidae,Coleoptera,ingroup
Rosalia funebris,Rosalia,Cerambycidae,Coleoptera,ingroup
Rutpela maculata,Rutpela,Cerambycidae,Coleoptera,ingroup
Salpingus planirostris,Salpingus,Salpingidae,Coleoptera,ingroup
Sambus kanssuensis,Sambus,Buprestidae,Coleoptera,ingroup
Sarophorus costatus,Sarophorus,Scarabaeidae,Coleoptera,ingroup
Scaphidium quadrimaculatum,Scaphidium,Staphylinidae,Coleoptera,ingroup
Scarites abbreviatus,Scarites,Carabidae,Coleoptera,ingroup
Sceptobius lativentris,Sceptobius,Staphylinidae,Coleoptera,ingroup
Schizotus pectinicornis,Schizotus,Pyrochroidae,Coleoptera,ingroup
Sepedophilus sp. GC000190,Sepedophilus,Staphylinidae,Coleoptera,ingroup
Serangium japonicum,Serangium,Coccinellidae,Coleoptera,ingroup
Serica brunnea,Serica,Scarabaeidae,Coleoptera,ingroup
Serrognathus titanus,Serrognathus,Lucanidae,Coleoptera,ingroup
Sialis fuliginosa,Sialis,Sialidae,Megaloptera,outgroup
Sialis lutaria,Sialis,Sialidae,Megaloptera,outgroup
Silvanus unidentatus,Silvanus,Silvanidae,Coleoptera,ingroup
Sinelater perroti,Sinelater,Elateridae,Coleoptera,ingroup
Sinopyrophorus schimmeli,Sinopyrophorus,Elateridae,Coleoptera,ingroup
Sisyphus schaefferi,Sisyphus,Scarabaeidae,Coleoptera,ingroup
Sisyra nigra,Sisyra,Sisyridae,Neuroptera,outgroup
Sisyra terminalis,Sisyra,Sisyridae,Neuroptera,outgroup
Sitona lineatus,Sitona,Curculionidae,Coleoptera,ingroup
Sitophilus oryzae,Sitophilus,Curculionidae,Coleoptera,ingroup
Sitophilus zeamais,Sitophilus,Curculionidae,Coleoptera,ingroup
Sperchopsis tessellata,Sperchopsis,Hydrophilidae,Coleoptera,ingroup
Sphaeridium bipustulatum,Sphaeridium,Hydrophilidae,Coleoptera,ingroup
Sphaeroderma testaceum,Sphaeroderma,Chrysomelidae,Coleoptera,ingroup
Staphylinus erythropterus,Staphylinus,Staphylinidae,Coleoptera,ingroup
Stenocarus ruficornis,Stenocarus,Curculionidae,Coleoptera,ingroup
Stenodera caucasica,Stenodera,Meloidae,Coleoptera,ingroup
Stenolophus ochropezus,Stenolophus,Carabidae,Coleoptera,ingroup
Stenosis austini,Stenosis,Tenebrionidae,Coleoptera,ingroup
Stenurella melanura,Stenurella,Cerambycidae,Coleoptera,ingroup
Stenus bimaculatus,Stenus,Staphylinidae,Coleoptera,ingroup
Sternochetus mangiferae,Sternochetus,Curculionidae,Coleoptera,ingroup
Stictoleptura scutellata,Stictoleptura,Cerambycidae,Coleoptera,ingroup
Stilbopteryx linearis,Stilbopteryx,Myrmeleontidae,Neuroptera,outgroup
Subcoccinella vigintiquattuorpunctata,Subcoccinella,Coccinellidae,Coleoptera,ingroup
Synclisis japonica,Synclisis,Myrmeleontidae,Neuroptera,outgroup
Tachinus rufipes,Tachinus,Staphylinidae,Coleoptera,ingroup
Tachinus sp. AB-2021,Tachinus,Staphylinidae,Coleoptera,ingroup
Tachyporus hypnorum,Tachyporus,Staphylinidae,Coleoptera,ingroup
Taeniapion urticarium,Taeniapion,Apionidae,Coleoptera,ingroup
Taphrorychus bicolor,Taphrorychus,Curculionidae,Coleoptera,ingroup
Tarphius canariensis,Tarphius,Zopheridae,Coleoptera,ingroup
Temnoplectron lewisense,Temnoplectron,Scarabaeidae,Coleoptera,ingroup
Tenebrio molitor,Tenebrio,Tenebrionidae,Coleoptera,ingroup
Tetradonia laticeps,Tetradonia,Staphylinidae,Coleoptera,ingroup
Tetraopes melanurus,Tetraopes,Cerambycidae,Coleoptera,ingroup
Tetraopes sublaevis,Tetraopes,Cerambycidae,Coleoptera,ingroup
Tetraopes tetrophthalmus,Tetraopes,Cerambycidae,Coleoptera,ingroup
Tetropium fuscum,Tetropium,Cerambycidae,Coleoptera,ingroup
Thanatophilus sinuatus,Thanatophilus,Silphidae,Coleoptera,ingroup
Thyregis relictus,Thyregis,Scarabaeidae,Coleoptera,ingroup
Tillus elongatus,Tillus,Cleridae,Coleoptera,ingroup
Tomicus yunnanensis,Tomicus,Curculionidae,Coleoptera,ingroup
Trechiama kuznetsovi,Trechiama,Carabidae,Coleoptera,ingroup
Trechiama lewisi,Trechiama,Carabidae,Coleoptera,ingroup
Tribolium castaneum,Tribolium,Tenebrionidae,Coleoptera,ingroup
Tribolium confusum,Tribolium,Tenebrionidae,Coleoptera,ingroup
Tribolium freemani,Tribolium,Tenebrionidae,Coleoptera,ingroup
Tribolium madens,Tribolium,Tenebrionidae,Coleoptera,ingroup
Trigonoscuta pilosa,Trigonoscuta,Curculionidae,Coleoptera,ingroup
Troglocharinus ferreri,Troglocharinus,Leiodidae,Coleoptera,ingroup
Trypodendron lineatum,Trypodendron,Curculionidae,Coleoptera,ingroup
Trypoxylus dichotomus,Trypoxylus,Scarabaeidae,Coleoptera,ingroup
Tytthaspis sedecimpunctata,Tytthaspis,Coccinellidae,Coleoptera,ingroup
Uleiota planata,Uleiota,Silvanidae,Coleoptera,ingroup
Ulomoides dermestoides,Ulomoides,Tenebrionidae,Coleoptera,ingroup
Ululodes cajennensis,Ululodes,Myrmeleontidae,Neuroptera,outgroup
Venustoraphidia nigricollis,Venustoraphidia,Raphidiidae,Raphidioptera,outgroup
Vesta saturnalis,Vesta,Lampyridae,Coleoptera,ingroup
Weissflogia rhopalogaster,Weissflogia,Staphylinidae,Coleoptera,ingroup
Xantholinus longiventris,Xantholinus,Staphylinidae,Coleoptera,ingroup
Xanthostigma xanthostigma,Xanthostigma,Raphidiidae,Raphidioptera,outgroup
Xestobium rufovillosum,Xestobium,Ptinidae,Coleoptera,ingroup
Xyleborus affinis,Xyleborus,Curculionidae,Coleoptera,ingroup
Xyleborus bispinatus,Xyleborus,Curculionidae,Coleoptera,ingroup
Xyleborus glabratus,Xyleborus,Curculionidae,Coleoptera,ingroup
Zonitis immaculata,Zonitis,Meloidae,Coleoptera,ingroup
Zophobas atratus,Zophobas,Tenebrionidae,Coleoptera,ingroup
Zophobas morio,Zophobas,Tenebrionidae,Coleoptera,ingroup
Zygogramma bicolorata,Zygogramma,Chrysomelidae,Coleoptera,ingroup
