organism,family,suborder,winner_accession,winner_source,winner_level,winner_contig_n50,winner_total_mb,n_assemblies_considered
Abax parallelepipedus,Carabidae,Adephaga,GCA_964197645.1,scarab,Chromosome,3250000,597.01,2
Abscondita cerata,Lampyridae,Polyphaga,GCA_030710515.1,scarab,Contig,325269,967.16,1
Abscondita terminalis,Lampyridae,Polyphaga,GCA_013368085.1,scarab,Scaffold,1220005,499.65,1
Acanthoscelides obtectus,Chrysomelidae,Polyphaga,GCA_963669975.1,scarab,Scaffold,772864,1105.07,2
Actenicerus siaelandicus,Elateridae,Polyphaga,GCA_964234755.1,scarab,Chromosome,6386061,854.93,2
Acupalpus dubius,Carabidae,Adephaga,GCA_977071005.1,scarab,Chromosome,1035434,656.08,2
Acupalpus parvulus,Carabidae,Adephaga,GCA_981690485.1,scarab,Chromosome,12668308,571.89,2
Adalia bipunctata,Coccinellidae,Polyphaga,GCA_910592335.1,scarab,Chromosome,18317171,475.29,2
Adalia decempunctata,Coccinellidae,Polyphaga,GCA_951802165.1,scarab,Chromosome,26378788,489.45,2
Adelopsella bosnica,Leiodidae,Polyphaga,GCA_977014165.1,scarab,Chromosome,2441452,860.51,1
Adinopsis sp. GC000173,Staphylinidae,Polyphaga,GCA_030264715.1,scarab,Scaffold,16056,205.15,1
Adranes taylori,Staphylinidae,Polyphaga,GCA_009867245.1,new_pull,Scaffold,27425,887.89,2
Aegialia arenaria,Scarabaeidae,Polyphaga,GCA_978045345.1,scarab,Chromosome,8448757,424.31,2
Aenictocupidus jacobsonorum,Staphylinidae,Polyphaga,GCA_010014765.1,new_pull,Scaffold,5917,178.22,2
Aethina tumida,Nitidulidae,Polyphaga,GCA_024364675.1,new_pull,Chromosome,11742490,259.98,3
Agelastica alni,Chrysomelidae,Polyphaga,GCA_950111635.1,new_pull,Chromosome,4545743,692.29,4
Agonum fuliginosum,Carabidae,Adephaga,GCA_947534325.1,scarab,Chromosome,12663309,695.91,2
Agonum gracile,Carabidae,Adephaga,GCA_982290465.1,scarab,Chromosome,15338390,646.99,2
Agonum thoreyi,Carabidae,Adephaga,GCA_982345065.1,new_pull,Chromosome,13218560,824.47,2
Agonum viduum,Carabidae,Adephaga,GCA_978021445.1,scarab,Chromosome,2822791,583.19,2
Agrilus biguttatus,Buprestidae,Polyphaga,GCA_963921985.1,scarab,Chromosome,11522278,368.13,2
Agrilus cyanescens,Buprestidae,Polyphaga,GCA_947389935.1,scarab,Chromosome,5283000,292.35,2
Agrilus mali,Buprestidae,Polyphaga,GCA_029378335.1,new_pull,Chromosome,4341085,291.3,2
Agrilus planipennis,Buprestidae,Polyphaga,GCA_000699045.2,new_pull,Scaffold,28329,353.07,2
Agriotes ferrugineipennis,Elateridae,Polyphaga,GCA_044115295.2,scarab,Scaffold,20637005,1230.6,4
Agriotes lineatus,Elateridae,Polyphaga,GCA_965788545.1,scarab,Chromosome,4416720,2590.73,7
Agriotes mancus,Elateridae,Polyphaga,GCA_041228545.2,new_pull,Scaffold,15208965,2106.57,4
Agriotes obscurus,Elateridae,Polyphaga,GCA_040955265.2,new_pull,Scaffold,1554508,2087.5,4
Agriotes pubescens,Elateridae,Polyphaga,GCA_044115395.2,scarab,Scaffold,206332,2132.23,4
Agriotes sputator,Elateridae,Polyphaga,GCA_044115325.2,scarab,Scaffold,16345600,1922.9,4
Agrypnus murinus,Elateridae,Polyphaga,GCA_929113105.1,scarab,Chromosome,4463000,1578.52,2
Alaus oculatus,Elateridae,Polyphaga,GCA_009852465.1,new_pull,Scaffold,2461,188.38,2
Aleochara bilineata,Staphylinidae,Polyphaga,GCA_003054995.1,scarab,Scaffold,12135,85.9,1
Aleochara curtula,Staphylinidae,Polyphaga,GCA_963978815.1,scarab,Chromosome,8903095,136.98,2
Aleochara sp. GC000083,Staphylinidae,Polyphaga,GCA_030264555.1,scarab,Scaffold,27552,152.72,1
Altica lythri,Chrysomelidae,Polyphaga,GCA_964028335.1,scarab,Chromosome,2893756,1003.53,2
Amara aenea,Carabidae,Adephaga,GCA_973350105.1,scarab,Chromosome,6359709,880.39,2
Amara aulica,Carabidae,Adephaga,GCA_982446755.1,new_pull,Chromosome,556235,640.25,2
Amara convexiuscula,Carabidae,Adephaga,GCA_981560045.1,scarab,Chromosome,2760791,742.51,2
Amara familiaris,Carabidae,Adephaga,GCA_978120735.1,scarab,Chromosome,9411346,967.8,2
Amara ovata,Carabidae,Adephaga,GCA_965279875.1,new_pull,Chromosome,5534976,806.54,2
Ampedus sanguinolentus,Elateridae,Polyphaga,GCA_964234815.1,scarab,Chromosome,6816912,1574.78,2
Amphimallon solstitiale,Scarabaeidae,Polyphaga,GCA_963170755.1,scarab,Chromosome,3724788,1584.16,2
Amphistomus primonactus,Scarabaeidae,Polyphaga,GCA_033557545.1,scarab,Contig,3959,30.0,1
Anaglyptus mysticus,Cerambycidae,Polyphaga,GCA_978041785.1,scarab,Chromosome,6958517,938.96,2
Anaspis frontalis,Scraptiidae,Polyphaga,GCA_964243895.1,scarab,Chromosome,663525,808.57,2
Anaspis maculata,Scraptiidae,Polyphaga,GCA_949128115.1,scarab,Chromosome,6778000,757.84,2
Anaspis regimbarti,Scraptiidae,Polyphaga,GCA_964204715.1,scarab,Chromosome,6911245,457.63,2
Anaulacaspis nigra,Staphylinidae,Polyphaga,GCA_030264675.1,scarab,Scaffold,28042,107.51,1
Anisosticta novemdecimpunctata,Coccinellidae,Polyphaga,GCA_964188095.1,scarab,Chromosome,16069806,438.69,2
Anobium punctatum,Ptinidae,Polyphaga,GCA_965643755.1,scarab,Chromosome,2667738,349.97,2
Anoplophora chinensis,Cerambycidae,Polyphaga,GCA_052815205.1,scarab,Chromosome,7684180,661.15,1
Anoplophora glabripennis,Cerambycidae,Polyphaga,GCA_054644005.1,scarab,Chromosome,12457337,705.73,3
Anoplophora malasiaca,Cerambycidae,Polyphaga,GCA_054644075.1,scarab,Chromosome,12712079,674.36,1
Anthobium unicolor,Staphylinidae,Polyphaga,GCA_965663565.1,scarab,Chromosome,1023587,359.2,2
Anthocomus fasciatus,Melyridae,Polyphaga,GCA_964258815.1,scarab,Chromosome,8206270,528.61,2
Anthonomus grandis,Curculionidae,Polyphaga,GCA_030068095.1,scarab,Chromosome,9069096,738.37,7
Anthonomus rubi,Curculionidae,Polyphaga,GCA_050242925.2,scarab,Scaffold,346941,385.7,4
Anthroherpon ganglbaueri,Leiodidae,Polyphaga,GCA_978045665.1,scarab,Chromosome,954296,245.27,1
Aphidecta obliterata,Coccinellidae,Polyphaga,GCA_963966015.1,scarab,Chromosome,4463513,349.58,2
Aphodius fimetarius,Scarabaeidae,Polyphaga,GCA_964211865.1,scarab,Chromosome,2803677,1343.4,2
Aphodius granarius,Scarabaeidae,Polyphaga,GCA_963971325.1,scarab,Chromosome,4076730,397.22,2
Aphodius immundus,Scarabaeidae,Polyphaga,GCA_032191705.1,scarab,Contig,706,144.53,1
Aphodius sticticus,Scarabaeidae,Polyphaga,GCA_963966075.1,scarab,Chromosome,4795419,628.45,2
Aplotarsus incanus,Elateridae,Polyphaga,GCA_978018165.1,scarab,Chromosome,17310533,694.45,2
Apoderus coryli,Attelabidae,Polyphaga,GCA_911728435.1,new_pull,Chromosome,15031106,428.08,3
Aquatica leii,Lampyridae,Polyphaga,GCA_035610365.1,scarab,Chromosome,10806843,1036.91,1
Araecerus fasciculatus,Anthribidae,Polyphaga,GCA_050578095.1,scarab,Contig,207620,474.89,1
Arhopalus rusticus,Cerambycidae,Polyphaga,GCA_046563155.1,scarab,Chromosome,125011761,1232.51,7
Arhopalus unicolor,Cerambycidae,Polyphaga,GCA_045514315.1,scarab,Chromosome,19298574,1224.89,1
Aromia moschata,Cerambycidae,Polyphaga,GCA_965642075.1,scarab,Chromosome,9572216,738.99,3
Asbolus verrucosus,Tenebrionidae,Polyphaga,GCA_004193795.1,new_pull,Scaffold,4550,249.61,3
Aspidapion aeneum,Apionidae,Polyphaga,GCA_963576565.1,scarab,Chromosome,3520329,1286.19,2
Astagobius angustatus,Leiodidae,Polyphaga,GCA_965278915.1,scarab,Contig,203406,278.6,1
Atheta pasadenae,Staphylinidae,Polyphaga,GCA_030264155.1,scarab,Scaffold,4822,230.26,1
Attagenus pellio,Dermestidae,Polyphaga,GCA_978258735.1,scarab,Chromosome,31450487,365.45,2
Aulacophora lewisii,Chrysomelidae,Polyphaga,GCA_051251045.1,scarab,Chromosome,266548,1642.79,1
Barypeithes pellucidus,Curculionidae,Polyphaga,GCA_963991005.1,scarab,Chromosome,12223848,743.73,2
Bathyscidius tristiculus,Leiodidae,Polyphaga,GCA_979853965.1,scarab,Chromosome,1117445,488.14,1
Batocera lineolata,Cerambycidae,Polyphaga,GCA_052815245.1,scarab,Chromosome,16240981,327.96,1
Batocera rufomaculata,Cerambycidae,Polyphaga,GCA_050941775.1,scarab,Contig,37032474,338.08,1
Berosus sp. SLE1611,Hydrophilidae,Polyphaga,GCA_033557775.1,scarab,Contig,7036,20.44,1
Betulapion simile,Apionidae,Polyphaga,GCA_966183525.1,scarab,Chromosome,1938912,1089.75,2
Biphyllus lunatus,Biphyllidae,Polyphaga,GCA_965194465.1,scarab,Chromosome,10442000,421.12,2
Bitoma crenata,Zopheridae,Polyphaga,GCA_964656825.1,new_pull,Chromosome,6067263,141.17,4
Blaps rhynchoptera,Tenebrionidae,Polyphaga,GCA_042257705.1,scarab,Chromosome,12028085,379.24,1
Blemus discus,Carabidae,Adephaga,GCA_050230235.1,scarab,Scaffold,6442,473.59,1
Brachypterus glaber,Kateretidae,Polyphaga,GCA_958510825.1,scarab,Chromosome,212382,648.3,2
Brassicogethes aeneus,Nitidulidae,Polyphaga,GCA_921294245.1,scarab,Chromosome,24416959,585.28,1
Brontispa longissima,Chrysomelidae,Polyphaga,GCA_040580785.1,scarab,Chromosome,5498661,574.56,1
Bruchidius siliquastri,Chrysomelidae,Polyphaga,GCA_949316355.1,scarab,Chromosome,7036267,375.58,2
Bruchidius varius,Chrysomelidae,Polyphaga,GCA_964204745.1,scarab,Chromosome,3151950,1210.05,2
Bruchidius villosus,Chrysomelidae,Polyphaga,GCA_965643515.1,scarab,Chromosome,4347107,972.8,2
Caccobius schreberi,Scarabaeidae,Polyphaga,GCA_033557405.1,scarab,Contig,560,167.36,1
Calathus fuscipes,Carabidae,Adephaga,GCA_978122415.1,scarab,Chromosome,6459000,1037.87,2
Calathus melanocephalus,Carabidae,Adephaga,GCA_966096355.1,scarab,Chromosome,4009859,966.59,2
Calligrapha alni,Chrysomelidae,Polyphaga,GCA_046129265.1,new_pull,Contig,39435,417.69,2
Callosobruchus analis,Chrysomelidae,Polyphaga,GCA_947858975.1,new_pull,Contig,240251,1918.3,1
Callosobruchus chinensis,Chrysomelidae,Polyphaga,GCA_944317955.1,new_pull,Contig,800721,1402.44,1
Callosobruchus maculatus,Chrysomelidae,Polyphaga,GCA_040182625.1,scarab,Chromosome,1020411,1222.63,5
Calodromius spilotus,Carabidae,Adephaga,GCA_977063495.1,scarab,Chromosome,9193000,992.3,2
Calosoma granatense,Carabidae,Adephaga,GCA_022063505.1,scarab,Scaffold,14497,167.87,1
Calosoma relictum,Carabidae,Adephaga,GCA_055275695.1,scarab,Contig,2433412,214.75,1
Calosoma tepidum,Carabidae,Adephaga,GCA_044734075.1,scarab,Scaffold,1994820,256.96,1
Calosoma wilkesii,Carabidae,Adephaga,GCA_044734065.1,scarab,Scaffold,523703,220.97,1
Calvia quattuordecimguttata,Coccinellidae,Polyphaga,GCA_964059645.1,scarab,Chromosome,13501844,844.42,2
Cantharis decipiens,Cantharidae,Polyphaga,GCA_965642435.1,scarab,Chromosome,2185536,355.25,2
Cantharis flavilabris,Cantharidae,Polyphaga,GCA_949152465.1,scarab,Chromosome,10505090,348.3,2
Cantharis lateralis,Cantharidae,Polyphaga,GCA_963170105.1,scarab,Chromosome,10697386,332.2,2
Cantharis nigra,Cantharidae,Polyphaga,GCA_958510845.1,scarab,Chromosome,10907000,397.81,2
Cantharis pallida,Cantharidae,Polyphaga,GCA_978407175.1,scarab,Chromosome,7578394,464.25,2
Cantharis pellucida,Cantharidae,Polyphaga,GCA_982552315.1,new_pull,Chromosome,11565240,461.62,2
Cantharis rufa,Cantharidae,Polyphaga,GCA_947369205.1,scarab,Chromosome,10477904,355.33,2
Cantharis rustica,Cantharidae,Polyphaga,GCA_911387805.1,scarab,Chromosome,17823022,445.94,2
Canthon chalcites,Scarabaeidae,Polyphaga,GCA_054832385.1,scarab,Scaffold,2253537,555.82,1
Carabus banonii,Carabidae,Adephaga,GCA_964291765.1,new_pull,Chromosome,7491500,207.83,2
Carabus blaptoides,Carabidae,Adephaga,GCA_050785175.1,scarab,Scaffold,163054,187.95,1
Carabus depressus,Carabidae,Adephaga,GCA_048127345.1,scarab,Contig,945386,190.42,1
Carabus esakii,Carabidae,Adephaga,GCA_054785535.1,scarab,Scaffold,41418,193.16,1
Carabus nemoralis,Carabidae,Adephaga,GCA_977790985.1,scarab,Chromosome,308120,237.47,2
Carabus problematicus,Carabidae,Adephaga,GCA_963422195.1,scarab,Chromosome,4259000,253.97,2
Carabus staehlini,Carabidae,Adephaga,GCA_977013385.1,scarab,Chromosome,6325665,203.44,1
Cartodere bifasciata,Latridiidae,Polyphaga,GCA_963920755.1,scarab,Chromosome,3482428,178.1,2
Catharsius molossus,Scarabaeidae,Polyphaga,GCA_051362485.1,scarab,Chromosome,54965564,1536.64,1
Catops nigricans,Leiodidae,Polyphaga,GCA_965642105.1,new_pull,Chromosome,1708696,204.7,2
Cedrorum azoricus,Carabidae,Adephaga,GCA_965287095.1,scarab,Chromosome,10971072,567.88,1
Cetonia aurata,Scarabaeidae,Polyphaga,GCA_949128085.1,scarab,Chromosome,8085049,479.65,2
Ceutorhynchus assimilis,Curculionidae,Polyphaga,GCA_917834065.1,scarab,Chromosome,3538480,674.95,1
Ceutorhynchus obstrictus,Curculionidae,Polyphaga,GCA_965178145.1,scarab,Chromosome,4747246,728.83,2
Chaetocnema hortensis,Chrysomelidae,Polyphaga,GCA_965653155.1,scarab,Chromosome,497099,384.64,2
Chelymorpha alternans,Chrysomelidae,Polyphaga,GCA_056790185.1,new_pull,Contig,9721795,1938.36,1
Chrysina gloriosa,Scarabaeidae,Polyphaga,GCA_038088585.1,scarab,Chromosome,3880439,642.29,1
Chrysina resplendens,Scarabaeidae,Polyphaga,GCA_010091895.1,new_pull,Scaffold,20382,611.44,2
Chrysolina americana,Chrysomelidae,Polyphaga,GCA_958502065.1,scarab,Chromosome,4093593,980.59,2
Chrysolina graminis,Chrysomelidae,Polyphaga,GCA_964197785.1,scarab,Chromosome,2842487,1467.21,2
Chrysolina haemoptera,Chrysomelidae,Polyphaga,GCA_958298965.1,scarab,Chromosome,2238999,718.32,2
Chrysolina herbacea,Chrysomelidae,Polyphaga,GCA_979300175.1,scarab,Chromosome,1254064,1277.25,2
Chrysolina hyperici,Chrysomelidae,Polyphaga,GCA_982264245.1,scarab,Chromosome,11703684,731.53,2
Chrysolina oricalcia,Chrysomelidae,Polyphaga,GCA_944452925.2,scarab,Chromosome,6296000,1423.45,4
Chrysomela aeneicollis,Chrysomelidae,Polyphaga,GCA_027562985.1,new_pull,Chromosome,35526,353.92,3
Chrysomela populi,Chrysomelidae,Polyphaga,GCA_965642295.1,scarab,Chromosome,1112475,546.99,2
Chrysomela saliceti,Chrysomelidae,Polyphaga,GCA_965121785.1,scarab,Chromosome,2151317,738.65,2
Cis bilamellatus,Ciidae,Polyphaga,GCA_977930235.1,scarab,Chromosome,1966089,249.07,2
Clivina fossor,Carabidae,Adephaga,GCA_963966155.1,scarab,Chromosome,4843297,612.62,2
Coccidula rufa,Coccinellidae,Polyphaga,GCA_965178175.1,scarab,Chromosome,6434000,1068.75,2
Coccinella magnifica,Coccinellidae,Polyphaga,GCA_965644565.1,scarab,Chromosome,7477629,498.79,2
Coccinella septempunctata,Coccinellidae,Polyphaga,GCA_907165205.1,new_pull,Chromosome,16512651,398.85,3
Coccinella transversoguttata,Coccinellidae,Polyphaga,GCA_056522465.1,new_pull,Chromosome,41602012,376.26,2
Coelostoma orbiculare,Hydrophilidae,Polyphaga,GCA_979606585.1,scarab,Chromosome,247587,751.01,2
Colydium elongatum,Zopheridae,Polyphaga,GCA_964656385.1,scarab,Chromosome,2413158,450.17,2
Copris fidius,Scarabaeidae,Polyphaga,GCA_032191685.1,scarab,Contig,400,230.03,1
Coproporus ventriculus,Staphylinidae,Polyphaga,GCA_027574865.2,scarab,Scaffold,4235,210.31,2
Coptodactyla brooksi,Scarabaeidae,Polyphaga,GCA_033557675.1,scarab,Contig,24517,18.23,1
Cosmopolites sordidus,Curculionidae,Polyphaga,GCA_031761425.1,scarab,Contig,706383,1068.54,1
Crepidodera aurata,Chrysomelidae,Polyphaga,GCA_965645225.1,scarab,Chromosome,1019463,840.29,2
Crepidodera aurea,Chrysomelidae,Polyphaga,GCA_949320105.1,new_pull,Chromosome,4358255,508.98,4
Crepidodera fulvicornis,Chrysomelidae,Polyphaga,GCA_965615805.1,scarab,Chromosome,4757256,493.23,2
Crioceris asparagi,Chrysomelidae,Polyphaga,GCA_958507055.1,scarab,Chromosome,5465325,639.3,2
Crudosilis ruficollis,Cantharidae,Polyphaga,GCA_978018155.1,scarab,Chromosome,3161911,1193.67,2
Cryptocephalus moraei,Chrysomelidae,Polyphaga,GCA_946251905.1,scarab,Chromosome,9642473,500.56,2
Cryptocephalus primarius,Chrysomelidae,Polyphaga,GCA_963576515.1,scarab,Chromosome,1867949,371.01,2
Cryptocephalus pusillus,Chrysomelidae,Polyphaga,GCA_965663585.1,scarab,Chromosome,580918,312.97,2
Cryptolaemus montrouzieri,Coccinellidae,Polyphaga,GCA_013387265.2,scarab,Scaffold,10332729,988.02,2
Cryptophagus acutangulus,Cryptophagidae,Polyphaga,GCA_963556235.1,scarab,Chromosome,622935,177.34,2
Cryptorhynchus lapathi,Curculionidae,Polyphaga,GCA_965641385.1,scarab,Chromosome,6329822,478.9,2
Ctenicera cuprea,Elateridae,Polyphaga,GCA_958336395.1,scarab,Chromosome,2792496,647.69,2
Curculio caryae,Curculionidae,Polyphaga,GCA_051047995.1,scarab,Chromosome,4816094,2169.79,2
Curculio glandium,Curculionidae,Polyphaga,GCA_965648435.1,scarab,Chromosome,2415291,1121.36,2
Cylas formicarius,Brentidae,Polyphaga,GCA_029955315.1,new_pull,Scaffold,2934011,391.12,2
Cynaeus angustus,Tenebrionidae,Polyphaga,GCA_030157275.1,scarab,Chromosome,11790235,236.99,2
Cynegetis impunctata,Coccinellidae,Polyphaga,GCA_030704885.1,scarab,Contig,562463,796.0,1
Cypha longicornis,Staphylinidae,Polyphaga,GCA_030264615.1,scarab,Scaffold,2227,124.9,1
Cyrtotrachelus buqueti,Curculionidae,Polyphaga,GCA_056777075.1,new_pull,Chromosome,27634790,632.31,1
Dailognatha quadricollis,Tenebrionidae,Polyphaga,GCA_976941425.1,new_pull,Chromosome,12600000,320.41,2
Dalopius marginatus,Elateridae,Polyphaga,GCA_965112895.1,scarab,Chromosome,10236000,831.22,2
Dalotia coriaria,Staphylinidae,Polyphaga,GCA_025399875.2,new_pull,Scaffold,1365799,193.92,3
Dascillus cervinus,Dascillidae,Polyphaga,GCA_949768715.1,scarab,Chromosome,8885058,282.76,2
Dastarcus helophoroides,Bothrideridae,Polyphaga,GCA_028583605.1,scarab,Chromosome,5669615,538.9,1
Deinopsis erosa,Staphylinidae,Polyphaga,GCA_027574845.2,scarab,Scaffold,3487,152.98,2
Dendarus foraminosus,Tenebrionidae,Polyphaga,GCA_964262855.1,new_pull,Chromosome,24404000,593.99,2
Dendroctonus frontalis,Curculionidae,Polyphaga,GCA_040113315.1,scarab,Chromosome,24829404,173.6,1
Dendroctonus ponderosae,Curculionidae,Polyphaga,GCA_020466585.2,scarab,Scaffold,26086,223.6,7
Dendroctonus valens,Curculionidae,Polyphaga,GCA_024550625.1,scarab,Scaffold,985469,322.41,1
Denticollis linearis,Elateridae,Polyphaga,GCA_964205235.1,scarab,Chromosome,8081841,1601.19,2
Dermolepida albohirtum,Scarabaeidae,Polyphaga,GCA_031893035.2,scarab,Contig,368483,884.24,2
Diabrotica balteata,Chrysomelidae,Polyphaga,GCA_918026665.1,scarab,Chromosome,1459540,1607.26,1
Diabrotica undecimpunctata,Chrysomelidae,Polyphaga,GCA_040954645.1,new_pull,Chromosome,5175425,1742.96,2
Diabrotica virgifera,Chrysomelidae,Polyphaga,GCA_917563875.2,new_pull,Chromosome,7930419,2533.4,4
Diaperis boleti,Tenebrionidae,Polyphaga,GCA_963583935.1,scarab,Chromosome,11653919,542.64,2
Diaprepes abbreviatus,Curculionidae,Polyphaga,GCA_034092305.1,scarab,Contig,7800247,1623.14,1
Dicheirus dilatatus,Carabidae,Adephaga,GCA_043773845.1,new_pull,Scaffold,2484792,518.93,2
Digitonthophagus gazella,Scarabaeidae,Polyphaga,GCA_036711955.1,scarab,Scaffold,33022298,340.79,1
Diorhabda carinata,Chrysomelidae,Polyphaga,GCA_029229535.1,scarab,Chromosome,24536916,449.9,2
Diorhabda carinulata,Chrysomelidae,Polyphaga,GCA_026250575.1,new_pull,Chromosome,23459757,415.39,4
Diorhabda elongata,Chrysomelidae,Polyphaga,GCA_026230145.1,scarab,Chromosome,11993826,485.34,2
Diorhabda sublineata,Chrysomelidae,Polyphaga,GCA_026230105.1,new_pull,Chromosome,12487216,456.22,2
Diorygopyx duplodentatus,Scarabaeidae,Polyphaga,GCA_033557515.1,scarab,Contig,3850,497.0,1
Diplocoelus fagi,Biphyllidae,Polyphaga,GCA_975146085.1,scarab,Chromosome,2757361,1695.94,2
Diploeciton nevermanni,Staphylinidae,Polyphaga,GCA_027575565.1,scarab,Scaffold,90103,110.46,1
Distenia gracilis,Cerambycidae,Polyphaga,GCA_055671715.1,scarab,Chromosome,27182915,1835.76,1
Donacia provostii,Chrysomelidae,Polyphaga,GCA_052550795.1,scarab,Scaffold,26426422,1760.45,1
Dorcus hopei,Lucanidae,Polyphaga,GCA_033060865.1,scarab,Chromosome,3575657,520.71,1
Dorcus parallelipipedus,Lucanidae,Polyphaga,GCA_958336345.1,scarab,Chromosome,1432485,470.9,2
Dorylogaster longipes,Staphylinidae,Polyphaga,GCA_027580035.1,scarab,Scaffold,2250,210.38,1
Dorysthenes granulosus,Cerambycidae,Polyphaga,GCA_052815825.1,scarab,Chromosome,2297689,1008.06,1
Drilus flavescens,Elateridae,Polyphaga,GCA_973896625.1,scarab,Chromosome,1096200,1008.87,2
Dromius quadrimaculatus,Carabidae,Adephaga,GCA_963989225.1,scarab,Chromosome,25783000,778.79,2
Drusilla canaliculata,Staphylinidae,Polyphaga,GCA_965644065.1,scarab,Chromosome,398913,342.08,4
Dynastes grantii,Scarabaeidae,Polyphaga,GCA_029619325.2,scarab,Scaffold,216440,678.74,2
Dynastes hercules,Scarabaeidae,Polyphaga,GCA_051939025.1,scarab,Scaffold,1761913,837.13,4
Dynastes hyllus,Scarabaeidae,Polyphaga,GCA_029619255.1,new_pull,Scaffold,81824,622.82,2
Dynastes maya,Scarabaeidae,Polyphaga,GCA_029619315.1,new_pull,Scaffold,13030375,719.21,2
Dynastes tityus,Scarabaeidae,Polyphaga,GCA_029618875.1,new_pull,Scaffold,1020787,697.77,2
Earota dentata,Staphylinidae,Polyphaga,GCA_027574905.2,scarab,Scaffold,3091,206.28,2
Ecitodaemon sp. MM-2014,Staphylinidae,Polyphaga,GCA_030557295.1,scarab,Scaffold,4976,187.9,1
Ecitoglossa quadriceps,Staphylinidae,Polyphaga,GCA_027574925.1,scarab,Scaffold,22296,123.41,1
Ecitomorpha arachnoides,Staphylinidae,Polyphaga,GCA_027574945.2,scarab,Scaffold,4648,233.59,3
Ecitophya simulans,Staphylinidae,Polyphaga,GCA_027574965.2,scarab,Scaffold,6923,219.67,2
Elaeidobius kamerunicus,Curculionidae,Polyphaga,GCA_014849505.1,scarab,Scaffold,849,269.64,2
Eledona agricola,Tenebrionidae,Polyphaga,GCA_964023215.1,new_pull,Chromosome,4218407,363.61,4
Elmis aenea,Elmidae,Polyphaga,GCA_947652605.1,scarab,Chromosome,911544,516.52,2
Endomychus armeniacus,Endomychidae,Polyphaga,GCA_977013105.1,scarab,Chromosome,3810340,577.69,1
Endomychus coccineus,Endomychidae,Polyphaga,GCA_958510875.1,scarab,Chromosome,2494558,906.44,2
Enochrus cinctus,Hydrophilidae,Polyphaga,GCA_033557785.1,scarab,Contig,7453,150.38,1
Epicauta chinensis,Meloidae,Polyphaga,GCA_021725515.1,scarab,Contig,659431,151.88,1
Epilissus splendidus,Scarabaeidae,Polyphaga,GCA_033557285.1,scarab,Contig,338,6.15,1
Eucryptorrhynchus brandti,Curculionidae,Polyphaga,GCA_040894065.1,scarab,Chromosome,4009376,401.81,1
Eucryptorrhynchus scrobiculatus,Curculionidae,Polyphaga,GCA_046736385.1,scarab,Chromosome,4215381,318.25,1
Eulagius filicornis,Mycetophagidae,Polyphaga,GCA_965643585.1,scarab,Chromosome,3619454,160.73,2
Euoniticellus fulvus,Scarabaeidae,Polyphaga,GCA_032191655.1,scarab,Contig,491,172.79,1
Euwallacea fornicatus,Curculionidae,Polyphaga,GCA_040115645.1,new_pull,Chromosome,3683252,219.83,6
Euwallacea similis,Curculionidae,Polyphaga,GCA_039881205.1,new_pull,Chromosome,3987509,177.6,2
Exocentrus adspersus,Cerambycidae,Polyphaga,GCA_029955175.1,scarab,Contig,1296204,257.54,1
Falagria sp. GC000072,Staphylinidae,Polyphaga,GCA_030556245.1,scarab,Scaffold,4617,202.36,1
Galeruca laticollis,Chrysomelidae,Polyphaga,GCA_963921935.1,scarab,Chromosome,6429013,2154.58,2
Galerucella calmariensis,Chrysomelidae,Polyphaga,GCA_910591675.1,scarab,Scaffold,18320,588.27,1
Galerucella nymphaeae,Chrysomelidae,Polyphaga,GCA_963978555.1,scarab,Chromosome,6699100,350.18,2
Galerucella pusilla,Chrysomelidae,Polyphaga,GCA_910591695.1,scarab,Scaffold,16278,513.24,1
Galerucella sagittariae,Chrysomelidae,Polyphaga,GCA_980434365.1,scarab,Chromosome,6935000,387.47,2
Galerucella tenella,Chrysomelidae,Polyphaga,GCA_910591685.1,scarab,Scaffold,21782,460.59,1
Gastrophysa polygoni,Chrysomelidae,Polyphaga,GCA_963576655.1,scarab,Chromosome,2815411,369.77,2
Gastrophysa viridula,Chrysomelidae,Polyphaga,GCA_965641405.1,scarab,Chromosome,3283698,349.64,2
Geostiba sp. GC000077,Staphylinidae,Polyphaga,GCA_030264215.1,scarab,Scaffold,6791,190.69,1
Geotrupes spiniger,Geotrupidae,Polyphaga,GCA_959613385.1,scarab,Chromosome,7348763,580.59,2
Gnatocerus cornutus,Tenebrionidae,Polyphaga,GCA_029298725.1,scarab,Chromosome,8578702,342.67,2
Gonioctena quinquepunctata,Chrysomelidae,Polyphaga,GCA_018342105.1,scarab,Contig,432124,1731.95,1
Gonodera luperus,Tenebrionidae,Polyphaga,GCA_977014565.1,scarab,Chromosome,656533,327.53,2
Graciliella metohijensis,Leiodidae,Polyphaga,GCA_978019395.1,scarab,Chromosome,5769963,243.22,1
Grammoptera ruficornis,Cerambycidae,Polyphaga,GCA_964332215.1,scarab,Chromosome,6863000,431.6,2
Grypus equiseti,Erirhinidae,Polyphaga,GCA_964656865.1,scarab,Chromosome,968598,779.29,2
Gymnusa sp. GC000175,Staphylinidae,Polyphaga,GCA_030264735.1,scarab,Scaffold,4495,405.54,1
Hallomenus binotatus,Tetratomidae,Polyphaga,GCA_965648495.1,scarab,Chromosome,4510000,204.9,2
Halyzia sedecimguttata,Coccinellidae,Polyphaga,GCA_937662695.2,scarab,Chromosome,14028202,919.11,4
Harmonia axyridis,Coccinellidae,Polyphaga,GCA_914767665.1,new_pull,Chromosome,22915403,425.52,10
Harmonia quadripunctata,Coccinellidae,Polyphaga,GCA_965642415.1,scarab,Chromosome,7798040,661.33,2
Harpalus anxius,Carabidae,Adephaga,GCA_965601895.1,scarab,Chromosome,3992063,1066.25,2
Harpalus rubripes,Carabidae,Adephaga,GCA_963082715.1,scarab,Chromosome,5994626,1253.24,2
Harpalus rufipes,Carabidae,Adephaga,GCA_951394225.1,scarab,Chromosome,8784621,890.55,2
Helictopleurus sicardi,Scarabaeidae,Polyphaga,GCA_033557245.1,scarab,Contig,555,8.73,2
Helochares maculicollis,Hydrophilidae,Polyphaga,GCA_033557835.1,scarab,Contig,48633,25.69,1
Hemicrepidius hirtus,Elateridae,Polyphaga,GCA_963082805.1,scarab,Chromosome,7643588,377.57,2
Henosepilachna vigintioctopunctata,Coccinellidae,Polyphaga,GCA_030704895.1,scarab,Contig,5762660,496.12,1
Hermaeophaga mercurialis,Chrysomelidae,Polyphaga,GCA_951812935.1,scarab,Chromosome,1363883,479.41,2
Herpes porcellus,Curculionidae,Polyphaga,GCA_981691985.1,scarab,Chromosome,8297486,775.83,1
Hippodamia convergens,Coccinellidae,Polyphaga,GCA_038502775.1,scarab,Chromosome,621899,619.23,1
Hippodamia variegata,Coccinellidae,Polyphaga,GCA_046424425.1,scarab,Chromosome,33707572,443.72,1
Holobus sp. GC000080,Staphylinidae,Polyphaga,GCA_030556065.1,scarab,Scaffold,27575,115.99,1
Hololepta plana,Histeridae,Polyphaga,GCA_963695495.2,scarab,Chromosome,2199103,139.52,4
Holotrichia oblita,Scarabaeidae,Polyphaga,GCA_023690525.1,scarab,Chromosome,369487,1415.11,1
Hycleus cichorii,Meloidae,Polyphaga,GCA_013841215.1,scarab,Scaffold,86942,99.17,1
Hycleus marcipoli,Meloidae,Polyphaga,GCA_051167335.1,scarab,Chromosome,4646650,111.45,1
Hycleus phaleratus,Meloidae,Polyphaga,GCA_013841185.1,scarab,Scaffold,75478,90.87,1
Hydrochus callosus,Hydrochidae,Polyphaga,GCA_033557855.1,scarab,Contig,75369,20.91,1
Hypera rumicis,Curculionidae,Polyphaga,GCA_965643735.1,scarab,Chromosome,11225160,1773.47,2
Hypothenemus hampei,Curculionidae,Polyphaga,GCA_041296355.1,scarab,Scaffold,13972184,172.63,3
Ichthyurus bourgeoisi,Cantharidae,Polyphaga,GCA_052863015.1,scarab,Chromosome,43915757,664.72,1
Ignelater luminosus,Elateridae,Polyphaga,GCA_011009095.1,scarab,Scaffold,31102,842.9,1
Ips calligraphus,Curculionidae,Polyphaga,GCA_056632495.1,new_pull,Chromosome,32862705,492.99,1
Ips nitidus,Curculionidae,Polyphaga,GCA_018691245.2,scarab,Chromosome,16438241,231.41,2
Ips sexdentatus,Curculionidae,Polyphaga,GCA_976954485.1,new_pull,Chromosome,8625464,264.12,2
Ips typographus,Curculionidae,Polyphaga,GCA_016097725.2,scarab,Chromosome,8272750,224.98,2
Iselma pallidipennis,Meloidae,Polyphaga,GCA_037464855.1,scarab,Scaffold,21541,107.3,1
Kibakoganea sinica,Scarabaeidae,Polyphaga,GCA_043790905.1,scarab,Chromosome,24491710,601.44,1
Kibakoganea tamdaoensis,Scarabaeidae,Polyphaga,GCA_046237675.1,scarab,Chromosome,6125000,605.33,1
Kurasawatrechus hirakei,Carabidae,Adephaga,GCA_050230135.1,scarab,Scaffold,4320,647.79,1
Kuschelorhynchus macadamiae,Curculionidae,Polyphaga,GCA_030620095.1,scarab,Contig,989531,2040.83,1
Kyklioacalles roboris,Curculionidae,Polyphaga,GCA_964211925.1,scarab,Chromosome,2967359,698.95,2
Labidoglobus nevermanni,Staphylinidae,Polyphaga,GCA_025447835.1,scarab,Scaffold,6360,118.83,1
Labidomera clivicollis,Chrysomelidae,Polyphaga,GCA_051313465.2,scarab,Scaffold,991131,979.02,4
Labidopullus appendiculatus,Staphylinidae,Polyphaga,GCA_027574705.1,scarab,Scaffold,1304,160.3,2
Laccobius striatulus,Hydrophilidae,Polyphaga,GCA_965654235.1,new_pull,Chromosome,8827139,1048.64,2
Lagria hirta,Tenebrionidae,Polyphaga,GCA_947359425.1,scarab,Chromosome,7715647,336.78,2
Lamprigera yunnana,Lampyridae,Polyphaga,GCA_013368075.1,scarab,Contig,3509824,1052.93,1
Lampyris noctiluca,Lampyridae,Polyphaga,GCA_050947525.1,scarab,Scaffold,620402,652.5,1
Laparocerus anagae,Curculionidae,Polyphaga,GCA_976997085.1,scarab,Chromosome,25935046,481.68,2
Larinus minutus,Curculionidae,Polyphaga,GCA_041228435.2,new_pull,Scaffold,2177891,1320.16,4
Larinus planus,Curculionidae,Polyphaga,GCA_977012605.1,scarab,Chromosome,27391000,1137.84,2
Larinus ursus,Curculionidae,Polyphaga,GCA_979861375.1,new_pull,Chromosome,45364611,1743.48,2
Lasiorhynchites cavifrons,Attelabidae,Polyphaga,GCA_976916715.1,scarab,Chromosome,5090000,1354.95,2
Latheticus oryzae,Tenebrionidae,Polyphaga,GCA_030157265.1,scarab,Chromosome,16486265,170.05,2
Lathrobium brunnipes,Staphylinidae,Polyphaga,GCA_965240315.1,scarab,Chromosome,1077214,465.52,2
Lathrobium fulvipenne,Staphylinidae,Polyphaga,GCA_982375295.1,new_pull,Chromosome,9753159,575.84,2
Leiosoma deflexum,Curculionidae,Polyphaga,GCA_965260835.1,scarab,Chromosome,5745900,628.19,2
Leistus fulvibarbis,Carabidae,Adephaga,GCA_965644585.1,new_pull,Chromosome,2906524,218.71,2
Leistus rufomarginatus,Carabidae,Adephaga,GCA_966112595.1,scarab,Chromosome,4280190,264.41,2
Leistus spinibarbis,Carabidae,Adephaga,GCA_933228885.1,scarab,Chromosome,7480091,235.13,2
Leonhardella angulicollis,Leiodidae,Polyphaga,GCA_978019415.1,scarab,Chromosome,3458477,493.27,1
Leptinotarsa decemlineata,Chrysomelidae,Polyphaga,GCA_024712935.1,scarab,Chromosome,7451212,1008.32,6
Leptinotarsa defecta,Chrysomelidae,Polyphaga,GCA_015342085.1,scarab,Scaffold,5300,623.39,1
Leptinotarsa haldemani,Chrysomelidae,Polyphaga,GCA_015342125.1,scarab,Scaffold,2472,549.18,1
Leptinotarsa juncta,Chrysomelidae,Polyphaga,GCA_015342165.1,new_pull,Scaffold,2839,523.98,2
Leptinotarsa lineolata,Chrysomelidae,Polyphaga,GCA_015342045.1,scarab,Scaffold,6286,647.43,1
Leptinotarsa peninsularis,Chrysomelidae,Polyphaga,GCA_015342205.1,scarab,Scaffold,3521,558.7,1
Leptinotarsa rubiginosa,Chrysomelidae,Polyphaga,GCA_015342145.1,scarab,Scaffold,2836,566.67,1
Leptinotarsa texana,Chrysomelidae,Polyphaga,GCA_015342105.1,scarab,Scaffold,5536,640.41,1
Leptinotarsa tumamoca,Chrysomelidae,Polyphaga,GCA_015342025.1,scarab,Scaffold,3871,578.68,1
Leptinotarsa undecemlineata,Chrysomelidae,Polyphaga,GCA_015342065.1,scarab,Scaffold,5685,639.11,1
Leptodirus hochenwartii,Leiodidae,Polyphaga,GCA_947310635.1,scarab,Chromosome,3374168,492.38,2
Leptura quadrifasciata,Cerambycidae,Polyphaga,GCA_963675555.1,scarab,Chromosome,5389979,1403.96,2
Leptusa sp. GC000079,Staphylinidae,Polyphaga,GCA_030264655.1,scarab,Scaffold,6169,170.31,1
Lesteva pubescens,Staphylinidae,Polyphaga,GCA_965644545.1,scarab,Chromosome,1633415,984.75,2
Lesteva punctata,Staphylinidae,Polyphaga,GCA_975739945.1,scarab,Chromosome,443094,1256.76,2
Lethrus apterus,Geotrupidae,Polyphaga,GCA_051989325.1,scarab,Scaffold,1250744,293.02,2
Lethrus scoparius,Geotrupidae,Polyphaga,GCA_052696345.1,scarab,Scaffold,301243,266.04,1
Librodor japonicus,Nitidulidae,Polyphaga,GCA_046866795.1,scarab,Chromosome,1375000,816.92,1
Limonius californicus,Elateridae,Polyphaga,GCA_014611495.1,scarab,Scaffold,19395,1072.67,1
Limonius infuscatus,Elateridae,Polyphaga,GCA_057128385.1,new_pull,Scaffold,9093642,821.62,2
Limonius poneli,Elateridae,Polyphaga,GCA_965119585.1,new_pull,Chromosome,7740000,1247.44,2
Liometoxenus newtonarum,Staphylinidae,Polyphaga,GCA_030264535.1,scarab,Scaffold,8190,182.09,1
Liophloeus tessulatus,Curculionidae,Polyphaga,GCA_978021545.1,scarab,Chromosome,26848683,1199.45,2
Liopterus haemorrhoidalis,Dytiscidae,Adephaga,GCA_963971575.1,scarab,Chromosome,2239306,1020.13,2
Lissagria laeviuscula,Staphylinidae,Polyphaga,GCA_030264695.1,scarab,Scaffold,4854,225.63,1
Listronotus bonariensis,Curculionidae,Polyphaga,GCA_014170235.1,scarab,Scaffold,120328,1112.44,1
Listronotus oregonensis,Curculionidae,Polyphaga,GCA_019359885.1,scarab,Scaffold,53091,1293.28,1
Lochmaea capreae,Chrysomelidae,Polyphaga,GCA_949126875.1,scarab,Chromosome,9517382,534.69,2
Lochmaea crataegi,Chrysomelidae,Polyphaga,GCA_947563755.1,scarab,Chromosome,2848502,891.3,2
Longitarsus dorsalis,Chrysomelidae,Polyphaga,GCA_965178105.1,scarab,Chromosome,7050000,1034.97,2
Longitarsus flavicornis,Chrysomelidae,Polyphaga,GCA_964258785.1,scarab,Chromosome,1366323,1128.27,2
Lordithon lunulatus,Staphylinidae,Polyphaga,GCA_963942505.1,scarab,Chromosome,4216376,674.39,2
Lucanus miwai,Lucanidae,Polyphaga,GCA_050437245.1,scarab,Scaffold,2023276,474.98,1
Lucanus tetraodon,Lucanidae,Polyphaga,GCA_982553785.1,new_pull,Chromosome,1983884,337.6,1
Luciola italica,Lampyridae,Polyphaga,GCA_054859625.1,scarab,Chromosome,517804,1210.02,1
Luperus flavipes,Chrysomelidae,Polyphaga,GCA_982446645.1,new_pull,Chromosome,1716876,1214.6,2
Luperus longicornis,Chrysomelidae,Polyphaga,GCA_982374535.1,new_pull,Chromosome,748388,1340.44,2
Lycocerus yunnanus,Cantharidae,Polyphaga,GCA_036346125.1,scarab,Contig,3446455,392.74,1
Lydus trimaculatus,Meloidae,Polyphaga,GCA_037414755.1,scarab,Scaffold,31079,114.12,1
Magdalis barbicornis,Curculionidae,Polyphaga,GCA_965663545.1,scarab,Chromosome,305565,1457.5,2
Magdalis cerasi,Curculionidae,Polyphaga,GCA_965642045.1,scarab,Chromosome,321191,1665.12,2
Malachius bipustulatus,Melyridae,Polyphaga,GCA_910589415.1,scarab,Chromosome,5740145,544.26,2
Malthinus flaveolus,Cantharidae,Polyphaga,GCA_950108345.1,scarab,Chromosome,3462109,236.72,2
Malthinus seriepunctatus,Cantharidae,Polyphaga,GCA_963924605.1,scarab,Chromosome,2081540,338.83,2
Malthodes marginatus,Cantharidae,Polyphaga,GCA_965119235.1,scarab,Chromosome,7986321,343.84,2
Malthodes minimus,Cantharidae,Polyphaga,GCA_964263285.1,scarab,Chromosome,1842732,583.62,2
Marronus borbonicus,Scarabaeidae,Polyphaga,GCA_902655005.1,new_pull,Scaffold,107748,406.94,2
Megalocaria dilatata,Coccinellidae,Polyphaga,GCA_034642435.1,scarab,Chromosome,50481700,767.67,1
Megatoma undata,Dermestidae,Polyphaga,GCA_965643495.1,scarab,Chromosome,6947368,417.18,2
Melanotus villosus,Elateridae,Polyphaga,GCA_963082815.1,scarab,Chromosome,13836834,803.48,2
Melinopterus prodromus,Scarabaeidae,Polyphaga,GCA_964023965.1,scarab,Chromosome,1982000,645.64,2
Meloe dianella,Meloidae,Polyphaga,GCA_028455855.1,scarab,Contig,7413378,100.08,1
Melolontha melolontha,Scarabaeidae,Polyphaga,GCA_935421215.1,new_pull,Chromosome,5929690,1656.88,3
Mengenilla moldrzyki,Mengenillidae,Mengenillidia,GCA_000281935.1,new_pull,Contig,4038,155.73,1
Metoecus paradoxus,Ripiphoridae,Polyphaga,GCA_965282865.1,scarab,Chromosome,698376,100.39,2
Micraspis discolor,Coccinellidae,Polyphaga,GCA_030674115.1,scarab,Contig,2628608,523.75,1
Microrhagus pygmaeus,Eucnemidae,Polyphaga,GCA_965643785.1,scarab,Chromosome,1272189,320.83,2
Mimaenictus wilsoni,Staphylinidae,Polyphaga,GCA_027575185.1,scarab,Scaffold,16453,230.3,1
Molorchus minor,Cerambycidae,Polyphaga,GCA_029963825.1,scarab,Contig,140248,364.69,1
Monochamus alternatus,Cerambycidae,Polyphaga,GCA_035320865.1,new_pull,Chromosome,82973183,792.14,2
Monochamus saltuarius,Cerambycidae,Polyphaga,GCA_025584915.1,scarab,Chromosome,4817785,682.22,1
Monochamus scutellatus,Cerambycidae,Polyphaga,GCA_052862855.1,scarab,Chromosome,45367300,813.23,1
Monochamus sutor,Cerambycidae,Polyphaga,GCA_052757275.1,scarab,Complete Genome,88393016,789.93,1
Monolepta hieroglyphica,Chrysomelidae,Polyphaga,GCA_045514875.1,scarab,Chromosome,7255000,2294.53,1
Mononychus punctumalbum,Curculionidae,Polyphaga,GCA_977066395.1,scarab,Chromosome,14901000,384.63,2
Monotoma picipes,Monotomidae,Polyphaga,GCA_977065965.1,scarab,Chromosome,1957789,183.11,2
Morimus asper,Cerambycidae,Polyphaga,GCA_977013095.1,scarab,Chromosome,12620000,884.73,1
Morimus orientalis,Cerambycidae,Polyphaga,GCA_976714775.1,scarab,Chromosome,14040000,900.79,1
Mycetophagus atomarius,Mycetophagidae,Polyphaga,GCA_977112535.1,scarab,Chromosome,3526068,140.07,2
Mycetophagus piceus,Mycetophagidae,Polyphaga,GCA_965642255.1,scarab,Chromosome,1957516,169.63,2
Mylabris phalerata,Meloidae,Polyphaga,GCA_020740385.1,scarab,Contig,5949474,135.7,1
Mylabris quadripunctata,Meloidae,Polyphaga,GCA_977015545.1,scarab,Chromosome,10173611,190.38,1
Mylabris sibirica,Meloidae,Polyphaga,GCA_039776855.1,scarab,Chromosome,13495858,138.45,1
Mylabris variabilis,Meloidae,Polyphaga,GCA_037464815.1,scarab,Scaffold,5346,145.43,1
Myllaena sp. GC000078,Staphylinidae,Polyphaga,GCA_030264135.1,scarab,Scaffold,9424,119.22,1
Myrrha octodecimguttata,Coccinellidae,Polyphaga,GCA_958510865.1,scarab,Chromosome,9660000,769.91,2
Nacerdes melanura,Oedemeridae,Polyphaga,GCA_965279825.1,scarab,Chromosome,38393140,530.91,2
Nadezhdiella cantori,Cerambycidae,Polyphaga,GCA_051225655.1,scarab,Chromosome,1325372,737.74,1
Nalassus laevioctostriatus,Tenebrionidae,Polyphaga,GCA_965649385.1,scarab,Chromosome,2823984,534.59,2
Nanos sp. ST009,Scarabaeidae,Polyphaga,GCA_032191585.1,scarab,Contig,277,69.25,1
Nanos vadoni,Scarabaeidae,Polyphaga,GCA_032191565.1,scarab,Contig,363,132.44,1
Nebria brevicollis,Carabidae,Adephaga,GCA_944738965.1,scarab,Chromosome,2458479,241.93,2
Nebria ingens,Carabidae,Adephaga,GCA_018344505.1,scarab,Scaffold,196262,147.4,1
Nebria salina,Carabidae,Adephaga,GCA_944039245.1,scarab,Chromosome,3131785,256.74,2
Nedyus quadrimaculatus,Curculionidae,Polyphaga,GCA_977969715.1,scarab,Chromosome,3660000,1228.36,2
Neoclytus acuminatus,Cerambycidae,Polyphaga,GCA_047371185.1,scarab,Contig,52593577,508.41,1
Neocrepidodera transversa,Chrysomelidae,Polyphaga,GCA_963243735.1,scarab,Chromosome,5881602,671.32,2
Nicrophorus americanus,Silphidae,Polyphaga,GCA_055755885.1,new_pull,Chromosome,1030540,227.72,1
Nicrophorus investigator,Silphidae,Polyphaga,GCA_963457615.1,scarab,Chromosome,3077846,202.29,2
Nicrophorus orbicollis,Silphidae,Polyphaga,GCA_018845635.2,scarab,Scaffold,16089,226.7,2
Nicrophorus vespilloides,Silphidae,Polyphaga,GCA_048003765.1,new_pull,Scaffold,4348815,199.92,2
Nipponaphaenops erraticus,Carabidae,Adephaga,GCA_050230155.1,scarab,Scaffold,21837,463.81,1
Notiophilus biguttatus,Carabidae,Adephaga,GCA_965642445.1,scarab,Chromosome,3818127,490.37,2
Notoxus monoceros,Anthicidae,Polyphaga,GCA_965276455.1,scarab,Chromosome,5447211,1173.08,2
Novius pumilus,Coccinellidae,Polyphaga,GCA_020654155.1,scarab,Contig,7579481,182.42,1
Octodonta nipae,Chrysomelidae,Polyphaga,GCA_034190945.1,scarab,Chromosome,1021275,1303.76,1
Ocypus olens,Staphylinidae,Polyphaga,GCA_910593695.1,new_pull,Chromosome,4567902,1083.87,3
Ocys tachysoides,Carabidae,Adephaga,GCA_965282375.1,scarab,Chromosome,3804920,493.78,2
Odontolabis cuvera,Lucanidae,Polyphaga,GCA_049462965.1,scarab,Chromosome,16385938,908.07,1
Oedemera lurida,Oedemeridae,Polyphaga,GCA_979846555.1,scarab,Chromosome,4848000,1284.77,2
Oligota sp. GC000189,Staphylinidae,Polyphaga,GCA_030264595.1,scarab,Scaffold,1743,159.71,1
Ontholestes murinus,Staphylinidae,Polyphaga,GCA_963969525.1,scarab,Chromosome,662260,1023.33,2
Onthophagus binodis,Scarabaeidae,Polyphaga,GCA_054643895.1,scarab,Chromosome,62142972,950.48,2
Onthophagus sagittarius,Scarabaeidae,Polyphaga,GCA_036711965.1,scarab,Scaffold,17017457,553.2,1
Onthophagus taurus,Scarabaeidae,Polyphaga,GCA_036711975.1,new_pull,Chromosome,33052070,290.86,4
Ophonus ardosiacus,Carabidae,Adephaga,GCA_943142095.1,scarab,Chromosome,8331656,911.92,2
Ophraella communa,Chrysomelidae,Polyphaga,GCA_035357415.1,scarab,Chromosome,6792531,733.13,2
Opilo mollis,Cleridae,Polyphaga,GCA_964338635.1,scarab,Chromosome,5501207,1597.81,2
Orchesia undulata,Melandryidae,Polyphaga,GCA_965642315.1,scarab,Chromosome,4513838,226.81,2
Orchestes rusci,Curculionidae,Polyphaga,GCA_958502075.1,scarab,Chromosome,1248716,624.05,2
Oryctes borbonicus,Scarabaeidae,Polyphaga,GCA_902654985.1,new_pull,Scaffold,171752,388.63,3
Oryctes rhinoceros,Scarabaeidae,Polyphaga,GCA_020654165.1,scarab,Scaffold,10534518,377.36,5
Oryzaephilus surinamensis,Silvanidae,Polyphaga,GCA_004796505.1,new_pull,Scaffold,19466,104.01,2
Osmoderma eremita,Scarabaeidae,Polyphaga,GCA_031763485.1,scarab,Scaffold,10029,494.66,1
Othius punctulatus,Staphylinidae,Polyphaga,GCA_951805005.1,scarab,Chromosome,7685560,870.47,2
Otiorhynchus rugosostriatus,Curculionidae,Polyphaga,GCA_982191755.1,scarab,Chromosome,13140803,397.52,2
Oxypoda opaca,Staphylinidae,Polyphaga,GCA_030264175.1,scarab,Scaffold,6155,183.12,3
Oxypselaphus obscurus,Carabidae,Adephaga,GCA_982345265.1,new_pull,Chromosome,1554830,613.65,2
Oxystoma pomonae,Apionidae,Polyphaga,GCA_963921995.1,scarab,Chromosome,11698280,1174.36,2
Pachyrhinus lethierryi,Curculionidae,Polyphaga,GCA_965118235.1,scarab,Chromosome,8125853,619.59,2
Pachyrhynchus sulphureomaculatus,Curculionidae,Polyphaga,GCA_019049505.1,scarab,Chromosome,299666,2051.39,1
Paederus riparius,Staphylinidae,Polyphaga,GCA_978046105.1,scarab,Chromosome,358822,1201.43,2
Pediacus dermestoides,Cucujidae,Polyphaga,GCA_963942485.1,scarab,Chromosome,5783852,235.03,2
Phaedon cochleariae,Chrysomelidae,Polyphaga,GCA_979016925.1,scarab,Chromosome,2113065,936.68,6
Phaedon tumidulus,Chrysomelidae,Polyphaga,GCA_982319415.1,new_pull,Chromosome,3027198,1537.24,2
Phaenonotum sp. SLE1380,Hydrophilidae,Polyphaga,GCA_033557805.1,scarab,Contig,10128,28.7,1
Phaleria cadaverina,Tenebrionidae,Polyphaga,GCA_977013135.1,scarab,Chromosome,5469000,367.35,2
Phanaeus vindex,Scarabaeidae,Polyphaga,GCA_054832365.1,scarab,Scaffold,21796443,409.25,1
Philonthus cognatus,Staphylinidae,Polyphaga,GCA_932526585.1,new_pull,Chromosome,29486216,1030.58,3
Philonthus spinipes,Staphylinidae,Polyphaga,GCA_963082785.1,scarab,Chromosome,8244937,671.08,2
Philopedon plagiatum,Curculionidae,Polyphaga,GCA_963971165.1,scarab,Chromosome,1795000,1080.35,2
Phosphuga atrata,Silphidae,Polyphaga,GCA_944588485.1,scarab,Chromosome,2238738,1200.0,2
Photinus pyralis,Lampyridae,Polyphaga,GCA_008802855.1,new_pull,Scaffold,170308,471.51,1
Phratora vitellinae,Chrysomelidae,Polyphaga,GCA_977071015.1,scarab,Chromosome,5970765,565.08,2
Phrixothrix hirtus,Phengodidae,Polyphaga,GCA_024586415.1,scarab,Contig,2761,2897.72,1
Phyllobius argentatus,Curculionidae,Polyphaga,GCA_965654395.1,new_pull,Chromosome,5342107,937.0,2
Phyllobius pyri,Curculionidae,Polyphaga,GCA_980746795.1,scarab,Chromosome,31606165,748.13,2
Phyllobius virideaeris,Curculionidae,Polyphaga,GCA_965643005.1,scarab,Chromosome,6641151,1178.12,2
Phyllotreta cruciferae,Chrysomelidae,Polyphaga,GCA_917563865.1,scarab,Chromosome,7248987,135.12,1
Phyllotreta striolata,Chrysomelidae,Polyphaga,GCA_918026865.1,scarab,Chromosome,2676005,132.26,1
Phytoecia cylindrica,Cerambycidae,Polyphaga,GCA_982374485.1,new_pull,Chromosome,16066490,831.48,2
Pissodes strobi,Curculionidae,Polyphaga,GCA_016904865.1,scarab,Scaffold,24927,2025.02,1
Plagiodera versicolora,Chrysomelidae,Polyphaga,GCA_035321685.1,new_pull,Chromosome,10689844,233.27,6
Platerodrilus igneus,Lycidae,Polyphaga,GCA_036346225.1,scarab,Contig,5663757,2714.43,1
Plateumaris germari,Chrysomelidae,Polyphaga,GCA_050242975.1,new_pull,Contig,37986,162.53,2
Platydracus latebricola,Staphylinidae,Polyphaga,GCA_978021435.1,scarab,Chromosome,3085000,1396.26,2
Platypus cylindrus,Curculionidae,Polyphaga,GCA_949748235.1,scarab,Chromosome,2446278,147.48,2
Platyrhinus resinosus,Anthribidae,Polyphaga,GCA_977061565.1,scarab,Chromosome,5966951,764.06,2
Platystomos albinus,Anthribidae,Polyphaga,GCA_964106875.1,scarab,Chromosome,4331580,555.33,2
Platyusa sonomae,Staphylinidae,Polyphaga,GCA_027576655.1,scarab,Scaffold,6614,229.68,2
Podabrus alpinus,Cantharidae,Polyphaga,GCA_932274525.1,scarab,Chromosome,9879682,777.25,2
Podagrica fuscicornis,Chrysomelidae,Polyphaga,GCA_980253055.1,scarab,Chromosome,2265000,1948.99,2
Poecilus cupreus,Carabidae,Adephaga,GCA_963942605.1,scarab,Chromosome,4481000,748.49,2
Pogonocherus hispidulus,Cerambycidae,Polyphaga,GCA_963924545.1,scarab,Chromosome,8036892,704.45,2
Pogonus chalceus,Carabidae,Adephaga,GCA_002278615.1,scarab,Chromosome,5623,280.88,1
Polydrusus cervinus,Curculionidae,Polyphaga,GCA_935413205.1,scarab,Chromosome,19113408,713.37,2
Polydrusus impressifrons,Curculionidae,Polyphaga,GCA_977013515.1,scarab,Chromosome,23749401,567.12,2
Polydrusus pterygomalis,Curculionidae,Polyphaga,GCA_963969555.1,scarab,Chromosome,23161000,1051.57,2
Polydrusus tereticollis,Curculionidae,Polyphaga,GCA_963920685.1,scarab,Chromosome,4992693,1396.13,4
Popillia japonica,Scarabaeidae,Polyphaga,GCA_042919755.1,new_pull,Scaffold,31226420,545.74,5
Priacma serrata,Cupedidae,Archostemata,GCA_000281835.1,scarab,Contig,4805,12.08,1
Prionocyphon serricornis,Scirtidae,Polyphaga,GCA_964417215.1,new_pull,Chromosome,23304763,711.54,4
Prionychus ater,Tenebrionidae,Polyphaga,GCA_965112505.1,scarab,Chromosome,1817819,385.24,2
Promethis valgipes,Tenebrionidae,Polyphaga,GCA_054205895.1,scarab,Chromosome,17096667,212.13,1
Propomacrus cypriacus,Glaphyridae,Polyphaga,GCA_977019095.1,scarab,Chromosome,29712000,511.29,1
Propylea japonica,Coccinellidae,Polyphaga,GCA_013421045.1,scarab,Chromosome,813984,851.23,2
Propylea quattuordecimpunctata,Coccinellidae,Polyphaga,GCA_976925235.1,scarab,Chromosome,21063383,579.31,2
Prosopocoilus inquinatus,Lucanidae,Polyphaga,GCA_036172665.1,scarab,Chromosome,26364114,649.73,1
Protaetia brevitarsis,Scarabaeidae,Polyphaga,GCA_051903415.1,scarab,Chromosome,51133839,676.43,2
Pseudeuparius sepicola,Anthribidae,Polyphaga,GCA_963920635.1,scarab,Chromosome,12710576,769.08,2
Pseudocistela ceramboides,Tenebrionidae,Polyphaga,GCA_965601595.1,scarab,Chromosome,307262,356.61,2
Pseudomimeciton antennatum,Staphylinidae,Polyphaga,GCA_027576155.1,scarab,Scaffold,5376,85.21,2
Psylliodes chrysocephalus,Chrysomelidae,Polyphaga,GCA_927349885.1,scarab,Chromosome,1287164,1181.81,1
Pterostichus diligens,Carabidae,Adephaga,GCA_976289695.1,scarab,Chromosome,587496,572.08,2
Pterostichus madidus,Carabidae,Adephaga,GCA_911728475.1,new_pull,Chromosome,15821749,705.16,3
Pterostichus niger,Carabidae,Adephaga,GCA_947425015.1,scarab,Chromosome,2834613,674.1,2
Pterostichus vernalis,Carabidae,Adephaga,GCA_965283465.1,scarab,Chromosome,2239000,972.3,2
Pycnomerus fuliginosus,Zopheridae,Polyphaga,GCA_963924575.1,scarab,Chromosome,7625985,359.24,2
Pyrochroa serraticornis,Pyrochroidae,Polyphaga,GCA_905333025.1,new_pull,Chromosome,12970676,249.41,3
Pyrocoelia pectoralis,Lampyridae,Polyphaga,GCA_036250285.1,scarab,Chromosome,3077264,532.08,2
Quadriops clusia,Hydrophilidae,Polyphaga,GCA_033557875.1,scarab,Contig,10607,191.57,1
Quedius lateralis,Staphylinidae,Polyphaga,GCA_964338995.1,scarab,Chromosome,6014424,753.04,2
Radziella styx,Leiodidae,Polyphaga,GCA_979475445.1,scarab,Chromosome,844232,340.01,1
Rhagium mordax,Cerambycidae,Polyphaga,GCA_963680705.1,scarab,Chromosome,2857000,775.65,2
Rhagonycha fulva,Cantharidae,Polyphaga,GCA_905340355.1,scarab,Chromosome,21086067,424.68,2
Rhagonycha lignosa,Cantharidae,Polyphaga,GCA_965212295.1,scarab,Chromosome,7941140,554.76,2
Rhagonycha lutea,Cantharidae,Polyphaga,GCA_958510855.1,scarab,Chromosome,7455203,479.86,2
Rhagophthalmus giganteus,Rhagophthalmidae,Polyphaga,GCA_036326145.1,scarab,Contig,22250735,275.49,1
Rhamnusium bicolor,Cerambycidae,Polyphaga,GCA_029963845.1,scarab,Contig,632732,1141.6,1
Rhizotrogus aestivus,Scarabaeidae,Polyphaga,GCA_965643555.1,scarab,Chromosome,2065809,2078.29,2
Rhynchophorus ferrugineus,Curculionidae,Polyphaga,GCA_030347505.1,new_pull,Scaffold,20155528,778.73,5
Rhyzobius forestieri,Coccinellidae,Polyphaga,GCA_966185095.1,scarab,Chromosome,158616,753.47,2
Rhyzopertha dominica,Bostrichidae,Polyphaga,GCA_054553145.1,new_pull,Chromosome,2728449,490.55,3
Rosalia funebris,Cerambycidae,Polyphaga,GCA_037954035.1,scarab,Contig,30181154,814.02,1
Rutpela maculata,Cerambycidae,Polyphaga,GCA_936432065.2,scarab,Chromosome,4272090,2021.58,4
Salpingus planirostris,Salpingidae,Polyphaga,GCA_949788335.1,scarab,Chromosome,2186765,127.54,2
Sambus kanssuensis,Buprestidae,Polyphaga,GCA_047651835.1,scarab,Chromosome,3192945,312.03,1
Sarophorus costatus,Scarabaeidae,Polyphaga,GCA_032191635.1,scarab,Contig,926,197.14,2
Scaphidium quadrimaculatum,Staphylinidae,Polyphaga,GCA_965282785.1,scarab,Chromosome,6726481,1268.48,2
Scarites abbreviatus,Carabidae,Adephaga,GCA_982297005.1,new_pull,Chromosome,17448818,749.67,2
Sceptobius lativentris,Staphylinidae,Polyphaga,GCA_025399995.1,scarab,Scaffold,6386,318.49,2
Schizotus pectinicornis,Pyrochroidae,Polyphaga,GCA_951805265.1,scarab,Chromosome,3604651,181.13,2
Sepedophilus sp. GC000190,Staphylinidae,Polyphaga,GCA_030264515.1,scarab,Scaffold,2480,757.29,1
Serangium japonicum,Coccinellidae,Polyphaga,GCA_040543525.1,new_pull,Chromosome,12608783,668.33,2
Serica brunnea,Scarabaeidae,Polyphaga,GCA_973946265.1,scarab,Chromosome,4783073,1695.57,2
Serrognathus titanus,Lucanidae,Polyphaga,GCA_039766575.1,scarab,Chromosome,37829574,384.09,1
Silvanus unidentatus,Silvanidae,Polyphaga,GCA_963930825.1,scarab,Chromosome,2207987,187.17,2
Sinelater perroti,Elateridae,Polyphaga,GCA_036346155.1,scarab,Contig,16744002,1242.19,1
Sinopyrophorus schimmeli,Elateridae,Polyphaga,GCA_036325965.1,scarab,Contig,2735891,289.31,1
Sisyphus schaefferi,Scarabaeidae,Polyphaga,GCA_977862225.1,scarab,Chromosome,19673571,398.36,1
Sitona lineatus,Curculionidae,Polyphaga,GCA_964263205.1,scarab,Chromosome,8906263,835.42,2
Sitophilus oryzae,Curculionidae,Polyphaga,GCA_002938485.2,scarab,Scaffold,1039787,770.57,2
Sitophilus zeamais,Curculionidae,Polyphaga,GCA_047936755.1,scarab,Chromosome,1251010,693.21,1
Spelaeobates novaki,Leiodidae,Polyphaga,GCA_982345495.1,new_pull,Chromosome,5965395,247.72,1
Sperchopsis tessellata,Hydrophilidae,Polyphaga,GCA_033557685.1,scarab,Contig,32069,22.62,1
Sphaeridium bipustulatum,Hydrophilidae,Polyphaga,GCA_977013595.1,scarab,Chromosome,4115265,261.76,2
Sphaeroderma testaceum,Chrysomelidae,Polyphaga,GCA_971796245.1,scarab,Chromosome,2407971,1521.32,2
Staphylinus erythropterus,Staphylinidae,Polyphaga,GCA_964211955.1,scarab,Chromosome,6140586,1412.5,2
Stenocarus ruficornis,Curculionidae,Polyphaga,GCA_977017535.1,scarab,Chromosome,24964000,607.15,2
Stenodera caucasica,Meloidae,Polyphaga,GCA_037414795.1,scarab,Scaffold,9204,92.69,1
Stenolophus ochropezus,Carabidae,Adephaga,GCA_035578165.1,scarab,Scaffold,16540314,826.48,1
Stenosis austini,Tenebrionidae,Polyphaga,GCA_976980505.1,scarab,Chromosome,16021784,238.62,1
Stenurella melanura,Cerambycidae,Polyphaga,GCA_963583905.1,scarab,Chromosome,3913043,1616.91,2
Stenus bimaculatus,Staphylinidae,Polyphaga,GCA_963971135.1,scarab,Chromosome,3547562,450.61,2
Sternochetus mangiferae,Curculionidae,Polyphaga,GCA_051294475.1,scarab,Contig,3574366,701.87,1
Stictoleptura scutellata,Cerambycidae,Polyphaga,GCA_964212005.1,scarab,Chromosome,10870000,1471.11,2
Stylops aterrimus,Stylopidae,Stylopidia,GCA_965240395.1,new_pull,Chromosome,838485,85.43,2
Subcoccinella vigintiquattuorpunctata,Coccinellidae,Polyphaga,GCA_965783985.1,scarab,Chromosome,7289122,532.05,2
Tachinus rufipes,Staphylinidae,Polyphaga,GCA_963932245.1,scarab,Chromosome,12054482,1152.0,2
Tachinus sp. AB-2021,Staphylinidae,Polyphaga,GCA_030264575.1,scarab,Scaffold,4129,580.27,1
Tachyporus hypnorum,Staphylinidae,Polyphaga,GCA_965783885.1,scarab,Chromosome,1061911,531.39,2
Taeniapion urticarium,Apionidae,Polyphaga,GCA_978019935.1,scarab,Chromosome,819000,827.07,2
Taphrorychus bicolor,Curculionidae,Polyphaga,GCA_951812265.1,scarab,Chromosome,1227000,575.24,2
Tarphius canariensis,Zopheridae,Polyphaga,GCA_964277315.1,scarab,Chromosome,14492433,310.74,2
Temnoplectron lewisense,Scarabaeidae,Polyphaga,GCA_033557385.1,scarab,Contig,1369,25.89,1
Tenebrio molitor,Tenebrionidae,Polyphaga,GCA_963966145.1,new_pull,Chromosome,7033857,276.83,10
Tetradonia laticeps,Staphylinidae,Polyphaga,GCA_025400035.1,scarab,Scaffold,2413,201.38,1
Tetraopes melanurus,Cerambycidae,Polyphaga,GCA_054850815.1,scarab,Chromosome,23086903,684.56,1
Tetraopes sublaevis,Cerambycidae,Polyphaga,GCA_054850805.1,scarab,Chromosome,5570646,755.59,1
Tetraopes tetrophthalmus,Cerambycidae,Polyphaga,GCA_054850835.1,scarab,Chromosome,5304993,788.9,2
Tetropium fuscum,Cerambycidae,Polyphaga,GCA_964058775.1,scarab,Chromosome,3916055,555.65,2
Thanatophilus sinuatus,Silphidae,Polyphaga,GCA_051122355.1,scarab,Chromosome,6249324,288.95,1
Thyregis relictus,Scarabaeidae,Polyphaga,GCA_033557495.1,scarab,Contig,4522,21.54,1
Tillus elongatus,Cleridae,Polyphaga,GCA_964006375.1,scarab,Chromosome,4001000,1719.09,2
Tomicus yunnanensis,Curculionidae,Polyphaga,GCA_054825155.1,scarab,Chromosome,228779,378.22,1
Trechiama kuznetsovi,Carabidae,Adephaga,GCA_054771555.1,scarab,Scaffold,9573,456.73,1
Trechiama lewisi,Carabidae,Adephaga,GCA_050230255.1,scarab,Scaffold,11403,388.66,1
Tribolium castaneum,Tenebrionidae,Polyphaga,GCA_031307605.1,new_pull,Chromosome,16193484,241.86,6
Tribolium confusum,Tenebrionidae,Polyphaga,GCA_019155225.1,new_pull,Chromosome,4094517,305.13,3
Tribolium freemani,Tenebrionidae,Polyphaga,GCA_939628115.1,scarab,Chromosome,8487211,269.17,2
Tribolium madens,Tenebrionidae,Polyphaga,GCA_015345945.1,new_pull,Scaffold,76672,149.38,2
Trigonoscuta pilosa,Curculionidae,Polyphaga,GCA_046128435.1,scarab,Scaffold,354045,2263.67,2
Troglocharinus ferreri,Leiodidae,Polyphaga,GCA_982185335.1,scarab,Contig,3443960,404.2,1
Trypodendron lineatum,Curculionidae,Polyphaga,GCA_055532135.1,scarab,Contig,915233,83.62,1
Trypoxylus dichotomus,Scarabaeidae,Polyphaga,GCA_023509865.1,scarab,Chromosome,12989000,636.27,3
Tytthaspis sedecimpunctata,Coccinellidae,Polyphaga,GCA_977970285.1,scarab,Chromosome,8946478,355.7,2
Uleiota planata,Silvanidae,Polyphaga,GCA_965112455.1,scarab,Chromosome,4820208,586.51,2
Ulomoides dermestoides,Tenebrionidae,Polyphaga,GCA_040954815.1,scarab,Chromosome,12188387,253.33,1
Vesta saturnalis,Lampyridae,Polyphaga,GCA_036346205.1,scarab,Contig,2975991,2140.13,1
Weissflogia rhopalogaster,Staphylinidae,Polyphaga,GCA_019419845.1,new_pull,Scaffold,21252,233.44,2
Xantholinus longiventris,Staphylinidae,Polyphaga,GCA_978045125.1,scarab,Chromosome,287807,474.09,2
Xenos peckii,Xenidae,Stylopidia,GCA_040167675.1,new_pull,Contig,7378620,72.12,1
Xestobium rufovillosum,Ptinidae,Polyphaga,GCA_963966045.1,new_pull,Chromosome,7346478,475.78,4
Xyleborus affinis,Curculionidae,Polyphaga,GCA_046766355.1,scarab,Scaffold,84369,219.08,1
Xyleborus bispinatus,Curculionidae,Polyphaga,GCA_049176215.1,scarab,Scaffold,139662,161.71,1
Xyleborus glabratus,Curculionidae,Polyphaga,GCA_049176235.1,scarab,Scaffold,27990,239.51,1
Zonitis immaculata,Meloidae,Polyphaga,GCA_037414775.1,scarab,Scaffold,9755,102.04,1
Zophobas atratus,Tenebrionidae,Polyphaga,GCA_022388445.1,scarab,Chromosome,6737797,478.15,1
Zophobas morio,Tenebrionidae,Polyphaga,GCA_042767095.1,new_pull,Scaffold,4352000,619.41,3
Zygogramma bicolorata,Chrysomelidae,Polyphaga,GCA_032362365.1,scarab,Scaffold,448050,935.93,1
