tip_label,source_tier,family,superfamily,suborder,which_creedy_clades
GCA_964197645.1,genome,Carabidae,Caraboidea,Adephaga,Coleoptera|Adephaga|remaining_Adephaga|Geadephaga|remaining_Geadephaga|Carabidae
GCA_030710515.1,genome,Lampyridae,Elateroidea,Polyphaga,Coleoptera|Polyphaga|Elateriformia|Elateroidea
GCA_013368085.1,genome,Lampyridae,Elateroidea,Polyphaga,Coleoptera|Polyphaga|Elateriformia|Elateroidea
GCA_963669975.1,genome,Chrysomelidae,Chrysomeloidea,Polyphaga,Coleoptera|Polyphaga|Cucujiformia|Chrysomeloidea|Curculionoidea+Chrysomeloidea
GCA_964234755.1,genome,Elateridae,Elateroidea,Polyphaga,Coleoptera|Polyphaga|Elateriformia|Elateroidea
GCA_977071005.1,genome,Carabidae,Caraboidea,Adephaga,Coleoptera|Adephaga|remaining_Adephaga|Geadephaga|remaining_Geadephaga|Carabidae
GCA_981690485.1,genome,Carabidae,Caraboidea,Adephaga,Coleoptera|Adephaga|remaining_Adephaga|Geadephaga|remaining_Geadephaga|Carabidae
GCA_910592335.1,genome,Coccinellidae,Coccinelloidea,Polyphaga,Coleoptera|Polyphaga|Cucujiformia|Coccinelloidea
GCA_951802165.1,genome,Coccinellidae,Coccinelloidea,Polyphaga,Coleoptera|Polyphaga|Cucujiformia|Coccinelloidea
GCA_977014165.1,genome,Leiodidae,Staphylinoidea,Polyphaga,Coleoptera|Polyphaga|Staphyliniformia|Staphylinoidea|Staphylinoidea+Scarabaeoidea
GCA_030264715.1,genome,Staphylinidae,Staphylinoidea,Polyphaga,Coleoptera|Polyphaga|Staphyliniformia|Staphylinoidea|Staphylinoidea+Scarabaeoidea
GCA_009867245.1,genome,Staphylinidae,Staphylinoidea,Polyphaga,Coleoptera|Polyphaga|Staphyliniformia|Staphylinoidea|Staphylinoidea+Scarabaeoidea
GCA_978045345.1,genome,Scarabaeidae,Scarabaeoidea,Polyphaga,Coleoptera|Polyphaga|Staphyliniformia|Scarabaeiformia|Staphylinoidea+Scarabaeoidea|Scarabaeoidea
GCA_010014765.1,genome,Staphylinidae,Staphylinoidea,Polyphaga,Coleoptera|Polyphaga|Staphyliniformia|Staphylinoidea|Staphylinoidea+Scarabaeoidea
GCA_024364675.1,genome,Nitidulidae,Nitiduloidea,Polyphaga,Coleoptera|Polyphaga|Cucujiformia
GCA_950111635.1,genome,Chrysomelidae,Chrysomeloidea,Polyphaga,Coleoptera|Polyphaga|Cucujiformia|Chrysomeloidea|Curculionoidea+Chrysomeloidea
GCA_947534325.1,genome,Carabidae,Caraboidea,Adephaga,Coleoptera|Adephaga|remaining_Adephaga|Geadephaga|remaining_Geadephaga|Carabidae
GCA_982290465.1,genome,Carabidae,Caraboidea,Adephaga,Coleoptera|Adephaga|remaining_Adephaga|Geadephaga|remaining_Geadephaga|Carabidae
GCA_982345065.1,genome,Carabidae,Caraboidea,Adephaga,Coleoptera|Adephaga|remaining_Adephaga|Geadephaga|remaining_Geadephaga|Carabidae
GCA_978021445.1,genome,Carabidae,Caraboidea,Adephaga,Coleoptera|Adephaga|remaining_Adephaga|Geadephaga|remaining_Geadephaga|Carabidae
GCA_963921985.1,genome,Buprestidae,Buprestoidea,Polyphaga,Coleoptera|Polyphaga|Elateriformia|Buprestoidea|Byrrhoidea+Buprestoidea
GCA_947389935.1,genome,Buprestidae,Buprestoidea,Polyphaga,Coleoptera|Polyphaga|Elateriformia|Buprestoidea|Byrrhoidea+Buprestoidea
GCA_029378335.1,genome,Buprestidae,Buprestoidea,Polyphaga,Coleoptera|Polyphaga|Elateriformia|Buprestoidea|Byrrhoidea+Buprestoidea
GCA_000699045.2,genome,Buprestidae,Buprestoidea,Polyphaga,Coleoptera|Polyphaga|Elateriformia|Buprestoidea|Byrrhoidea+Buprestoidea
GCA_044115295.2,genome,Elateridae,Elateroidea,Polyphaga,Coleoptera|Polyphaga|Elateriformia|Elateroidea
GCA_965788545.1,genome,Elateridae,Elateroidea,Polyphaga,Coleoptera|Polyphaga|Elateriformia|Elateroidea
GCA_041228545.2,genome,Elateridae,Elateroidea,Polyphaga,Coleoptera|Polyphaga|Elateriformia|Elateroidea
GCA_040955265.2,genome,Elateridae,Elateroidea,Polyphaga,Coleoptera|Polyphaga|Elateriformia|Elateroidea
GCA_044115395.2,genome,Elateridae,Elateroidea,Polyphaga,Coleoptera|Polyphaga|Elateriformia|Elateroidea
GCA_044115325.2,genome,Elateridae,Elateroidea,Polyphaga,Coleoptera|Polyphaga|Elateriformia|Elateroidea
GCA_929113105.1,genome,Elateridae,Elateroidea,Polyphaga,Coleoptera|Polyphaga|Elateriformia|Elateroidea
GCA_009852465.1,genome,Elateridae,Elateroidea,Polyphaga,Coleoptera|Polyphaga|Elateriformia|Elateroidea
GCA_003054995.1,genome,Staphylinidae,Staphylinoidea,Polyphaga,Coleoptera|Polyphaga|Staphyliniformia|Staphylinoidea|Staphylinoidea+Scarabaeoidea
GCA_963978815.1,genome,Staphylinidae,Staphylinoidea,Polyphaga,Coleoptera|Polyphaga|Staphyliniformia|Staphylinoidea|Staphylinoidea+Scarabaeoidea
GCA_030264555.1,genome,Staphylinidae,Staphylinoidea,Polyphaga,Coleoptera|Polyphaga|Staphyliniformia|Staphylinoidea|Staphylinoidea+Scarabaeoidea
GCA_964028335.1,genome,Chrysomelidae,Chrysomeloidea,Polyphaga,Coleoptera|Polyphaga|Cucujiformia|Chrysomeloidea|Curculionoidea+Chrysomeloidea
GCA_973350105.1,genome,Carabidae,Caraboidea,Adephaga,Coleoptera|Adephaga|remaining_Adephaga|Geadephaga|remaining_Geadephaga|Carabidae
GCA_982446755.1,genome,Carabidae,Caraboidea,Adephaga,Coleoptera|Adephaga|remaining_Adephaga|Geadephaga|remaining_Geadephaga|Carabidae
GCA_981560045.1,genome,Carabidae,Caraboidea,Adephaga,Coleoptera|Adephaga|remaining_Adephaga|Geadephaga|remaining_Geadephaga|Carabidae
GCA_978120735.1,genome,Carabidae,Caraboidea,Adephaga,Coleoptera|Adephaga|remaining_Adephaga|Geadephaga|remaining_Geadephaga|Carabidae
GCA_965279875.1,genome,Carabidae,Caraboidea,Adephaga,Coleoptera|Adephaga|remaining_Adephaga|Geadephaga|remaining_Geadephaga|Carabidae
GCA_964234815.1,genome,Elateridae,Elateroidea,Polyphaga,Coleoptera|Polyphaga|Elateriformia|Elateroidea
GCA_963170755.1,genome,Scarabaeidae,Scarabaeoidea,Polyphaga,Coleoptera|Polyphaga|Staphyliniformia|Scarabaeiformia|Staphylinoidea+Scarabaeoidea|Scarabaeoidea
GCA_033557545.1,genome,Scarabaeidae,Scarabaeoidea,Polyphaga,Coleoptera|Polyphaga|Staphyliniformia|Scarabaeiformia|Staphylinoidea+Scarabaeoidea|Scarabaeoidea
GCA_978041785.1,genome,Cerambycidae,Chrysomeloidea,Polyphaga,Coleoptera|Polyphaga|Cucujiformia|Chrysomeloidea|Curculionoidea+Chrysomeloidea
GCA_964243895.1,genome,Scraptiidae,Tenebrionoidea,Polyphaga,Coleoptera|Polyphaga|Cucujiformia|Tenebrionoidea|Lymexyloidea+Tenebrionoidea
GCA_949128115.1,genome,Scraptiidae,Tenebrionoidea,Polyphaga,Coleoptera|Polyphaga|Cucujiformia|Tenebrionoidea|Lymexyloidea+Tenebrionoidea
GCA_964204715.1,genome,Scraptiidae,Tenebrionoidea,Polyphaga,Coleoptera|Polyphaga|Cucujiformia|Tenebrionoidea|Lymexyloidea+Tenebrionoidea
GCA_030264675.1,genome,Staphylinidae,Staphylinoidea,Polyphaga,Coleoptera|Polyphaga|Staphyliniformia|Staphylinoidea|Staphylinoidea+Scarabaeoidea
GCA_964188095.1,genome,Coccinellidae,Coccinelloidea,Polyphaga,Coleoptera|Polyphaga|Cucujiformia|Coccinelloidea
GCA_965643755.1,genome,Ptinidae,Bostrichoidea,Polyphaga,Coleoptera|Polyphaga|Bostrichiformia
GCA_052815205.1,genome,Cerambycidae,Chrysomeloidea,Polyphaga,Coleoptera|Polyphaga|Cucujiformia|Chrysomeloidea|Curculionoidea+Chrysomeloidea
GCA_054644005.1,genome,Cerambycidae,Chrysomeloidea,Polyphaga,Coleoptera|Polyphaga|Cucujiformia|Chrysomeloidea|Curculionoidea+Chrysomeloidea
GCA_054644075.1,genome,Cerambycidae,Chrysomeloidea,Polyphaga,Coleoptera|Polyphaga|Cucujiformia|Chrysomeloidea|Curculionoidea+Chrysomeloidea
GCA_965663565.1,genome,Staphylinidae,Staphylinoidea,Polyphaga,Coleoptera|Polyphaga|Staphyliniformia|Staphylinoidea|Staphylinoidea+Scarabaeoidea
GCA_964258815.1,genome,Melyridae,Cleroidea,Polyphaga,Coleoptera|Polyphaga|Cucujiformia|Cleroidea
GCA_030068095.1,genome,Curculionidae,Curculionoidea,Polyphaga,Coleoptera|Polyphaga|Cucujiformia|Curculionoidea|Curculionoidea+Chrysomeloidea
GCA_050242925.2,genome,Curculionidae,Curculionoidea,Polyphaga,Coleoptera|Polyphaga|Cucujiformia|Curculionoidea|Curculionoidea+Chrysomeloidea
GCA_978045665.1,genome,Leiodidae,Staphylinoidea,Polyphaga,Coleoptera|Polyphaga|Staphyliniformia|Staphylinoidea|Staphylinoidea+Scarabaeoidea
GCA_963966015.1,genome,Coccinellidae,Coccinelloidea,Polyphaga,Coleoptera|Polyphaga|Cucujiformia|Coccinelloidea
GCA_964211865.1,genome,Scarabaeidae,Scarabaeoidea,Polyphaga,Coleoptera|Polyphaga|Staphyliniformia|Scarabaeiformia|Staphylinoidea+Scarabaeoidea|Scarabaeoidea
GCA_963971325.1,genome,Scarabaeidae,Scarabaeoidea,Polyphaga,Coleoptera|Polyphaga|Staphyliniformia|Scarabaeiformia|Staphylinoidea+Scarabaeoidea|Scarabaeoidea
GCA_032191705.1,genome,Scarabaeidae,Scarabaeoidea,Polyphaga,Coleoptera|Polyphaga|Staphyliniformia|Scarabaeiformia|Staphylinoidea+Scarabaeoidea|Scarabaeoidea
GCA_963966075.1,genome,Scarabaeidae,Scarabaeoidea,Polyphaga,Coleoptera|Polyphaga|Staphyliniformia|Scarabaeiformia|Staphylinoidea+Scarabaeoidea|Scarabaeoidea
GCA_978018165.1,genome,Elateridae,Elateroidea,Polyphaga,Coleoptera|Polyphaga|Elateriformia|Elateroidea
GCA_911728435.1,genome,Attelabidae,Curculionoidea,Polyphaga,Coleoptera|Polyphaga|Cucujiformia|Curculionoidea|Curculionoidea+Chrysomeloidea
GCA_035610365.1,genome,Lampyridae,Elateroidea,Polyphaga,Coleoptera|Polyphaga|Elateriformia|Elateroidea
GCA_050578095.1,genome,Anthribidae,Curculionoidea,Polyphaga,Coleoptera|Polyphaga|Cucujiformia|Curculionoidea|Curculionoidea+Chrysomeloidea
GCA_046563155.1,genome,Cerambycidae,Chrysomeloidea,Polyphaga,Coleoptera|Polyphaga|Cucujiformia|Chrysomeloidea|Curculionoidea+Chrysomeloidea
GCA_045514315.1,genome,Cerambycidae,Chrysomeloidea,Polyphaga,Coleoptera|Polyphaga|Cucujiformia|Chrysomeloidea|Curculionoidea+Chrysomeloidea
GCA_965642075.1,genome,Cerambycidae,Chrysomeloidea,Polyphaga,Coleoptera|Polyphaga|Cucujiformia|Chrysomeloidea|Curculionoidea+Chrysomeloidea
GCA_004193795.1,genome,Tenebrionidae,Tenebrionoidea,Polyphaga,Coleoptera|Polyphaga|Cucujiformia|Tenebrionoidea|Lymexyloidea+Tenebrionoidea
GCA_963576565.1,genome,Apionidae,Curculionoidea,Polyphaga,Coleoptera|Polyphaga|Cucujiformia|Curculionoidea|Curculionoidea+Chrysomeloidea
GCA_965278915.1,genome,Leiodidae,Staphylinoidea,Polyphaga,Coleoptera|Polyphaga|Staphyliniformia|Staphylinoidea|Staphylinoidea+Scarabaeoidea
GCA_030264155.1,genome,Staphylinidae,Staphylinoidea,Polyphaga,Coleoptera|Polyphaga|Staphyliniformia|Staphylinoidea|Staphylinoidea+Scarabaeoidea
GCA_978258735.1,genome,Dermestidae,Bostrichoidea,Polyphaga,Coleoptera|Polyphaga|Bostrichiformia
GCA_051251045.1,genome,Chrysomelidae,Chrysomeloidea,Polyphaga,Coleoptera|Polyphaga|Cucujiformia|Chrysomeloidea|Curculionoidea+Chrysomeloidea
GCA_963991005.1,genome,Curculionidae,Curculionoidea,Polyphaga,Coleoptera|Polyphaga|Cucujiformia|Curculionoidea|Curculionoidea+Chrysomeloidea
GCA_979853965.1,genome,Leiodidae,Staphylinoidea,Polyphaga,Coleoptera|Polyphaga|Staphyliniformia|Staphylinoidea|Staphylinoidea+Scarabaeoidea
GCA_052815245.1,genome,Cerambycidae,Chrysomeloidea,Polyphaga,Coleoptera|Polyphaga|Cucujiformia|Chrysomeloidea|Curculionoidea+Chrysomeloidea
GCA_050941775.1,genome,Cerambycidae,Chrysomeloidea,Polyphaga,Coleoptera|Polyphaga|Cucujiformia|Chrysomeloidea|Curculionoidea+Chrysomeloidea
GCA_033557775.1,genome,Hydrophilidae,Hydrophiloidea,Polyphaga,Coleoptera|Polyphaga|Staphyliniformia|Hydrophiloidea|Hydrophiloidea+Histeroidea
GCA_966183525.1,genome,Apionidae,Curculionoidea,Polyphaga,Coleoptera|Polyphaga|Cucujiformia|Curculionoidea|Curculionoidea+Chrysomeloidea
GCA_965194465.1,genome,Biphyllidae,Cleroidea,Polyphaga,Coleoptera|Polyphaga|Cucujiformia|Cleroidea
GCA_964656825.1,genome,Zopheridae,Tenebrionoidea,Polyphaga,Coleoptera|Polyphaga|Cucujiformia|Tenebrionoidea|Lymexyloidea+Tenebrionoidea
GCA_042257705.1,genome,Tenebrionidae,Tenebrionoidea,Polyphaga,Coleoptera|Polyphaga|Cucujiformia|Tenebrionoidea|Lymexyloidea+Tenebrionoidea
GCA_050230235.1,genome,Carabidae,Caraboidea,Adephaga,Coleoptera|Adephaga|remaining_Adephaga|Geadephaga|remaining_Geadephaga|Carabidae
GCA_958510825.1,genome,Kateretidae,Nitiduloidea,Polyphaga,Coleoptera|Polyphaga|Cucujiformia
GCA_921294245.1,genome,Nitidulidae,Nitiduloidea,Polyphaga,Coleoptera|Polyphaga|Cucujiformia
GCA_040580785.1,genome,Chrysomelidae,Chrysomeloidea,Polyphaga,Coleoptera|Polyphaga|Cucujiformia|Chrysomeloidea|Curculionoidea+Chrysomeloidea
GCA_949316355.1,genome,Chrysomelidae,Chrysomeloidea,Polyphaga,Coleoptera|Polyphaga|Cucujiformia|Chrysomeloidea|Curculionoidea+Chrysomeloidea
GCA_964204745.1,genome,Chrysomelidae,Chrysomeloidea,Polyphaga,Coleoptera|Polyphaga|Cucujiformia|Chrysomeloidea|Curculionoidea+Chrysomeloidea
GCA_965643515.1,genome,Chrysomelidae,Chrysomeloidea,Polyphaga,Coleoptera|Polyphaga|Cucujiformia|Chrysomeloidea|Curculionoidea+Chrysomeloidea
GCA_033557405.1,genome,Scarabaeidae,Scarabaeoidea,Polyphaga,Coleoptera|Polyphaga|Staphyliniformia|Scarabaeiformia|Staphylinoidea+Scarabaeoidea|Scarabaeoidea
GCA_978122415.1,genome,Carabidae,Caraboidea,Adephaga,Coleoptera|Adephaga|remaining_Adephaga|Geadephaga|remaining_Geadephaga|Carabidae
GCA_966096355.1,genome,Carabidae,Caraboidea,Adephaga,Coleoptera|Adephaga|remaining_Adephaga|Geadephaga|remaining_Geadephaga|Carabidae
GCA_046129265.1,genome,Chrysomelidae,Chrysomeloidea,Polyphaga,Coleoptera|Polyphaga|Cucujiformia|Chrysomeloidea|Curculionoidea+Chrysomeloidea
GCA_040182625.1,genome,Chrysomelidae,Chrysomeloidea,Polyphaga,Coleoptera|Polyphaga|Cucujiformia|Chrysomeloidea|Curculionoidea+Chrysomeloidea
GCA_977063495.1,genome,Carabidae,Caraboidea,Adephaga,Coleoptera|Adephaga|remaining_Adephaga|Geadephaga|remaining_Geadephaga|Carabidae
GCA_022063505.1,genome,Carabidae,Caraboidea,Adephaga,Coleoptera|Adephaga|remaining_Adephaga|Geadephaga|remaining_Geadephaga|Carabidae
GCA_055275695.1,genome,Carabidae,Caraboidea,Adephaga,Coleoptera|Adephaga|remaining_Adephaga|Geadephaga|remaining_Geadephaga|Carabidae
GCA_044734075.1,genome,Carabidae,Caraboidea,Adephaga,Coleoptera|Adephaga|remaining_Adephaga|Geadephaga|remaining_Geadephaga|Carabidae
GCA_044734065.1,genome,Carabidae,Caraboidea,Adephaga,Coleoptera|Adephaga|remaining_Adephaga|Geadephaga|remaining_Geadephaga|Carabidae
GCA_964059645.1,genome,Coccinellidae,Coccinelloidea,Polyphaga,Coleoptera|Polyphaga|Cucujiformia|Coccinelloidea
GCA_965642435.1,genome,Cantharidae,Elateroidea,Polyphaga,Coleoptera|Polyphaga|Elateriformia|Elateroidea
GCA_949152465.1,genome,Cantharidae,Elateroidea,Polyphaga,Coleoptera|Polyphaga|Elateriformia|Elateroidea
GCA_963170105.1,genome,Cantharidae,Elateroidea,Polyphaga,Coleoptera|Polyphaga|Elateriformia|Elateroidea
GCA_958510845.1,genome,Cantharidae,Elateroidea,Polyphaga,Coleoptera|Polyphaga|Elateriformia|Elateroidea
GCA_978407175.1,genome,Cantharidae,Elateroidea,Polyphaga,Coleoptera|Polyphaga|Elateriformia|Elateroidea
GCA_982552315.1,genome,Cantharidae,Elateroidea,Polyphaga,Coleoptera|Polyphaga|Elateriformia|Elateroidea
GCA_947369205.1,genome,Cantharidae,Elateroidea,Polyphaga,Coleoptera|Polyphaga|Elateriformia|Elateroidea
GCA_911387805.1,genome,Cantharidae,Elateroidea,Polyphaga,Coleoptera|Polyphaga|Elateriformia|Elateroidea
GCA_054832385.1,genome,Scarabaeidae,Scarabaeoidea,Polyphaga,Coleoptera|Polyphaga|Staphyliniformia|Scarabaeiformia|Staphylinoidea+Scarabaeoidea|Scarabaeoidea
GCA_964291765.1,genome,Carabidae,Caraboidea,Adephaga,Coleoptera|Adephaga|remaining_Adephaga|Geadephaga|remaining_Geadephaga|Carabidae
GCA_050785175.1,genome,Carabidae,Caraboidea,Adephaga,Coleoptera|Adephaga|remaining_Adephaga|Geadephaga|remaining_Geadephaga|Carabidae
GCA_048127345.1,genome,Carabidae,Caraboidea,Adephaga,Coleoptera|Adephaga|remaining_Adephaga|Geadephaga|remaining_Geadephaga|Carabidae
GCA_054785535.1,genome,Carabidae,Caraboidea,Adephaga,Coleoptera|Adephaga|remaining_Adephaga|Geadephaga|remaining_Geadephaga|Carabidae
GCA_977790985.1,genome,Carabidae,Caraboidea,Adephaga,Coleoptera|Adephaga|remaining_Adephaga|Geadephaga|remaining_Geadephaga|Carabidae
GCA_963422195.1,genome,Carabidae,Caraboidea,Adephaga,Coleoptera|Adephaga|remaining_Adephaga|Geadephaga|remaining_Geadephaga|Carabidae
GCA_977013385.1,genome,Carabidae,Caraboidea,Adephaga,Coleoptera|Adephaga|remaining_Adephaga|Geadephaga|remaining_Geadephaga|Carabidae
GCA_963920755.1,genome,Latridiidae,Coccinelloidea,Polyphaga,Coleoptera|Polyphaga|Cucujiformia|Coccinelloidea
GCA_051362485.1,genome,Scarabaeidae,Scarabaeoidea,Polyphaga,Coleoptera|Polyphaga|Staphyliniformia|Scarabaeiformia|Staphylinoidea+Scarabaeoidea|Scarabaeoidea
GCA_965642105.1,genome,Leiodidae,Staphylinoidea,Polyphaga,Coleoptera|Polyphaga|Staphyliniformia|Staphylinoidea|Staphylinoidea+Scarabaeoidea
GCA_965287095.1,genome,Carabidae,Caraboidea,Adephaga,Coleoptera|Adephaga|remaining_Adephaga|Geadephaga|remaining_Geadephaga|Carabidae
GCA_949128085.1,genome,Scarabaeidae,Scarabaeoidea,Polyphaga,Coleoptera|Polyphaga|Staphyliniformia|Scarabaeiformia|Staphylinoidea+Scarabaeoidea|Scarabaeoidea
GCA_917834065.1,genome,Curculionidae,Curculionoidea,Polyphaga,Coleoptera|Polyphaga|Cucujiformia|Curculionoidea|Curculionoidea+Chrysomeloidea
GCA_965178145.1,genome,Curculionidae,Curculionoidea,Polyphaga,Coleoptera|Polyphaga|Cucujiformia|Curculionoidea|Curculionoidea+Chrysomeloidea
GCA_965653155.1,genome,Chrysomelidae,Chrysomeloidea,Polyphaga,Coleoptera|Polyphaga|Cucujiformia|Chrysomeloidea|Curculionoidea+Chrysomeloidea
GCA_056790185.1,genome,Chrysomelidae,Chrysomeloidea,Polyphaga,Coleoptera|Polyphaga|Cucujiformia|Chrysomeloidea|Curculionoidea+Chrysomeloidea
GCA_038088585.1,genome,Scarabaeidae,Scarabaeoidea,Polyphaga,Coleoptera|Polyphaga|Staphyliniformia|Scarabaeiformia|Staphylinoidea+Scarabaeoidea|Scarabaeoidea
GCA_010091895.1,genome,Scarabaeidae,Scarabaeoidea,Polyphaga,Coleoptera|Polyphaga|Staphyliniformia|Scarabaeiformia|Staphylinoidea+Scarabaeoidea|Scarabaeoidea
GCA_958502065.1,genome,Chrysomelidae,Chrysomeloidea,Polyphaga,Coleoptera|Polyphaga|Cucujiformia|Chrysomeloidea|Curculionoidea+Chrysomeloidea
GCA_964197785.1,genome,Chrysomelidae,Chrysomeloidea,Polyphaga,Coleoptera|Polyphaga|Cucujiformia|Chrysomeloidea|Curculionoidea+Chrysomeloidea
GCA_958298965.1,genome,Chrysomelidae,Chrysomeloidea,Polyphaga,Coleoptera|Polyphaga|Cucujiformia|Chrysomeloidea|Curculionoidea+Chrysomeloidea
GCA_979300175.1,genome,Chrysomelidae,Chrysomeloidea,Polyphaga,Coleoptera|Polyphaga|Cucujiformia|Chrysomeloidea|Curculionoidea+Chrysomeloidea
GCA_982264245.1,genome,Chrysomelidae,Chrysomeloidea,Polyphaga,Coleoptera|Polyphaga|Cucujiformia|Chrysomeloidea|Curculionoidea+Chrysomeloidea
GCA_944452925.2,genome,Chrysomelidae,Chrysomeloidea,Polyphaga,Coleoptera|Polyphaga|Cucujiformia|Chrysomeloidea|Curculionoidea+Chrysomeloidea
GCA_027562985.1,genome,Chrysomelidae,Chrysomeloidea,Polyphaga,Coleoptera|Polyphaga|Cucujiformia|Chrysomeloidea|Curculionoidea+Chrysomeloidea
GCA_965642295.1,genome,Chrysomelidae,Chrysomeloidea,Polyphaga,Coleoptera|Polyphaga|Cucujiformia|Chrysomeloidea|Curculionoidea+Chrysomeloidea
GCA_965121785.1,genome,Chrysomelidae,Chrysomeloidea,Polyphaga,Coleoptera|Polyphaga|Cucujiformia|Chrysomeloidea|Curculionoidea+Chrysomeloidea
GCA_977930235.1,genome,Ciidae,Tenebrionoidea,Polyphaga,Coleoptera|Polyphaga|Cucujiformia|Tenebrionoidea|Lymexyloidea+Tenebrionoidea
GCA_963966155.1,genome,Carabidae,Caraboidea,Adephaga,Coleoptera|Adephaga|remaining_Adephaga|Geadephaga|remaining_Geadephaga|Carabidae
GCA_965178175.1,genome,Coccinellidae,Coccinelloidea,Polyphaga,Coleoptera|Polyphaga|Cucujiformia|Coccinelloidea
GCA_965644565.1,genome,Coccinellidae,Coccinelloidea,Polyphaga,Coleoptera|Polyphaga|Cucujiformia|Coccinelloidea
GCA_907165205.1,genome,Coccinellidae,Coccinelloidea,Polyphaga,Coleoptera|Polyphaga|Cucujiformia|Coccinelloidea
GCA_056522465.1,genome,Coccinellidae,Coccinelloidea,Polyphaga,Coleoptera|Polyphaga|Cucujiformia|Coccinelloidea
GCA_979606585.1,genome,Hydrophilidae,Hydrophiloidea,Polyphaga,Coleoptera|Polyphaga|Staphyliniformia|Hydrophiloidea|Hydrophiloidea+Histeroidea
GCA_964656385.1,genome,Zopheridae,Tenebrionoidea,Polyphaga,Coleoptera|Polyphaga|Cucujiformia|Tenebrionoidea|Lymexyloidea+Tenebrionoidea
GCA_032191685.1,genome,Scarabaeidae,Scarabaeoidea,Polyphaga,Coleoptera|Polyphaga|Staphyliniformia|Scarabaeiformia|Staphylinoidea+Scarabaeoidea|Scarabaeoidea
GCA_027574865.2,genome,Staphylinidae,Staphylinoidea,Polyphaga,Coleoptera|Polyphaga|Staphyliniformia|Staphylinoidea|Staphylinoidea+Scarabaeoidea
GCA_033557675.1,genome,Scarabaeidae,Scarabaeoidea,Polyphaga,Coleoptera|Polyphaga|Staphyliniformia|Scarabaeiformia|Staphylinoidea+Scarabaeoidea|Scarabaeoidea
GCA_031761425.1,genome,Curculionidae,Curculionoidea,Polyphaga,Coleoptera|Polyphaga|Cucujiformia|Curculionoidea|Curculionoidea+Chrysomeloidea
GCA_965645225.1,genome,Chrysomelidae,Chrysomeloidea,Polyphaga,Coleoptera|Polyphaga|Cucujiformia|Chrysomeloidea|Curculionoidea+Chrysomeloidea
GCA_949320105.1,genome,Chrysomelidae,Chrysomeloidea,Polyphaga,Coleoptera|Polyphaga|Cucujiformia|Chrysomeloidea|Curculionoidea+Chrysomeloidea
GCA_965615805.1,genome,Chrysomelidae,Chrysomeloidea,Polyphaga,Coleoptera|Polyphaga|Cucujiformia|Chrysomeloidea|Curculionoidea+Chrysomeloidea
GCA_958507055.1,genome,Chrysomelidae,Chrysomeloidea,Polyphaga,Coleoptera|Polyphaga|Cucujiformia|Chrysomeloidea|Curculionoidea+Chrysomeloidea
GCA_978018155.1,genome,Cantharidae,Elateroidea,Polyphaga,Coleoptera|Polyphaga|Elateriformia|Elateroidea
GCA_946251905.1,genome,Chrysomelidae,Chrysomeloidea,Polyphaga,Coleoptera|Polyphaga|Cucujiformia|Chrysomeloidea|Curculionoidea+Chrysomeloidea
GCA_963576515.1,genome,Chrysomelidae,Chrysomeloidea,Polyphaga,Coleoptera|Polyphaga|Cucujiformia|Chrysomeloidea|Curculionoidea+Chrysomeloidea
GCA_965663585.1,genome,Chrysomelidae,Chrysomeloidea,Polyphaga,Coleoptera|Polyphaga|Cucujiformia|Chrysomeloidea|Curculionoidea+Chrysomeloidea
GCA_013387265.2,genome,Coccinellidae,Coccinelloidea,Polyphaga,Coleoptera|Polyphaga|Cucujiformia|Coccinelloidea
GCA_963556235.1,genome,Cryptophagidae,Cucujoidea,Polyphaga,Coleoptera|Polyphaga|Cucujiformia|Cucujoidea_ss
GCA_965641385.1,genome,Curculionidae,Curculionoidea,Polyphaga,Coleoptera|Polyphaga|Cucujiformia|Curculionoidea|Curculionoidea+Chrysomeloidea
GCA_958336395.1,genome,Elateridae,Elateroidea,Polyphaga,Coleoptera|Polyphaga|Elateriformia|Elateroidea
GCA_051047995.1,genome,Curculionidae,Curculionoidea,Polyphaga,Coleoptera|Polyphaga|Cucujiformia|Curculionoidea|Curculionoidea+Chrysomeloidea
GCA_965648435.1,genome,Curculionidae,Curculionoidea,Polyphaga,Coleoptera|Polyphaga|Cucujiformia|Curculionoidea|Curculionoidea+Chrysomeloidea
GCA_029955315.1,genome,Brentidae,Curculionoidea,Polyphaga,Coleoptera|Polyphaga|Cucujiformia|Curculionoidea|Curculionoidea+Chrysomeloidea
GCA_030157275.1,genome,Tenebrionidae,Tenebrionoidea,Polyphaga,Coleoptera|Polyphaga|Cucujiformia|Tenebrionoidea|Lymexyloidea+Tenebrionoidea
GCA_030704885.1,genome,Coccinellidae,Coccinelloidea,Polyphaga,Coleoptera|Polyphaga|Cucujiformia|Coccinelloidea
GCA_030264615.1,genome,Staphylinidae,Staphylinoidea,Polyphaga,Coleoptera|Polyphaga|Staphyliniformia|Staphylinoidea|Staphylinoidea+Scarabaeoidea
GCA_056777075.1,genome,Curculionidae,Curculionoidea,Polyphaga,Coleoptera|Polyphaga|Cucujiformia|Curculionoidea|Curculionoidea+Chrysomeloidea
GCA_976941425.1,genome,Tenebrionidae,Tenebrionoidea,Polyphaga,Coleoptera|Polyphaga|Cucujiformia|Tenebrionoidea|Lymexyloidea+Tenebrionoidea
GCA_965112895.1,genome,Elateridae,Elateroidea,Polyphaga,Coleoptera|Polyphaga|Elateriformia|Elateroidea
GCA_025399875.2,genome,Staphylinidae,Staphylinoidea,Polyphaga,Coleoptera|Polyphaga|Staphyliniformia|Staphylinoidea|Staphylinoidea+Scarabaeoidea
GCA_949768715.1,genome,Dascillidae,Dascilloidea,Polyphaga,Coleoptera|Polyphaga|Elateriformia|Dascilloidea
GCA_028583605.1,genome,Bothrideridae,Coccinelloidea,Polyphaga,Coleoptera|Polyphaga|Cucujiformia|Coccinelloidea
GCA_027574845.2,genome,Staphylinidae,Staphylinoidea,Polyphaga,Coleoptera|Polyphaga|Staphyliniformia|Staphylinoidea|Staphylinoidea+Scarabaeoidea
GCA_965152765.1,genome,Tenebrionidae,Tenebrionoidea,Polyphaga,Coleoptera|Polyphaga|Cucujiformia|Tenebrionoidea|Lymexyloidea+Tenebrionoidea
GCA_040113315.1,genome,Curculionidae,Curculionoidea,Polyphaga,Coleoptera|Polyphaga|Cucujiformia|Curculionoidea|Curculionoidea+Chrysomeloidea
GCA_020466585.2,genome,Curculionidae,Curculionoidea,Polyphaga,Coleoptera|Polyphaga|Cucujiformia|Curculionoidea|Curculionoidea+Chrysomeloidea
GCA_024550625.1,genome,Curculionidae,Curculionoidea,Polyphaga,Coleoptera|Polyphaga|Cucujiformia|Curculionoidea|Curculionoidea+Chrysomeloidea
GCA_964205235.1,genome,Elateridae,Elateroidea,Polyphaga,Coleoptera|Polyphaga|Elateriformia|Elateroidea
GCA_031893035.2,genome,Scarabaeidae,Scarabaeoidea,Polyphaga,Coleoptera|Polyphaga|Staphyliniformia|Scarabaeiformia|Staphylinoidea+Scarabaeoidea|Scarabaeoidea
GCA_918026665.1,genome,Chrysomelidae,Chrysomeloidea,Polyphaga,Coleoptera|Polyphaga|Cucujiformia|Chrysomeloidea|Curculionoidea+Chrysomeloidea
GCA_040954645.1,genome,Chrysomelidae,Chrysomeloidea,Polyphaga,Coleoptera|Polyphaga|Cucujiformia|Chrysomeloidea|Curculionoidea+Chrysomeloidea
GCA_917563875.2,genome,Chrysomelidae,Chrysomeloidea,Polyphaga,Coleoptera|Polyphaga|Cucujiformia|Chrysomeloidea|Curculionoidea+Chrysomeloidea
GCA_963583935.1,genome,Tenebrionidae,Tenebrionoidea,Polyphaga,Coleoptera|Polyphaga|Cucujiformia|Tenebrionoidea|Lymexyloidea+Tenebrionoidea
GCA_034092305.1,genome,Curculionidae,Curculionoidea,Polyphaga,Coleoptera|Polyphaga|Cucujiformia|Curculionoidea|Curculionoidea+Chrysomeloidea
GCA_043773845.1,genome,Carabidae,Caraboidea,Adephaga,Coleoptera|Adephaga|remaining_Adephaga|Geadephaga|remaining_Geadephaga|Carabidae
GCA_036711955.1,genome,Scarabaeidae,Scarabaeoidea,Polyphaga,Coleoptera|Polyphaga|Staphyliniformia|Scarabaeiformia|Staphylinoidea+Scarabaeoidea|Scarabaeoidea
GCA_029229535.1,genome,Chrysomelidae,Chrysomeloidea,Polyphaga,Coleoptera|Polyphaga|Cucujiformia|Chrysomeloidea|Curculionoidea+Chrysomeloidea
GCA_026250575.1,genome,Chrysomelidae,Chrysomeloidea,Polyphaga,Coleoptera|Polyphaga|Cucujiformia|Chrysomeloidea|Curculionoidea+Chrysomeloidea
GCA_026230145.1,genome,Chrysomelidae,Chrysomeloidea,Polyphaga,Coleoptera|Polyphaga|Cucujiformia|Chrysomeloidea|Curculionoidea+Chrysomeloidea
GCA_026230105.1,genome,Chrysomelidae,Chrysomeloidea,Polyphaga,Coleoptera|Polyphaga|Cucujiformia|Chrysomeloidea|Curculionoidea+Chrysomeloidea
GCA_033557515.1,genome,Scarabaeidae,Scarabaeoidea,Polyphaga,Coleoptera|Polyphaga|Staphyliniformia|Scarabaeiformia|Staphylinoidea+Scarabaeoidea|Scarabaeoidea
GCA_975146085.1,genome,Biphyllidae,Cleroidea,Polyphaga,Coleoptera|Polyphaga|Cucujiformia|Cleroidea
GCA_027575565.1,genome,Staphylinidae,Staphylinoidea,Polyphaga,Coleoptera|Polyphaga|Staphyliniformia|Staphylinoidea|Staphylinoidea+Scarabaeoidea
GCA_055671715.1,genome,Cerambycidae,Chrysomeloidea,Polyphaga,Coleoptera|Polyphaga|Cucujiformia|Chrysomeloidea|Curculionoidea+Chrysomeloidea
GCA_052550795.1,genome,Chrysomelidae,Chrysomeloidea,Polyphaga,Coleoptera|Polyphaga|Cucujiformia|Chrysomeloidea|Curculionoidea+Chrysomeloidea
GCA_033060865.1,genome,Lucanidae,Scarabaeoidea,Polyphaga,Coleoptera|Polyphaga|Staphyliniformia|Scarabaeiformia|Staphylinoidea+Scarabaeoidea|Scarabaeoidea
GCA_958336345.1,genome,Lucanidae,Scarabaeoidea,Polyphaga,Coleoptera|Polyphaga|Staphyliniformia|Scarabaeiformia|Staphylinoidea+Scarabaeoidea|Scarabaeoidea
GCA_027580035.1,genome,Staphylinidae,Staphylinoidea,Polyphaga,Coleoptera|Polyphaga|Staphyliniformia|Staphylinoidea|Staphylinoidea+Scarabaeoidea
GCA_052815825.1,genome,Cerambycidae,Chrysomeloidea,Polyphaga,Coleoptera|Polyphaga|Cucujiformia|Chrysomeloidea|Curculionoidea+Chrysomeloidea
GCA_973896625.1,genome,Elateridae,Elateroidea,Polyphaga,Coleoptera|Polyphaga|Elateriformia|Elateroidea
GCA_963989225.1,genome,Carabidae,Caraboidea,Adephaga,Coleoptera|Adephaga|remaining_Adephaga|Geadephaga|remaining_Geadephaga|Carabidae
GCA_965644065.1,genome,Staphylinidae,Staphylinoidea,Polyphaga,Coleoptera|Polyphaga|Staphyliniformia|Staphylinoidea|Staphylinoidea+Scarabaeoidea
GCA_029619325.2,genome,Scarabaeidae,Scarabaeoidea,Polyphaga,Coleoptera|Polyphaga|Staphyliniformia|Scarabaeiformia|Staphylinoidea+Scarabaeoidea|Scarabaeoidea
GCA_051939025.1,genome,Scarabaeidae,Scarabaeoidea,Polyphaga,Coleoptera|Polyphaga|Staphyliniformia|Scarabaeiformia|Staphylinoidea+Scarabaeoidea|Scarabaeoidea
GCA_029619255.1,genome,Scarabaeidae,Scarabaeoidea,Polyphaga,Coleoptera|Polyphaga|Staphyliniformia|Scarabaeiformia|Staphylinoidea+Scarabaeoidea|Scarabaeoidea
GCA_029619315.1,genome,Scarabaeidae,Scarabaeoidea,Polyphaga,Coleoptera|Polyphaga|Staphyliniformia|Scarabaeiformia|Staphylinoidea+Scarabaeoidea|Scarabaeoidea
GCA_029618875.1,genome,Scarabaeidae,Scarabaeoidea,Polyphaga,Coleoptera|Polyphaga|Staphyliniformia|Scarabaeiformia|Staphylinoidea+Scarabaeoidea|Scarabaeoidea
GCA_027574905.2,genome,Staphylinidae,Staphylinoidea,Polyphaga,Coleoptera|Polyphaga|Staphyliniformia|Staphylinoidea|Staphylinoidea+Scarabaeoidea
GCA_030557295.1,genome,Staphylinidae,Staphylinoidea,Polyphaga,Coleoptera|Polyphaga|Staphyliniformia|Staphylinoidea|Staphylinoidea+Scarabaeoidea
GCA_027574925.1,genome,Staphylinidae,Staphylinoidea,Polyphaga,Coleoptera|Polyphaga|Staphyliniformia|Staphylinoidea|Staphylinoidea+Scarabaeoidea
GCA_027574945.2,genome,Staphylinidae,Staphylinoidea,Polyphaga,Coleoptera|Polyphaga|Staphyliniformia|Staphylinoidea|Staphylinoidea+Scarabaeoidea
GCA_027574965.2,genome,Staphylinidae,Staphylinoidea,Polyphaga,Coleoptera|Polyphaga|Staphyliniformia|Staphylinoidea|Staphylinoidea+Scarabaeoidea
GCA_014849505.1,genome,Curculionidae,Curculionoidea,Polyphaga,Coleoptera|Polyphaga|Cucujiformia|Curculionoidea|Curculionoidea+Chrysomeloidea
GCA_964023215.1,genome,Tenebrionidae,Tenebrionoidea,Polyphaga,Coleoptera|Polyphaga|Cucujiformia|Tenebrionoidea|Lymexyloidea+Tenebrionoidea
GCA_947652605.1,genome,Elmidae,Dryopoidea,Polyphaga,Coleoptera|Polyphaga|Elateriformia
GCA_977013105.1,genome,Endomychidae,Coccinelloidea,Polyphaga,Coleoptera|Polyphaga|Cucujiformia|Coccinelloidea
GCA_958510875.1,genome,Endomychidae,Coccinelloidea,Polyphaga,Coleoptera|Polyphaga|Cucujiformia|Coccinelloidea
GCA_033557785.1,genome,Hydrophilidae,Hydrophiloidea,Polyphaga,Coleoptera|Polyphaga|Staphyliniformia|Hydrophiloidea|Hydrophiloidea+Histeroidea
GCA_021725515.1,genome,Meloidae,Tenebrionoidea,Polyphaga,Coleoptera|Polyphaga|Cucujiformia|Tenebrionoidea|Lymexyloidea+Tenebrionoidea
GCA_033557285.1,genome,Scarabaeidae,Scarabaeoidea,Polyphaga,Coleoptera|Polyphaga|Staphyliniformia|Scarabaeiformia|Staphylinoidea+Scarabaeoidea|Scarabaeoidea
GCA_040894065.1,genome,Curculionidae,Curculionoidea,Polyphaga,Coleoptera|Polyphaga|Cucujiformia|Curculionoidea|Curculionoidea+Chrysomeloidea
GCA_046736385.1,genome,Curculionidae,Curculionoidea,Polyphaga,Coleoptera|Polyphaga|Cucujiformia|Curculionoidea|Curculionoidea+Chrysomeloidea
GCA_965643585.1,genome,Mycetophagidae,Tenebrionoidea,Polyphaga,Coleoptera|Polyphaga|Cucujiformia|Tenebrionoidea|Lymexyloidea+Tenebrionoidea
GCA_032191655.1,genome,Scarabaeidae,Scarabaeoidea,Polyphaga,Coleoptera|Polyphaga|Staphyliniformia|Scarabaeiformia|Staphylinoidea+Scarabaeoidea|Scarabaeoidea
GCA_040115645.1,genome,Curculionidae,Curculionoidea,Polyphaga,Coleoptera|Polyphaga|Cucujiformia|Curculionoidea|Curculionoidea+Chrysomeloidea
GCA_039881205.1,genome,Curculionidae,Curculionoidea,Polyphaga,Coleoptera|Polyphaga|Cucujiformia|Curculionoidea|Curculionoidea+Chrysomeloidea
GCA_029955175.1,genome,Cerambycidae,Chrysomeloidea,Polyphaga,Coleoptera|Polyphaga|Cucujiformia|Chrysomeloidea|Curculionoidea+Chrysomeloidea
GCA_030556245.1,genome,Staphylinidae,Staphylinoidea,Polyphaga,Coleoptera|Polyphaga|Staphyliniformia|Staphylinoidea|Staphylinoidea+Scarabaeoidea
GCA_963921935.1,genome,Chrysomelidae,Chrysomeloidea,Polyphaga,Coleoptera|Polyphaga|Cucujiformia|Chrysomeloidea|Curculionoidea+Chrysomeloidea
GCA_910591675.1,genome,Chrysomelidae,Chrysomeloidea,Polyphaga,Coleoptera|Polyphaga|Cucujiformia|Chrysomeloidea|Curculionoidea+Chrysomeloidea
GCA_963978555.1,genome,Chrysomelidae,Chrysomeloidea,Polyphaga,Coleoptera|Polyphaga|Cucujiformia|Chrysomeloidea|Curculionoidea+Chrysomeloidea
GCA_910591695.1,genome,Chrysomelidae,Chrysomeloidea,Polyphaga,Coleoptera|Polyphaga|Cucujiformia|Chrysomeloidea|Curculionoidea+Chrysomeloidea
GCA_980434365.1,genome,Chrysomelidae,Chrysomeloidea,Polyphaga,Coleoptera|Polyphaga|Cucujiformia|Chrysomeloidea|Curculionoidea+Chrysomeloidea
GCA_910591685.1,genome,Chrysomelidae,Chrysomeloidea,Polyphaga,Coleoptera|Polyphaga|Cucujiformia|Chrysomeloidea|Curculionoidea+Chrysomeloidea
GCA_963576655.1,genome,Chrysomelidae,Chrysomeloidea,Polyphaga,Coleoptera|Polyphaga|Cucujiformia|Chrysomeloidea|Curculionoidea+Chrysomeloidea
GCA_965641405.1,genome,Chrysomelidae,Chrysomeloidea,Polyphaga,Coleoptera|Polyphaga|Cucujiformia|Chrysomeloidea|Curculionoidea+Chrysomeloidea
GCA_030264215.1,genome,Staphylinidae,Staphylinoidea,Polyphaga,Coleoptera|Polyphaga|Staphyliniformia|Staphylinoidea|Staphylinoidea+Scarabaeoidea
GCA_959613385.1,genome,Geotrupidae,Scarabaeoidea,Polyphaga,Coleoptera|Polyphaga|Staphyliniformia|Scarabaeiformia|Staphylinoidea+Scarabaeoidea|Scarabaeoidea
GCA_029298725.1,genome,Tenebrionidae,Tenebrionoidea,Polyphaga,Coleoptera|Polyphaga|Cucujiformia|Tenebrionoidea|Lymexyloidea+Tenebrionoidea
GCA_018342105.1,genome,Chrysomelidae,Chrysomeloidea,Polyphaga,Coleoptera|Polyphaga|Cucujiformia|Chrysomeloidea|Curculionoidea+Chrysomeloidea
GCA_977014565.1,genome,Tenebrionidae,Tenebrionoidea,Polyphaga,Coleoptera|Polyphaga|Cucujiformia|Tenebrionoidea|Lymexyloidea+Tenebrionoidea
GCA_978019395.1,genome,Leiodidae,Staphylinoidea,Polyphaga,Coleoptera|Polyphaga|Staphyliniformia|Staphylinoidea|Staphylinoidea+Scarabaeoidea
GCA_964332215.1,genome,Cerambycidae,Chrysomeloidea,Polyphaga,Coleoptera|Polyphaga|Cucujiformia|Chrysomeloidea|Curculionoidea+Chrysomeloidea
GCA_964656865.1,genome,Erirhinidae,Curculionoidea,Polyphaga,Coleoptera|Polyphaga|Cucujiformia|Curculionoidea|Curculionoidea+Chrysomeloidea
GCA_030264735.1,genome,Staphylinidae,Staphylinoidea,Polyphaga,Coleoptera|Polyphaga|Staphyliniformia|Staphylinoidea|Staphylinoidea+Scarabaeoidea
GCA_965648495.1,genome,Tetratomidae,Tenebrionoidea,Polyphaga,Coleoptera|Polyphaga|Cucujiformia|Tenebrionoidea|Lymexyloidea+Tenebrionoidea
GCA_937662695.2,genome,Coccinellidae,Coccinelloidea,Polyphaga,Coleoptera|Polyphaga|Cucujiformia|Coccinelloidea
GCA_914767665.1,genome,Coccinellidae,Coccinelloidea,Polyphaga,Coleoptera|Polyphaga|Cucujiformia|Coccinelloidea
GCA_965642415.1,genome,Coccinellidae,Coccinelloidea,Polyphaga,Coleoptera|Polyphaga|Cucujiformia|Coccinelloidea
GCA_965601895.1,genome,Carabidae,Caraboidea,Adephaga,Coleoptera|Adephaga|remaining_Adephaga|Geadephaga|remaining_Geadephaga|Carabidae
GCA_963082715.1,genome,Carabidae,Caraboidea,Adephaga,Coleoptera|Adephaga|remaining_Adephaga|Geadephaga|remaining_Geadephaga|Carabidae
GCA_951394225.1,genome,Carabidae,Caraboidea,Adephaga,Coleoptera|Adephaga|remaining_Adephaga|Geadephaga|remaining_Geadephaga|Carabidae
GCA_033557245.1,genome,Scarabaeidae,Scarabaeoidea,Polyphaga,Coleoptera|Polyphaga|Staphyliniformia|Scarabaeiformia|Staphylinoidea+Scarabaeoidea|Scarabaeoidea
GCA_033557835.1,genome,Hydrophilidae,Hydrophiloidea,Polyphaga,Coleoptera|Polyphaga|Staphyliniformia|Hydrophiloidea|Hydrophiloidea+Histeroidea
GCA_963082805.1,genome,Elateridae,Elateroidea,Polyphaga,Coleoptera|Polyphaga|Elateriformia|Elateroidea
GCA_030704895.1,genome,Coccinellidae,Coccinelloidea,Polyphaga,Coleoptera|Polyphaga|Cucujiformia|Coccinelloidea
GCA_951812935.1,genome,Chrysomelidae,Chrysomeloidea,Polyphaga,Coleoptera|Polyphaga|Cucujiformia|Chrysomeloidea|Curculionoidea+Chrysomeloidea
GCA_981691985.1,genome,Curculionidae,Curculionoidea,Polyphaga,Coleoptera|Polyphaga|Cucujiformia|Curculionoidea|Curculionoidea+Chrysomeloidea
GCA_038502775.1,genome,Coccinellidae,Coccinelloidea,Polyphaga,Coleoptera|Polyphaga|Cucujiformia|Coccinelloidea
GCA_046424425.1,genome,Coccinellidae,Coccinelloidea,Polyphaga,Coleoptera|Polyphaga|Cucujiformia|Coccinelloidea
GCA_030556065.1,genome,Staphylinidae,Staphylinoidea,Polyphaga,Coleoptera|Polyphaga|Staphyliniformia|Staphylinoidea|Staphylinoidea+Scarabaeoidea
GCA_963695495.2,genome,Histeridae,Histeroidea,Polyphaga,Coleoptera|Polyphaga|Staphyliniformia|Histeroidea|Hydrophiloidea+Histeroidea
GCA_023690525.1,genome,Scarabaeidae,Scarabaeoidea,Polyphaga,Coleoptera|Polyphaga|Staphyliniformia|Scarabaeiformia|Staphylinoidea+Scarabaeoidea|Scarabaeoidea
GCA_013841215.1,genome,Meloidae,Tenebrionoidea,Polyphaga,Coleoptera|Polyphaga|Cucujiformia|Tenebrionoidea|Lymexyloidea+Tenebrionoidea
GCA_051167335.1,genome,Meloidae,Tenebrionoidea,Polyphaga,Coleoptera|Polyphaga|Cucujiformia|Tenebrionoidea|Lymexyloidea+Tenebrionoidea
GCA_013841185.1,genome,Meloidae,Tenebrionoidea,Polyphaga,Coleoptera|Polyphaga|Cucujiformia|Tenebrionoidea|Lymexyloidea+Tenebrionoidea
GCA_033557855.1,genome,Hydrochidae,Hydrophiloidea,Polyphaga,Coleoptera|Polyphaga|Staphyliniformia|Hydrophiloidea|Hydrophiloidea+Histeroidea
GCA_965643735.1,genome,Curculionidae,Curculionoidea,Polyphaga,Coleoptera|Polyphaga|Cucujiformia|Curculionoidea|Curculionoidea+Chrysomeloidea
GCA_041296355.1,genome,Curculionidae,Curculionoidea,Polyphaga,Coleoptera|Polyphaga|Cucujiformia|Curculionoidea|Curculionoidea+Chrysomeloidea
GCA_052863015.1,genome,Cantharidae,Elateroidea,Polyphaga,Coleoptera|Polyphaga|Elateriformia|Elateroidea
GCA_011009095.1,genome,Elateridae,Elateroidea,Polyphaga,Coleoptera|Polyphaga|Elateriformia|Elateroidea
GCA_056632495.1,genome,Curculionidae,Curculionoidea,Polyphaga,Coleoptera|Polyphaga|Cucujiformia|Curculionoidea|Curculionoidea+Chrysomeloidea
GCA_018691245.2,genome,Curculionidae,Curculionoidea,Polyphaga,Coleoptera|Polyphaga|Cucujiformia|Curculionoidea|Curculionoidea+Chrysomeloidea
GCA_976954485.1,genome,Curculionidae,Curculionoidea,Polyphaga,Coleoptera|Polyphaga|Cucujiformia|Curculionoidea|Curculionoidea+Chrysomeloidea
GCA_016097725.2,genome,Curculionidae,Curculionoidea,Polyphaga,Coleoptera|Polyphaga|Cucujiformia|Curculionoidea|Curculionoidea+Chrysomeloidea
GCA_037464855.1,genome,Meloidae,Tenebrionoidea,Polyphaga,Coleoptera|Polyphaga|Cucujiformia|Tenebrionoidea|Lymexyloidea+Tenebrionoidea
GCA_043790905.1,genome,Scarabaeidae,Scarabaeoidea,Polyphaga,Coleoptera|Polyphaga|Staphyliniformia|Scarabaeiformia|Staphylinoidea+Scarabaeoidea|Scarabaeoidea
GCA_046237675.1,genome,Scarabaeidae,Scarabaeoidea,Polyphaga,Coleoptera|Polyphaga|Staphyliniformia|Scarabaeiformia|Staphylinoidea+Scarabaeoidea|Scarabaeoidea
GCA_050230135.1,genome,Carabidae,Caraboidea,Adephaga,Coleoptera|Adephaga|remaining_Adephaga|Geadephaga|remaining_Geadephaga|Carabidae
GCA_030620095.1,genome,Curculionidae,Curculionoidea,Polyphaga,Coleoptera|Polyphaga|Cucujiformia|Curculionoidea|Curculionoidea+Chrysomeloidea
GCA_964211925.1,genome,Curculionidae,Curculionoidea,Polyphaga,Coleoptera|Polyphaga|Cucujiformia|Curculionoidea|Curculionoidea+Chrysomeloidea
GCA_025447835.1,genome,Staphylinidae,Staphylinoidea,Polyphaga,Coleoptera|Polyphaga|Staphyliniformia|Staphylinoidea|Staphylinoidea+Scarabaeoidea
GCA_051313465.2,genome,Chrysomelidae,Chrysomeloidea,Polyphaga,Coleoptera|Polyphaga|Cucujiformia|Chrysomeloidea|Curculionoidea+Chrysomeloidea
GCA_027574705.1,genome,Staphylinidae,Staphylinoidea,Polyphaga,Coleoptera|Polyphaga|Staphyliniformia|Staphylinoidea|Staphylinoidea+Scarabaeoidea
GCA_965654235.1,genome,Hydrophilidae,Hydrophiloidea,Polyphaga,Coleoptera|Polyphaga|Staphyliniformia|Hydrophiloidea|Hydrophiloidea+Histeroidea
GCA_947359425.1,genome,Tenebrionidae,Tenebrionoidea,Polyphaga,Coleoptera|Polyphaga|Cucujiformia|Tenebrionoidea|Lymexyloidea+Tenebrionoidea
GCA_013368075.1,genome,Lampyridae,Elateroidea,Polyphaga,Coleoptera|Polyphaga|Elateriformia|Elateroidea
GCA_050947525.1,genome,Lampyridae,Elateroidea,Polyphaga,Coleoptera|Polyphaga|Elateriformia|Elateroidea
GCA_976997085.1,genome,Curculionidae,Curculionoidea,Polyphaga,Coleoptera|Polyphaga|Cucujiformia|Curculionoidea|Curculionoidea+Chrysomeloidea
GCA_041228435.2,genome,Curculionidae,Curculionoidea,Polyphaga,Coleoptera|Polyphaga|Cucujiformia|Curculionoidea|Curculionoidea+Chrysomeloidea
GCA_977012605.1,genome,Curculionidae,Curculionoidea,Polyphaga,Coleoptera|Polyphaga|Cucujiformia|Curculionoidea|Curculionoidea+Chrysomeloidea
GCA_979861375.1,genome,Curculionidae,Curculionoidea,Polyphaga,Coleoptera|Polyphaga|Cucujiformia|Curculionoidea|Curculionoidea+Chrysomeloidea
GCA_976916715.1,genome,Attelabidae,Curculionoidea,Polyphaga,Coleoptera|Polyphaga|Cucujiformia|Curculionoidea|Curculionoidea+Chrysomeloidea
GCA_030157265.1,genome,Tenebrionidae,Tenebrionoidea,Polyphaga,Coleoptera|Polyphaga|Cucujiformia|Tenebrionoidea|Lymexyloidea+Tenebrionoidea
GCA_965240315.1,genome,Staphylinidae,Staphylinoidea,Polyphaga,Coleoptera|Polyphaga|Staphyliniformia|Staphylinoidea|Staphylinoidea+Scarabaeoidea
GCA_982375295.1,genome,Staphylinidae,Staphylinoidea,Polyphaga,Coleoptera|Polyphaga|Staphyliniformia|Staphylinoidea|Staphylinoidea+Scarabaeoidea
GCA_965260835.1,genome,Curculionidae,Curculionoidea,Polyphaga,Coleoptera|Polyphaga|Cucujiformia|Curculionoidea|Curculionoidea+Chrysomeloidea
GCA_965644585.1,genome,Carabidae,Caraboidea,Adephaga,Coleoptera|Adephaga|remaining_Adephaga|Geadephaga|remaining_Geadephaga|Carabidae
GCA_966112595.1,genome,Carabidae,Caraboidea,Adephaga,Coleoptera|Adephaga|remaining_Adephaga|Geadephaga|remaining_Geadephaga|Carabidae
GCA_933228885.1,genome,Carabidae,Caraboidea,Adephaga,Coleoptera|Adephaga|remaining_Adephaga|Geadephaga|remaining_Geadephaga|Carabidae
GCA_978019415.1,genome,Leiodidae,Staphylinoidea,Polyphaga,Coleoptera|Polyphaga|Staphyliniformia|Staphylinoidea|Staphylinoidea+Scarabaeoidea
GCA_024712935.1,genome,Chrysomelidae,Chrysomeloidea,Polyphaga,Coleoptera|Polyphaga|Cucujiformia|Chrysomeloidea|Curculionoidea+Chrysomeloidea
GCA_015342085.1,genome,Chrysomelidae,Chrysomeloidea,Polyphaga,Coleoptera|Polyphaga|Cucujiformia|Chrysomeloidea|Curculionoidea+Chrysomeloidea
GCA_015342125.1,genome,Chrysomelidae,Chrysomeloidea,Polyphaga,Coleoptera|Polyphaga|Cucujiformia|Chrysomeloidea|Curculionoidea+Chrysomeloidea
GCA_015342165.1,genome,Chrysomelidae,Chrysomeloidea,Polyphaga,Coleoptera|Polyphaga|Cucujiformia|Chrysomeloidea|Curculionoidea+Chrysomeloidea
GCA_015342045.1,genome,Chrysomelidae,Chrysomeloidea,Polyphaga,Coleoptera|Polyphaga|Cucujiformia|Chrysomeloidea|Curculionoidea+Chrysomeloidea
GCA_015342205.1,genome,Chrysomelidae,Chrysomeloidea,Polyphaga,Coleoptera|Polyphaga|Cucujiformia|Chrysomeloidea|Curculionoidea+Chrysomeloidea
GCA_015342145.1,genome,Chrysomelidae,Chrysomeloidea,Polyphaga,Coleoptera|Polyphaga|Cucujiformia|Chrysomeloidea|Curculionoidea+Chrysomeloidea
GCA_015342105.1,genome,Chrysomelidae,Chrysomeloidea,Polyphaga,Coleoptera|Polyphaga|Cucujiformia|Chrysomeloidea|Curculionoidea+Chrysomeloidea
GCA_015342025.1,genome,Chrysomelidae,Chrysomeloidea,Polyphaga,Coleoptera|Polyphaga|Cucujiformia|Chrysomeloidea|Curculionoidea+Chrysomeloidea
GCA_015342065.1,genome,Chrysomelidae,Chrysomeloidea,Polyphaga,Coleoptera|Polyphaga|Cucujiformia|Chrysomeloidea|Curculionoidea+Chrysomeloidea
GCA_947310635.1,genome,Leiodidae,Staphylinoidea,Polyphaga,Coleoptera|Polyphaga|Staphyliniformia|Staphylinoidea|Staphylinoidea+Scarabaeoidea
GCA_963675555.1,genome,Cerambycidae,Chrysomeloidea,Polyphaga,Coleoptera|Polyphaga|Cucujiformia|Chrysomeloidea|Curculionoidea+Chrysomeloidea
GCA_030264655.1,genome,Staphylinidae,Staphylinoidea,Polyphaga,Coleoptera|Polyphaga|Staphyliniformia|Staphylinoidea|Staphylinoidea+Scarabaeoidea
GCA_965644545.1,genome,Staphylinidae,Staphylinoidea,Polyphaga,Coleoptera|Polyphaga|Staphyliniformia|Staphylinoidea|Staphylinoidea+Scarabaeoidea
GCA_975739945.1,genome,Staphylinidae,Staphylinoidea,Polyphaga,Coleoptera|Polyphaga|Staphyliniformia|Staphylinoidea|Staphylinoidea+Scarabaeoidea
GCA_051989325.1,genome,Geotrupidae,Scarabaeoidea,Polyphaga,Coleoptera|Polyphaga|Staphyliniformia|Scarabaeiformia|Staphylinoidea+Scarabaeoidea|Scarabaeoidea
GCA_052696345.1,genome,Geotrupidae,Scarabaeoidea,Polyphaga,Coleoptera|Polyphaga|Staphyliniformia|Scarabaeiformia|Staphylinoidea+Scarabaeoidea|Scarabaeoidea
GCA_046866795.1,genome,Nitidulidae,Nitiduloidea,Polyphaga,Coleoptera|Polyphaga|Cucujiformia
GCA_014611495.1,genome,Elateridae,Elateroidea,Polyphaga,Coleoptera|Polyphaga|Elateriformia|Elateroidea
GCA_057128385.1,genome,Elateridae,Elateroidea,Polyphaga,Coleoptera|Polyphaga|Elateriformia|Elateroidea
GCA_965119585.1,genome,Elateridae,Elateroidea,Polyphaga,Coleoptera|Polyphaga|Elateriformia|Elateroidea
GCA_030264535.1,genome,Staphylinidae,Staphylinoidea,Polyphaga,Coleoptera|Polyphaga|Staphyliniformia|Staphylinoidea|Staphylinoidea+Scarabaeoidea
GCA_978021545.1,genome,Curculionidae,Curculionoidea,Polyphaga,Coleoptera|Polyphaga|Cucujiformia|Curculionoidea|Curculionoidea+Chrysomeloidea
GCA_963971575.1,genome,Dytiscidae,Dytiscoidea,Adephaga,Coleoptera|Adephaga|remaining_Adephaga|Hydradephaga|Dytiscoidea
GCA_030264695.1,genome,Staphylinidae,Staphylinoidea,Polyphaga,Coleoptera|Polyphaga|Staphyliniformia|Staphylinoidea|Staphylinoidea+Scarabaeoidea
GCA_014170235.1,genome,Curculionidae,Curculionoidea,Polyphaga,Coleoptera|Polyphaga|Cucujiformia|Curculionoidea|Curculionoidea+Chrysomeloidea
GCA_019359885.1,genome,Curculionidae,Curculionoidea,Polyphaga,Coleoptera|Polyphaga|Cucujiformia|Curculionoidea|Curculionoidea+Chrysomeloidea
GCA_949126875.1,genome,Chrysomelidae,Chrysomeloidea,Polyphaga,Coleoptera|Polyphaga|Cucujiformia|Chrysomeloidea|Curculionoidea+Chrysomeloidea
GCA_947563755.1,genome,Chrysomelidae,Chrysomeloidea,Polyphaga,Coleoptera|Polyphaga|Cucujiformia|Chrysomeloidea|Curculionoidea+Chrysomeloidea
GCA_965178105.1,genome,Chrysomelidae,Chrysomeloidea,Polyphaga,Coleoptera|Polyphaga|Cucujiformia|Chrysomeloidea|Curculionoidea+Chrysomeloidea
GCA_964258785.1,genome,Chrysomelidae,Chrysomeloidea,Polyphaga,Coleoptera|Polyphaga|Cucujiformia|Chrysomeloidea|Curculionoidea+Chrysomeloidea
GCA_963942505.1,genome,Staphylinidae,Staphylinoidea,Polyphaga,Coleoptera|Polyphaga|Staphyliniformia|Staphylinoidea|Staphylinoidea+Scarabaeoidea
GCA_050437245.1,genome,Lucanidae,Scarabaeoidea,Polyphaga,Coleoptera|Polyphaga|Staphyliniformia|Scarabaeiformia|Staphylinoidea+Scarabaeoidea|Scarabaeoidea
GCA_982553785.1,genome,Lucanidae,Scarabaeoidea,Polyphaga,Coleoptera|Polyphaga|Staphyliniformia|Scarabaeiformia|Staphylinoidea+Scarabaeoidea|Scarabaeoidea
GCA_054859625.1,genome,Lampyridae,Elateroidea,Polyphaga,Coleoptera|Polyphaga|Elateriformia|Elateroidea
GCA_982446645.1,genome,Chrysomelidae,Chrysomeloidea,Polyphaga,Coleoptera|Polyphaga|Cucujiformia|Chrysomeloidea|Curculionoidea+Chrysomeloidea
GCA_982374535.1,genome,Chrysomelidae,Chrysomeloidea,Polyphaga,Coleoptera|Polyphaga|Cucujiformia|Chrysomeloidea|Curculionoidea+Chrysomeloidea
GCA_036346125.1,genome,Cantharidae,Elateroidea,Polyphaga,Coleoptera|Polyphaga|Elateriformia|Elateroidea
GCA_037414755.1,genome,Meloidae,Tenebrionoidea,Polyphaga,Coleoptera|Polyphaga|Cucujiformia|Tenebrionoidea|Lymexyloidea+Tenebrionoidea
GCA_965663545.1,genome,Curculionidae,Curculionoidea,Polyphaga,Coleoptera|Polyphaga|Cucujiformia|Curculionoidea|Curculionoidea+Chrysomeloidea
GCA_965642045.1,genome,Curculionidae,Curculionoidea,Polyphaga,Coleoptera|Polyphaga|Cucujiformia|Curculionoidea|Curculionoidea+Chrysomeloidea
GCA_910589415.1,genome,Melyridae,Cleroidea,Polyphaga,Coleoptera|Polyphaga|Cucujiformia|Cleroidea
GCA_950108345.1,genome,Cantharidae,Elateroidea,Polyphaga,Coleoptera|Polyphaga|Elateriformia|Elateroidea
GCA_963924605.1,genome,Cantharidae,Elateroidea,Polyphaga,Coleoptera|Polyphaga|Elateriformia|Elateroidea
GCA_965119235.1,genome,Cantharidae,Elateroidea,Polyphaga,Coleoptera|Polyphaga|Elateriformia|Elateroidea
GCA_964263285.1,genome,Cantharidae,Elateroidea,Polyphaga,Coleoptera|Polyphaga|Elateriformia|Elateroidea
GCA_902655005.1,genome,Scarabaeidae,Scarabaeoidea,Polyphaga,Coleoptera|Polyphaga|Staphyliniformia|Scarabaeiformia|Staphylinoidea+Scarabaeoidea|Scarabaeoidea
GCA_034642435.1,genome,Coccinellidae,Coccinelloidea,Polyphaga,Coleoptera|Polyphaga|Cucujiformia|Coccinelloidea
GCA_965643495.1,genome,Dermestidae,Bostrichoidea,Polyphaga,Coleoptera|Polyphaga|Bostrichiformia
GCA_963082815.1,genome,Elateridae,Elateroidea,Polyphaga,Coleoptera|Polyphaga|Elateriformia|Elateroidea
GCA_964023965.1,genome,Scarabaeidae,Scarabaeoidea,Polyphaga,Coleoptera|Polyphaga|Staphyliniformia|Scarabaeiformia|Staphylinoidea+Scarabaeoidea|Scarabaeoidea
GCA_028455855.1,genome,Meloidae,Tenebrionoidea,Polyphaga,Coleoptera|Polyphaga|Cucujiformia|Tenebrionoidea|Lymexyloidea+Tenebrionoidea
GCA_935421215.1,genome,Scarabaeidae,Scarabaeoidea,Polyphaga,Coleoptera|Polyphaga|Staphyliniformia|Scarabaeiformia|Staphylinoidea+Scarabaeoidea|Scarabaeoidea
GCA_965282865.1,genome,Ripiphoridae,Tenebrionoidea,Polyphaga,Coleoptera|Polyphaga|Cucujiformia|Tenebrionoidea|Lymexyloidea+Tenebrionoidea
GCA_030674115.1,genome,Coccinellidae,Coccinelloidea,Polyphaga,Coleoptera|Polyphaga|Cucujiformia|Coccinelloidea
GCA_965643785.1,genome,Eucnemidae,Elateroidea,Polyphaga,Coleoptera|Polyphaga|Elateriformia|Elateroidea
GCA_027575185.1,genome,Staphylinidae,Staphylinoidea,Polyphaga,Coleoptera|Polyphaga|Staphyliniformia|Staphylinoidea|Staphylinoidea+Scarabaeoidea
GCA_029963825.1,genome,Cerambycidae,Chrysomeloidea,Polyphaga,Coleoptera|Polyphaga|Cucujiformia|Chrysomeloidea|Curculionoidea+Chrysomeloidea
GCA_035320865.1,genome,Cerambycidae,Chrysomeloidea,Polyphaga,Coleoptera|Polyphaga|Cucujiformia|Chrysomeloidea|Curculionoidea+Chrysomeloidea
GCA_025584915.1,genome,Cerambycidae,Chrysomeloidea,Polyphaga,Coleoptera|Polyphaga|Cucujiformia|Chrysomeloidea|Curculionoidea+Chrysomeloidea
GCA_052862855.1,genome,Cerambycidae,Chrysomeloidea,Polyphaga,Coleoptera|Polyphaga|Cucujiformia|Chrysomeloidea|Curculionoidea+Chrysomeloidea
GCA_052757275.1,genome,Cerambycidae,Chrysomeloidea,Polyphaga,Coleoptera|Polyphaga|Cucujiformia|Chrysomeloidea|Curculionoidea+Chrysomeloidea
GCA_045514875.1,genome,Chrysomelidae,Chrysomeloidea,Polyphaga,Coleoptera|Polyphaga|Cucujiformia|Chrysomeloidea|Curculionoidea+Chrysomeloidea
GCA_977066395.1,genome,Curculionidae,Curculionoidea,Polyphaga,Coleoptera|Polyphaga|Cucujiformia|Curculionoidea|Curculionoidea+Chrysomeloidea
GCA_977065965.1,genome,Monotomidae,Nitiduloidea,Polyphaga,Coleoptera|Polyphaga|Cucujiformia
GCA_977013095.1,genome,Cerambycidae,Chrysomeloidea,Polyphaga,Coleoptera|Polyphaga|Cucujiformia|Chrysomeloidea|Curculionoidea+Chrysomeloidea
GCA_976714775.1,genome,Cerambycidae,Chrysomeloidea,Polyphaga,Coleoptera|Polyphaga|Cucujiformia|Chrysomeloidea|Curculionoidea+Chrysomeloidea
GCA_977112535.1,genome,Mycetophagidae,Tenebrionoidea,Polyphaga,Coleoptera|Polyphaga|Cucujiformia|Tenebrionoidea|Lymexyloidea+Tenebrionoidea
GCA_965642255.1,genome,Mycetophagidae,Tenebrionoidea,Polyphaga,Coleoptera|Polyphaga|Cucujiformia|Tenebrionoidea|Lymexyloidea+Tenebrionoidea
GCA_020740385.1,genome,Meloidae,Tenebrionoidea,Polyphaga,Coleoptera|Polyphaga|Cucujiformia|Tenebrionoidea|Lymexyloidea+Tenebrionoidea
GCA_977015545.1,genome,Meloidae,Tenebrionoidea,Polyphaga,Coleoptera|Polyphaga|Cucujiformia|Tenebrionoidea|Lymexyloidea+Tenebrionoidea
GCA_039776855.1,genome,Meloidae,Tenebrionoidea,Polyphaga,Coleoptera|Polyphaga|Cucujiformia|Tenebrionoidea|Lymexyloidea+Tenebrionoidea
GCA_037464815.1,genome,Meloidae,Tenebrionoidea,Polyphaga,Coleoptera|Polyphaga|Cucujiformia|Tenebrionoidea|Lymexyloidea+Tenebrionoidea
GCA_030264135.1,genome,Staphylinidae,Staphylinoidea,Polyphaga,Coleoptera|Polyphaga|Staphyliniformia|Staphylinoidea|Staphylinoidea+Scarabaeoidea
GCA_958510865.1,genome,Coccinellidae,Coccinelloidea,Polyphaga,Coleoptera|Polyphaga|Cucujiformia|Coccinelloidea
GCA_965279825.1,genome,Oedemeridae,Tenebrionoidea,Polyphaga,Coleoptera|Polyphaga|Cucujiformia|Tenebrionoidea|Lymexyloidea+Tenebrionoidea
GCA_051225655.1,genome,Cerambycidae,Chrysomeloidea,Polyphaga,Coleoptera|Polyphaga|Cucujiformia|Chrysomeloidea|Curculionoidea+Chrysomeloidea
GCA_965649385.1,genome,Tenebrionidae,Tenebrionoidea,Polyphaga,Coleoptera|Polyphaga|Cucujiformia|Tenebrionoidea|Lymexyloidea+Tenebrionoidea
GCA_032191585.1,genome,Scarabaeidae,Scarabaeoidea,Polyphaga,Coleoptera|Polyphaga|Staphyliniformia|Scarabaeiformia|Staphylinoidea+Scarabaeoidea|Scarabaeoidea
GCA_032191565.1,genome,Scarabaeidae,Scarabaeoidea,Polyphaga,Coleoptera|Polyphaga|Staphyliniformia|Scarabaeiformia|Staphylinoidea+Scarabaeoidea|Scarabaeoidea
GCA_944738965.1,genome,Carabidae,Caraboidea,Adephaga,Coleoptera|Adephaga|remaining_Adephaga|Geadephaga|remaining_Geadephaga|Carabidae
GCA_018344505.1,genome,Carabidae,Caraboidea,Adephaga,Coleoptera|Adephaga|remaining_Adephaga|Geadephaga|remaining_Geadephaga|Carabidae
GCA_944039245.1,genome,Carabidae,Caraboidea,Adephaga,Coleoptera|Adephaga|remaining_Adephaga|Geadephaga|remaining_Geadephaga|Carabidae
GCA_977969715.1,genome,Curculionidae,Curculionoidea,Polyphaga,Coleoptera|Polyphaga|Cucujiformia|Curculionoidea|Curculionoidea+Chrysomeloidea
GCA_047371185.1,genome,Cerambycidae,Chrysomeloidea,Polyphaga,Coleoptera|Polyphaga|Cucujiformia|Chrysomeloidea|Curculionoidea+Chrysomeloidea
GCA_963243735.1,genome,Chrysomelidae,Chrysomeloidea,Polyphaga,Coleoptera|Polyphaga|Cucujiformia|Chrysomeloidea|Curculionoidea+Chrysomeloidea
GCA_963457615.1,genome,Silphidae,Staphylinoidea,Polyphaga,Coleoptera|Polyphaga|Staphyliniformia|Staphylinoidea|Staphylinoidea+Scarabaeoidea
GCA_018845635.2,genome,Silphidae,Staphylinoidea,Polyphaga,Coleoptera|Polyphaga|Staphyliniformia|Staphylinoidea|Staphylinoidea+Scarabaeoidea
GCA_048003765.1,genome,Silphidae,Staphylinoidea,Polyphaga,Coleoptera|Polyphaga|Staphyliniformia|Staphylinoidea|Staphylinoidea+Scarabaeoidea
GCA_050230155.1,genome,Carabidae,Caraboidea,Adephaga,Coleoptera|Adephaga|remaining_Adephaga|Geadephaga|remaining_Geadephaga|Carabidae
GCA_965642445.1,genome,Carabidae,Caraboidea,Adephaga,Coleoptera|Adephaga|remaining_Adephaga|Geadephaga|remaining_Geadephaga|Carabidae
GCA_965276455.1,genome,Anthicidae,Tenebrionoidea,Polyphaga,Coleoptera|Polyphaga|Cucujiformia|Tenebrionoidea|Lymexyloidea+Tenebrionoidea
GCA_020654155.1,genome,Coccinellidae,Coccinelloidea,Polyphaga,Coleoptera|Polyphaga|Cucujiformia|Coccinelloidea
GCA_034190945.1,genome,Chrysomelidae,Chrysomeloidea,Polyphaga,Coleoptera|Polyphaga|Cucujiformia|Chrysomeloidea|Curculionoidea+Chrysomeloidea
GCA_910593695.1,genome,Staphylinidae,Staphylinoidea,Polyphaga,Coleoptera|Polyphaga|Staphyliniformia|Staphylinoidea|Staphylinoidea+Scarabaeoidea
GCA_965282375.1,genome,Carabidae,Caraboidea,Adephaga,Coleoptera|Adephaga|remaining_Adephaga|Geadephaga|remaining_Geadephaga|Carabidae
GCA_049462965.1,genome,Lucanidae,Scarabaeoidea,Polyphaga,Coleoptera|Polyphaga|Staphyliniformia|Scarabaeiformia|Staphylinoidea+Scarabaeoidea|Scarabaeoidea
GCA_979846555.1,genome,Oedemeridae,Tenebrionoidea,Polyphaga,Coleoptera|Polyphaga|Cucujiformia|Tenebrionoidea|Lymexyloidea+Tenebrionoidea
GCA_030264595.1,genome,Staphylinidae,Staphylinoidea,Polyphaga,Coleoptera|Polyphaga|Staphyliniformia|Staphylinoidea|Staphylinoidea+Scarabaeoidea
GCA_963969525.1,genome,Staphylinidae,Staphylinoidea,Polyphaga,Coleoptera|Polyphaga|Staphyliniformia|Staphylinoidea|Staphylinoidea+Scarabaeoidea
GCA_054643895.1,genome,Scarabaeidae,Scarabaeoidea,Polyphaga,Coleoptera|Polyphaga|Staphyliniformia|Scarabaeiformia|Staphylinoidea+Scarabaeoidea|Scarabaeoidea
GCA_036711965.1,genome,Scarabaeidae,Scarabaeoidea,Polyphaga,Coleoptera|Polyphaga|Staphyliniformia|Scarabaeiformia|Staphylinoidea+Scarabaeoidea|Scarabaeoidea
GCA_036711975.1,genome,Scarabaeidae,Scarabaeoidea,Polyphaga,Coleoptera|Polyphaga|Staphyliniformia|Scarabaeiformia|Staphylinoidea+Scarabaeoidea|Scarabaeoidea
GCA_943142095.1,genome,Carabidae,Caraboidea,Adephaga,Coleoptera|Adephaga|remaining_Adephaga|Geadephaga|remaining_Geadephaga|Carabidae
GCA_035357415.1,genome,Chrysomelidae,Chrysomeloidea,Polyphaga,Coleoptera|Polyphaga|Cucujiformia|Chrysomeloidea|Curculionoidea+Chrysomeloidea
GCA_964338635.1,genome,Cleridae,Cleroidea,Polyphaga,Coleoptera|Polyphaga|Cucujiformia|Cleroidea
GCA_965642315.1,genome,Melandryidae,Tenebrionoidea,Polyphaga,Coleoptera|Polyphaga|Cucujiformia|Tenebrionoidea|Lymexyloidea+Tenebrionoidea
GCA_958502075.1,genome,Curculionidae,Curculionoidea,Polyphaga,Coleoptera|Polyphaga|Cucujiformia|Curculionoidea|Curculionoidea+Chrysomeloidea
GCA_902654985.1,genome,Scarabaeidae,Scarabaeoidea,Polyphaga,Coleoptera|Polyphaga|Staphyliniformia|Scarabaeiformia|Staphylinoidea+Scarabaeoidea|Scarabaeoidea
GCA_020654165.1,genome,Scarabaeidae,Scarabaeoidea,Polyphaga,Coleoptera|Polyphaga|Staphyliniformia|Scarabaeiformia|Staphylinoidea+Scarabaeoidea|Scarabaeoidea
GCA_004796505.1,genome,Silvanidae,Cucujoidea,Polyphaga,Coleoptera|Polyphaga|Cucujiformia|Cucujoidea_ss
GCA_031763485.1,genome,Scarabaeidae,Scarabaeoidea,Polyphaga,Coleoptera|Polyphaga|Staphyliniformia|Scarabaeiformia|Staphylinoidea+Scarabaeoidea|Scarabaeoidea
GCA_951805005.1,genome,Staphylinidae,Staphylinoidea,Polyphaga,Coleoptera|Polyphaga|Staphyliniformia|Staphylinoidea|Staphylinoidea+Scarabaeoidea
GCA_982191755.1,genome,Curculionidae,Curculionoidea,Polyphaga,Coleoptera|Polyphaga|Cucujiformia|Curculionoidea|Curculionoidea+Chrysomeloidea
GCA_030264175.1,genome,Staphylinidae,Staphylinoidea,Polyphaga,Coleoptera|Polyphaga|Staphyliniformia|Staphylinoidea|Staphylinoidea+Scarabaeoidea
GCA_982345265.1,genome,Carabidae,Caraboidea,Adephaga,Coleoptera|Adephaga|remaining_Adephaga|Geadephaga|remaining_Geadephaga|Carabidae
GCA_963921995.1,genome,Apionidae,Curculionoidea,Polyphaga,Coleoptera|Polyphaga|Cucujiformia|Curculionoidea|Curculionoidea+Chrysomeloidea
GCA_965118235.1,genome,Curculionidae,Curculionoidea,Polyphaga,Coleoptera|Polyphaga|Cucujiformia|Curculionoidea|Curculionoidea+Chrysomeloidea
GCA_019049505.1,genome,Curculionidae,Curculionoidea,Polyphaga,Coleoptera|Polyphaga|Cucujiformia|Curculionoidea|Curculionoidea+Chrysomeloidea
GCA_978046105.1,genome,Staphylinidae,Staphylinoidea,Polyphaga,Coleoptera|Polyphaga|Staphyliniformia|Staphylinoidea|Staphylinoidea+Scarabaeoidea
GCA_963942485.1,genome,Cucujidae,Cucujoidea,Polyphaga,Coleoptera|Polyphaga|Cucujiformia|Cucujoidea_ss
GCA_979016925.1,genome,Chrysomelidae,Chrysomeloidea,Polyphaga,Coleoptera|Polyphaga|Cucujiformia|Chrysomeloidea|Curculionoidea+Chrysomeloidea
GCA_982319415.1,genome,Chrysomelidae,Chrysomeloidea,Polyphaga,Coleoptera|Polyphaga|Cucujiformia|Chrysomeloidea|Curculionoidea+Chrysomeloidea
GCA_033557805.1,genome,Hydrophilidae,Hydrophiloidea,Polyphaga,Coleoptera|Polyphaga|Staphyliniformia|Hydrophiloidea|Hydrophiloidea+Histeroidea
GCA_977013135.1,genome,Tenebrionidae,Tenebrionoidea,Polyphaga,Coleoptera|Polyphaga|Cucujiformia|Tenebrionoidea|Lymexyloidea+Tenebrionoidea
GCA_054832365.1,genome,Scarabaeidae,Scarabaeoidea,Polyphaga,Coleoptera|Polyphaga|Staphyliniformia|Scarabaeiformia|Staphylinoidea+Scarabaeoidea|Scarabaeoidea
GCA_932526585.1,genome,Staphylinidae,Staphylinoidea,Polyphaga,Coleoptera|Polyphaga|Staphyliniformia|Staphylinoidea|Staphylinoidea+Scarabaeoidea
GCA_963082785.1,genome,Staphylinidae,Staphylinoidea,Polyphaga,Coleoptera|Polyphaga|Staphyliniformia|Staphylinoidea|Staphylinoidea+Scarabaeoidea
GCA_963971165.1,genome,Curculionidae,Curculionoidea,Polyphaga,Coleoptera|Polyphaga|Cucujiformia|Curculionoidea|Curculionoidea+Chrysomeloidea
GCA_944588485.1,genome,Silphidae,Staphylinoidea,Polyphaga,Coleoptera|Polyphaga|Staphyliniformia|Staphylinoidea|Staphylinoidea+Scarabaeoidea
GCA_008802855.1,genome,Lampyridae,Elateroidea,Polyphaga,Coleoptera|Polyphaga|Elateriformia|Elateroidea
GCA_977071015.1,genome,Chrysomelidae,Chrysomeloidea,Polyphaga,Coleoptera|Polyphaga|Cucujiformia|Chrysomeloidea|Curculionoidea+Chrysomeloidea
GCA_024586415.1,genome,Phengodidae,Elateroidea,Polyphaga,Coleoptera|Polyphaga|Elateriformia|Elateroidea
GCA_965654395.1,genome,Curculionidae,Curculionoidea,Polyphaga,Coleoptera|Polyphaga|Cucujiformia|Curculionoidea|Curculionoidea+Chrysomeloidea
GCA_980746795.1,genome,Curculionidae,Curculionoidea,Polyphaga,Coleoptera|Polyphaga|Cucujiformia|Curculionoidea|Curculionoidea+Chrysomeloidea
GCA_965643005.1,genome,Curculionidae,Curculionoidea,Polyphaga,Coleoptera|Polyphaga|Cucujiformia|Curculionoidea|Curculionoidea+Chrysomeloidea
GCA_917563865.1,genome,Chrysomelidae,Chrysomeloidea,Polyphaga,Coleoptera|Polyphaga|Cucujiformia|Chrysomeloidea|Curculionoidea+Chrysomeloidea
GCA_918026865.1,genome,Chrysomelidae,Chrysomeloidea,Polyphaga,Coleoptera|Polyphaga|Cucujiformia|Chrysomeloidea|Curculionoidea+Chrysomeloidea
GCA_982374485.1,genome,Cerambycidae,Chrysomeloidea,Polyphaga,Coleoptera|Polyphaga|Cucujiformia|Chrysomeloidea|Curculionoidea+Chrysomeloidea
GCA_016904865.1,genome,Curculionidae,Curculionoidea,Polyphaga,Coleoptera|Polyphaga|Cucujiformia|Curculionoidea|Curculionoidea+Chrysomeloidea
GCA_035321685.1,genome,Chrysomelidae,Chrysomeloidea,Polyphaga,Coleoptera|Polyphaga|Cucujiformia|Chrysomeloidea|Curculionoidea+Chrysomeloidea
GCA_036346225.1,genome,Lycidae,Elateroidea,Polyphaga,Coleoptera|Polyphaga|Elateriformia|Elateroidea
GCA_050242975.1,genome,Chrysomelidae,Chrysomeloidea,Polyphaga,Coleoptera|Polyphaga|Cucujiformia|Chrysomeloidea|Curculionoidea+Chrysomeloidea
GCA_978021435.1,genome,Staphylinidae,Staphylinoidea,Polyphaga,Coleoptera|Polyphaga|Staphyliniformia|Staphylinoidea|Staphylinoidea+Scarabaeoidea
GCA_949748235.1,genome,Curculionidae,Curculionoidea,Polyphaga,Coleoptera|Polyphaga|Cucujiformia|Curculionoidea|Curculionoidea+Chrysomeloidea
GCA_977061565.1,genome,Anthribidae,Curculionoidea,Polyphaga,Coleoptera|Polyphaga|Cucujiformia|Curculionoidea|Curculionoidea+Chrysomeloidea
GCA_964106875.1,genome,Anthribidae,Curculionoidea,Polyphaga,Coleoptera|Polyphaga|Cucujiformia|Curculionoidea|Curculionoidea+Chrysomeloidea
GCA_027576655.1,genome,Staphylinidae,Staphylinoidea,Polyphaga,Coleoptera|Polyphaga|Staphyliniformia|Staphylinoidea|Staphylinoidea+Scarabaeoidea
GCA_932274525.1,genome,Cantharidae,Elateroidea,Polyphaga,Coleoptera|Polyphaga|Elateriformia|Elateroidea
GCA_980253055.1,genome,Chrysomelidae,Chrysomeloidea,Polyphaga,Coleoptera|Polyphaga|Cucujiformia|Chrysomeloidea|Curculionoidea+Chrysomeloidea
GCA_963942605.1,genome,Carabidae,Caraboidea,Adephaga,Coleoptera|Adephaga|remaining_Adephaga|Geadephaga|remaining_Geadephaga|Carabidae
GCA_963924545.1,genome,Cerambycidae,Chrysomeloidea,Polyphaga,Coleoptera|Polyphaga|Cucujiformia|Chrysomeloidea|Curculionoidea+Chrysomeloidea
GCA_002278615.1,genome,Carabidae,Caraboidea,Adephaga,Coleoptera|Adephaga|remaining_Adephaga|Geadephaga|remaining_Geadephaga|Carabidae
GCA_935413205.1,genome,Curculionidae,Curculionoidea,Polyphaga,Coleoptera|Polyphaga|Cucujiformia|Curculionoidea|Curculionoidea+Chrysomeloidea
GCA_977013515.1,genome,Curculionidae,Curculionoidea,Polyphaga,Coleoptera|Polyphaga|Cucujiformia|Curculionoidea|Curculionoidea+Chrysomeloidea
GCA_963969555.1,genome,Curculionidae,Curculionoidea,Polyphaga,Coleoptera|Polyphaga|Cucujiformia|Curculionoidea|Curculionoidea+Chrysomeloidea
GCA_963920685.1,genome,Curculionidae,Curculionoidea,Polyphaga,Coleoptera|Polyphaga|Cucujiformia|Curculionoidea|Curculionoidea+Chrysomeloidea
GCA_042919755.1,genome,Scarabaeidae,Scarabaeoidea,Polyphaga,Coleoptera|Polyphaga|Staphyliniformia|Scarabaeiformia|Staphylinoidea+Scarabaeoidea|Scarabaeoidea
GCA_000281835.1,genome,Cupedidae,Cupedoidea,Archostemata,Coleoptera|Archostemata
GCA_965648555.1,genome,Scirtidae,Scirtoidea,Polyphaga,Coleoptera|Polyphaga|Scirtiformia
GCA_965112505.1,genome,Tenebrionidae,Tenebrionoidea,Polyphaga,Coleoptera|Polyphaga|Cucujiformia|Tenebrionoidea|Lymexyloidea+Tenebrionoidea
GCA_054205895.1,genome,Tenebrionidae,Tenebrionoidea,Polyphaga,Coleoptera|Polyphaga|Cucujiformia|Tenebrionoidea|Lymexyloidea+Tenebrionoidea
GCA_977019095.1,genome,Glaphyridae,Scarabaeoidea,Polyphaga,Coleoptera|Polyphaga|Staphyliniformia|Scarabaeiformia|Staphylinoidea+Scarabaeoidea|Scarabaeoidea
GCA_013421045.1,genome,Coccinellidae,Coccinelloidea,Polyphaga,Coleoptera|Polyphaga|Cucujiformia|Coccinelloidea
GCA_976925235.1,genome,Coccinellidae,Coccinelloidea,Polyphaga,Coleoptera|Polyphaga|Cucujiformia|Coccinelloidea
GCA_036172665.1,genome,Lucanidae,Scarabaeoidea,Polyphaga,Coleoptera|Polyphaga|Staphyliniformia|Scarabaeiformia|Staphylinoidea+Scarabaeoidea|Scarabaeoidea
GCA_051903415.1,genome,Scarabaeidae,Scarabaeoidea,Polyphaga,Coleoptera|Polyphaga|Staphyliniformia|Scarabaeiformia|Staphylinoidea+Scarabaeoidea|Scarabaeoidea
GCA_963920635.1,genome,Anthribidae,Curculionoidea,Polyphaga,Coleoptera|Polyphaga|Cucujiformia|Curculionoidea|Curculionoidea+Chrysomeloidea
GCA_965601595.1,genome,Tenebrionidae,Tenebrionoidea,Polyphaga,Coleoptera|Polyphaga|Cucujiformia|Tenebrionoidea|Lymexyloidea+Tenebrionoidea
GCA_027576155.1,genome,Staphylinidae,Staphylinoidea,Polyphaga,Coleoptera|Polyphaga|Staphyliniformia|Staphylinoidea|Staphylinoidea+Scarabaeoidea
GCA_927349885.1,genome,Chrysomelidae,Chrysomeloidea,Polyphaga,Coleoptera|Polyphaga|Cucujiformia|Chrysomeloidea|Curculionoidea+Chrysomeloidea
GCA_976289695.1,genome,Carabidae,Caraboidea,Adephaga,Coleoptera|Adephaga|remaining_Adephaga|Geadephaga|remaining_Geadephaga|Carabidae
GCA_911728475.1,genome,Carabidae,Caraboidea,Adephaga,Coleoptera|Adephaga|remaining_Adephaga|Geadephaga|remaining_Geadephaga|Carabidae
GCA_947425015.1,genome,Carabidae,Caraboidea,Adephaga,Coleoptera|Adephaga|remaining_Adephaga|Geadephaga|remaining_Geadephaga|Carabidae
GCA_965283465.1,genome,Carabidae,Caraboidea,Adephaga,Coleoptera|Adephaga|remaining_Adephaga|Geadephaga|remaining_Geadephaga|Carabidae
GCA_963924575.1,genome,Zopheridae,Tenebrionoidea,Polyphaga,Coleoptera|Polyphaga|Cucujiformia|Tenebrionoidea|Lymexyloidea+Tenebrionoidea
GCA_905333025.1,genome,Pyrochroidae,Tenebrionoidea,Polyphaga,Coleoptera|Polyphaga|Cucujiformia|Tenebrionoidea|Lymexyloidea+Tenebrionoidea
GCA_036250285.1,genome,Lampyridae,Elateroidea,Polyphaga,Coleoptera|Polyphaga|Elateriformia|Elateroidea
GCA_033557875.1,genome,Hydrophilidae,Hydrophiloidea,Polyphaga,Coleoptera|Polyphaga|Staphyliniformia|Hydrophiloidea|Hydrophiloidea+Histeroidea
GCA_964338995.1,genome,Staphylinidae,Staphylinoidea,Polyphaga,Coleoptera|Polyphaga|Staphyliniformia|Staphylinoidea|Staphylinoidea+Scarabaeoidea
GCA_979475445.1,genome,Leiodidae,Staphylinoidea,Polyphaga,Coleoptera|Polyphaga|Staphyliniformia|Staphylinoidea|Staphylinoidea+Scarabaeoidea
GCA_963680705.1,genome,Cerambycidae,Chrysomeloidea,Polyphaga,Coleoptera|Polyphaga|Cucujiformia|Chrysomeloidea|Curculionoidea+Chrysomeloidea
GCA_905340355.1,genome,Cantharidae,Elateroidea,Polyphaga,Coleoptera|Polyphaga|Elateriformia|Elateroidea
GCA_965212295.1,genome,Cantharidae,Elateroidea,Polyphaga,Coleoptera|Polyphaga|Elateriformia|Elateroidea
GCA_958510855.1,genome,Cantharidae,Elateroidea,Polyphaga,Coleoptera|Polyphaga|Elateriformia|Elateroidea
GCA_036326145.1,genome,Rhagophthalmidae,Elateroidea,Polyphaga,Coleoptera|Polyphaga|Elateriformia|Elateroidea
GCA_029963845.1,genome,Cerambycidae,Chrysomeloidea,Polyphaga,Coleoptera|Polyphaga|Cucujiformia|Chrysomeloidea|Curculionoidea+Chrysomeloidea
GCA_965643555.1,genome,Scarabaeidae,Scarabaeoidea,Polyphaga,Coleoptera|Polyphaga|Staphyliniformia|Scarabaeiformia|Staphylinoidea+Scarabaeoidea|Scarabaeoidea
GCA_030347505.1,genome,Curculionidae,Curculionoidea,Polyphaga,Coleoptera|Polyphaga|Cucujiformia|Curculionoidea|Curculionoidea+Chrysomeloidea
GCA_966185095.1,genome,Coccinellidae,Coccinelloidea,Polyphaga,Coleoptera|Polyphaga|Cucujiformia|Coccinelloidea
GCA_054553145.1,genome,Bostrichidae,Bostrichoidea,Polyphaga,Coleoptera|Polyphaga|Bostrichiformia
GCA_037954035.1,genome,Cerambycidae,Chrysomeloidea,Polyphaga,Coleoptera|Polyphaga|Cucujiformia|Chrysomeloidea|Curculionoidea+Chrysomeloidea
GCA_936432065.2,genome,Cerambycidae,Chrysomeloidea,Polyphaga,Coleoptera|Polyphaga|Cucujiformia|Chrysomeloidea|Curculionoidea+Chrysomeloidea
GCA_949788335.1,genome,Salpingidae,Tenebrionoidea,Polyphaga,Coleoptera|Polyphaga|Cucujiformia|Tenebrionoidea|Lymexyloidea+Tenebrionoidea
GCA_047651835.1,genome,Buprestidae,Buprestoidea,Polyphaga,Coleoptera|Polyphaga|Elateriformia|Buprestoidea|Byrrhoidea+Buprestoidea
GCA_032191635.1,genome,Scarabaeidae,Scarabaeoidea,Polyphaga,Coleoptera|Polyphaga|Staphyliniformia|Scarabaeiformia|Staphylinoidea+Scarabaeoidea|Scarabaeoidea
GCA_965282785.1,genome,Staphylinidae,Staphylinoidea,Polyphaga,Coleoptera|Polyphaga|Staphyliniformia|Staphylinoidea|Staphylinoidea+Scarabaeoidea
GCA_982297005.1,genome,Carabidae,Caraboidea,Adephaga,Coleoptera|Adephaga|remaining_Adephaga|Geadephaga|remaining_Geadephaga|Carabidae
GCA_025399995.1,genome,Staphylinidae,Staphylinoidea,Polyphaga,Coleoptera|Polyphaga|Staphyliniformia|Staphylinoidea|Staphylinoidea+Scarabaeoidea
GCA_951805265.1,genome,Pyrochroidae,Tenebrionoidea,Polyphaga,Coleoptera|Polyphaga|Cucujiformia|Tenebrionoidea|Lymexyloidea+Tenebrionoidea
GCA_030264515.1,genome,Staphylinidae,Staphylinoidea,Polyphaga,Coleoptera|Polyphaga|Staphyliniformia|Staphylinoidea|Staphylinoidea+Scarabaeoidea
GCA_040543525.1,genome,Coccinellidae,Coccinelloidea,Polyphaga,Coleoptera|Polyphaga|Cucujiformia|Coccinelloidea
GCA_973946265.1,genome,Scarabaeidae,Scarabaeoidea,Polyphaga,Coleoptera|Polyphaga|Staphyliniformia|Scarabaeiformia|Staphylinoidea+Scarabaeoidea|Scarabaeoidea
GCA_039766575.1,genome,Lucanidae,Scarabaeoidea,Polyphaga,Coleoptera|Polyphaga|Staphyliniformia|Scarabaeiformia|Staphylinoidea+Scarabaeoidea|Scarabaeoidea
GCA_963930825.1,genome,Silvanidae,Cucujoidea,Polyphaga,Coleoptera|Polyphaga|Cucujiformia|Cucujoidea_ss
GCA_036346155.1,genome,Elateridae,Elateroidea,Polyphaga,Coleoptera|Polyphaga|Elateriformia|Elateroidea
GCA_036325965.1,genome,Elateridae,Elateroidea,Polyphaga,Coleoptera|Polyphaga|Elateriformia|Elateroidea
GCA_977862225.1,genome,Scarabaeidae,Scarabaeoidea,Polyphaga,Coleoptera|Polyphaga|Staphyliniformia|Scarabaeiformia|Staphylinoidea+Scarabaeoidea|Scarabaeoidea
GCA_964263205.1,genome,Curculionidae,Curculionoidea,Polyphaga,Coleoptera|Polyphaga|Cucujiformia|Curculionoidea|Curculionoidea+Chrysomeloidea
GCA_002938485.2,genome,Curculionidae,Curculionoidea,Polyphaga,Coleoptera|Polyphaga|Cucujiformia|Curculionoidea|Curculionoidea+Chrysomeloidea
GCA_047936755.1,genome,Curculionidae,Curculionoidea,Polyphaga,Coleoptera|Polyphaga|Cucujiformia|Curculionoidea|Curculionoidea+Chrysomeloidea
GCA_982345495.1,genome,Leiodidae,Staphylinoidea,Polyphaga,Coleoptera|Polyphaga|Staphyliniformia|Staphylinoidea|Staphylinoidea+Scarabaeoidea
GCA_033557685.1,genome,Hydrophilidae,Hydrophiloidea,Polyphaga,Coleoptera|Polyphaga|Staphyliniformia|Hydrophiloidea|Hydrophiloidea+Histeroidea
GCA_977013595.1,genome,Hydrophilidae,Hydrophiloidea,Polyphaga,Coleoptera|Polyphaga|Staphyliniformia|Hydrophiloidea|Hydrophiloidea+Histeroidea
GCA_971796245.1,genome,Chrysomelidae,Chrysomeloidea,Polyphaga,Coleoptera|Polyphaga|Cucujiformia|Chrysomeloidea|Curculionoidea+Chrysomeloidea
GCA_964211955.1,genome,Staphylinidae,Staphylinoidea,Polyphaga,Coleoptera|Polyphaga|Staphyliniformia|Staphylinoidea|Staphylinoidea+Scarabaeoidea
GCA_977017535.1,genome,Curculionidae,Curculionoidea,Polyphaga,Coleoptera|Polyphaga|Cucujiformia|Curculionoidea|Curculionoidea+Chrysomeloidea
GCA_037414795.1,genome,Meloidae,Tenebrionoidea,Polyphaga,Coleoptera|Polyphaga|Cucujiformia|Tenebrionoidea|Lymexyloidea+Tenebrionoidea
GCA_035578165.1,genome,Carabidae,Caraboidea,Adephaga,Coleoptera|Adephaga|remaining_Adephaga|Geadephaga|remaining_Geadephaga|Carabidae
GCA_976980505.1,genome,Tenebrionidae,Tenebrionoidea,Polyphaga,Coleoptera|Polyphaga|Cucujiformia|Tenebrionoidea|Lymexyloidea+Tenebrionoidea
GCA_963583905.1,genome,Cerambycidae,Chrysomeloidea,Polyphaga,Coleoptera|Polyphaga|Cucujiformia|Chrysomeloidea|Curculionoidea+Chrysomeloidea
GCA_963971135.1,genome,Staphylinidae,Staphylinoidea,Polyphaga,Coleoptera|Polyphaga|Staphyliniformia|Staphylinoidea|Staphylinoidea+Scarabaeoidea
GCA_051294475.1,genome,Curculionidae,Curculionoidea,Polyphaga,Coleoptera|Polyphaga|Cucujiformia|Curculionoidea|Curculionoidea+Chrysomeloidea
GCA_964212005.1,genome,Cerambycidae,Chrysomeloidea,Polyphaga,Coleoptera|Polyphaga|Cucujiformia|Chrysomeloidea|Curculionoidea+Chrysomeloidea
GCA_965783985.1,genome,Coccinellidae,Coccinelloidea,Polyphaga,Coleoptera|Polyphaga|Cucujiformia|Coccinelloidea
GCA_963932245.1,genome,Staphylinidae,Staphylinoidea,Polyphaga,Coleoptera|Polyphaga|Staphyliniformia|Staphylinoidea|Staphylinoidea+Scarabaeoidea
GCA_030264575.1,genome,Staphylinidae,Staphylinoidea,Polyphaga,Coleoptera|Polyphaga|Staphyliniformia|Staphylinoidea|Staphylinoidea+Scarabaeoidea
GCA_965783885.1,genome,Staphylinidae,Staphylinoidea,Polyphaga,Coleoptera|Polyphaga|Staphyliniformia|Staphylinoidea|Staphylinoidea+Scarabaeoidea
GCA_978019935.1,genome,Apionidae,Curculionoidea,Polyphaga,Coleoptera|Polyphaga|Cucujiformia|Curculionoidea|Curculionoidea+Chrysomeloidea
GCA_951812265.1,genome,Curculionidae,Curculionoidea,Polyphaga,Coleoptera|Polyphaga|Cucujiformia|Curculionoidea|Curculionoidea+Chrysomeloidea
GCA_964277315.1,genome,Zopheridae,Tenebrionoidea,Polyphaga,Coleoptera|Polyphaga|Cucujiformia|Tenebrionoidea|Lymexyloidea+Tenebrionoidea
GCA_033557385.1,genome,Scarabaeidae,Scarabaeoidea,Polyphaga,Coleoptera|Polyphaga|Staphyliniformia|Scarabaeiformia|Staphylinoidea+Scarabaeoidea|Scarabaeoidea
GCA_963966145.1,genome,Tenebrionidae,Tenebrionoidea,Polyphaga,Coleoptera|Polyphaga|Cucujiformia|Tenebrionoidea|Lymexyloidea+Tenebrionoidea
GCA_025400035.1,genome,Staphylinidae,Staphylinoidea,Polyphaga,Coleoptera|Polyphaga|Staphyliniformia|Staphylinoidea|Staphylinoidea+Scarabaeoidea
GCA_054850815.1,genome,Cerambycidae,Chrysomeloidea,Polyphaga,Coleoptera|Polyphaga|Cucujiformia|Chrysomeloidea|Curculionoidea+Chrysomeloidea
GCA_054850805.1,genome,Cerambycidae,Chrysomeloidea,Polyphaga,Coleoptera|Polyphaga|Cucujiformia|Chrysomeloidea|Curculionoidea+Chrysomeloidea
GCA_054850835.1,genome,Cerambycidae,Chrysomeloidea,Polyphaga,Coleoptera|Polyphaga|Cucujiformia|Chrysomeloidea|Curculionoidea+Chrysomeloidea
GCA_964058775.1,genome,Cerambycidae,Chrysomeloidea,Polyphaga,Coleoptera|Polyphaga|Cucujiformia|Chrysomeloidea|Curculionoidea+Chrysomeloidea
GCA_051122355.1,genome,Silphidae,Staphylinoidea,Polyphaga,Coleoptera|Polyphaga|Staphyliniformia|Staphylinoidea|Staphylinoidea+Scarabaeoidea
GCA_033557495.1,genome,Scarabaeidae,Scarabaeoidea,Polyphaga,Coleoptera|Polyphaga|Staphyliniformia|Scarabaeiformia|Staphylinoidea+Scarabaeoidea|Scarabaeoidea
GCA_964006375.1,genome,Cleridae,Cleroidea,Polyphaga,Coleoptera|Polyphaga|Cucujiformia|Cleroidea
GCA_054825155.1,genome,Curculionidae,Curculionoidea,Polyphaga,Coleoptera|Polyphaga|Cucujiformia|Curculionoidea|Curculionoidea+Chrysomeloidea
GCA_054771555.1,genome,Carabidae,Caraboidea,Adephaga,Coleoptera|Adephaga|remaining_Adephaga|Geadephaga|remaining_Geadephaga|Carabidae
GCA_050230255.1,genome,Carabidae,Caraboidea,Adephaga,Coleoptera|Adephaga|remaining_Adephaga|Geadephaga|remaining_Geadephaga|Carabidae
GCA_031307605.1,genome,Tenebrionidae,Tenebrionoidea,Polyphaga,Coleoptera|Polyphaga|Cucujiformia|Tenebrionoidea|Lymexyloidea+Tenebrionoidea
GCA_019155225.1,genome,Tenebrionidae,Tenebrionoidea,Polyphaga,Coleoptera|Polyphaga|Cucujiformia|Tenebrionoidea|Lymexyloidea+Tenebrionoidea
GCA_939628115.1,genome,Tenebrionidae,Tenebrionoidea,Polyphaga,Coleoptera|Polyphaga|Cucujiformia|Tenebrionoidea|Lymexyloidea+Tenebrionoidea
GCA_015345945.1,genome,Tenebrionidae,Tenebrionoidea,Polyphaga,Coleoptera|Polyphaga|Cucujiformia|Tenebrionoidea|Lymexyloidea+Tenebrionoidea
GCA_046128435.1,genome,Curculionidae,Curculionoidea,Polyphaga,Coleoptera|Polyphaga|Cucujiformia|Curculionoidea|Curculionoidea+Chrysomeloidea
GCA_982185335.1,genome,Leiodidae,Staphylinoidea,Polyphaga,Coleoptera|Polyphaga|Staphyliniformia|Staphylinoidea|Staphylinoidea+Scarabaeoidea
GCA_055532135.1,genome,Curculionidae,Curculionoidea,Polyphaga,Coleoptera|Polyphaga|Cucujiformia|Curculionoidea|Curculionoidea+Chrysomeloidea
GCA_023509865.1,genome,Scarabaeidae,Scarabaeoidea,Polyphaga,Coleoptera|Polyphaga|Staphyliniformia|Scarabaeiformia|Staphylinoidea+Scarabaeoidea|Scarabaeoidea
GCA_977970285.1,genome,Coccinellidae,Coccinelloidea,Polyphaga,Coleoptera|Polyphaga|Cucujiformia|Coccinelloidea
GCA_965112455.1,genome,Silvanidae,Cucujoidea,Polyphaga,Coleoptera|Polyphaga|Cucujiformia|Cucujoidea_ss
GCA_040954815.1,genome,Tenebrionidae,Tenebrionoidea,Polyphaga,Coleoptera|Polyphaga|Cucujiformia|Tenebrionoidea|Lymexyloidea+Tenebrionoidea
GCA_036346205.1,genome,Lampyridae,Elateroidea,Polyphaga,Coleoptera|Polyphaga|Elateriformia|Elateroidea
GCA_019419845.1,genome,Staphylinidae,Staphylinoidea,Polyphaga,Coleoptera|Polyphaga|Staphyliniformia|Staphylinoidea|Staphylinoidea+Scarabaeoidea
GCA_978045125.1,genome,Staphylinidae,Staphylinoidea,Polyphaga,Coleoptera|Polyphaga|Staphyliniformia|Staphylinoidea|Staphylinoidea+Scarabaeoidea
GCA_963966045.1,genome,Ptinidae,Bostrichoidea,Polyphaga,Coleoptera|Polyphaga|Bostrichiformia
GCA_046766355.1,genome,Curculionidae,Curculionoidea,Polyphaga,Coleoptera|Polyphaga|Cucujiformia|Curculionoidea|Curculionoidea+Chrysomeloidea
GCA_049176215.1,genome,Curculionidae,Curculionoidea,Polyphaga,Coleoptera|Polyphaga|Cucujiformia|Curculionoidea|Curculionoidea+Chrysomeloidea
GCA_049176235.1,genome,Curculionidae,Curculionoidea,Polyphaga,Coleoptera|Polyphaga|Cucujiformia|Curculionoidea|Curculionoidea+Chrysomeloidea
GCA_037414775.1,genome,Meloidae,Tenebrionoidea,Polyphaga,Coleoptera|Polyphaga|Cucujiformia|Tenebrionoidea|Lymexyloidea+Tenebrionoidea
GCA_022388445.1,genome,Tenebrionidae,Tenebrionoidea,Polyphaga,Coleoptera|Polyphaga|Cucujiformia|Tenebrionoidea|Lymexyloidea+Tenebrionoidea
GCA_042767095.1,genome,Tenebrionidae,Tenebrionoidea,Polyphaga,Coleoptera|Polyphaga|Cucujiformia|Tenebrionoidea|Lymexyloidea+Tenebrionoidea
GCA_032362365.1,genome,Chrysomelidae,Chrysomeloidea,Polyphaga,Coleoptera|Polyphaga|Cucujiformia|Chrysomeloidea|Curculionoidea+Chrysomeloidea
Priacma_serrata_GACO00000000.1,transcriptome,Cupedidae,Cupedoidea,Archostemata,Coleoptera|Archostemata
Micromalthus_debilis_GBKV00000000.1,transcriptome,Micromalthidae,Cupedoidea,Archostemata,Coleoptera|Archostemata
Hydroscapha_natans_GACH00000000.1,transcriptome,Hydroscaphidae,Sphaeriusoidea,Myxophaga,Coleoptera|Myxophaga
Lepicerus_inaequalis_GACD00000000.1,transcriptome,Lepiceridae,Lepiceroidea,Myxophaga,Coleoptera|Myxophaga
Apis_mellifera_GCF_003254395.2,outgroup,Apidae,Apoidea,Hymenoptera,
Nasonia_vitripennis_GCF_009193385.2,outgroup,Pteromalidae,Chalcidoidea,Hymenoptera,
Athalia_rosae_GCF_000344095.2,outgroup,Tenthredinidae,Tenthredinoidea,Hymenoptera,
Sphaerius_sp1_DIY,DIY_assembly,Sphaeriusidae,Sphaeriusoidea,Myxophaga,Coleoptera|Myxophaga
Sphaerius_sp2_DIY,DIY_assembly,Sphaeriusidae,Sphaeriusoidea,Myxophaga,Coleoptera|Myxophaga
