species_name,tip_label,family,clade,srr_accession,sex,tissue,tissue_norm,spots,layout,ena_url_r1,ena_url_r2,species_dir,est_gb,category
Abscondita terminalis,Abscondita_terminalis,Lampyridae,Elateriformia,SRR9897470,male,Adult,whole_body,26686479,PAIRED,https://ftp.sra.ebi.ac.uk/vol1/fastq/SRR989/000/SRR9897470/SRR9897470_1.fastq.gz,https://ftp.sra.ebi.ac.uk/vol1/fastq/SRR989/000/SRR9897470/SRR9897470_2.fastq.gz,Abscondita_terminalis,2.2,both_sex
Abscondita terminalis,Abscondita_terminalis,Lampyridae,Elateriformia,SRR9897472,male,Adult,whole_body,19883173,PAIRED,https://ftp.sra.ebi.ac.uk/vol1/fastq/SRR989/002/SRR9897472/SRR9897472_1.fastq.gz,https://ftp.sra.ebi.ac.uk/vol1/fastq/SRR989/002/SRR9897472/SRR9897472_2.fastq.gz,Abscondita_terminalis,1.7,both_sex
Abscondita terminalis,Abscondita_terminalis,Lampyridae,Elateriformia,SRR9897501,male,Adult,whole_body,19444696,PAIRED,https://ftp.sra.ebi.ac.uk/vol1/fastq/SRR989/001/SRR9897501/SRR9897501_1.fastq.gz,https://ftp.sra.ebi.ac.uk/vol1/fastq/SRR989/001/SRR9897501/SRR9897501_2.fastq.gz,Abscondita_terminalis,1.6,both_sex
Abscondita terminalis,Abscondita_terminalis,Lampyridae,Elateriformia,SRR9897469,female,Adult,whole_body,23940563,PAIRED,https://ftp.sra.ebi.ac.uk/vol1/fastq/SRR989/009/SRR9897469/SRR9897469_1.fastq.gz,https://ftp.sra.ebi.ac.uk/vol1/fastq/SRR989/009/SRR9897469/SRR9897469_2.fastq.gz,Abscondita_terminalis,2.0,both_sex
Abscondita terminalis,Abscondita_terminalis,Lampyridae,Elateriformia,SRR9897473,female,Adult,whole_body,19792559,PAIRED,https://ftp.sra.ebi.ac.uk/vol1/fastq/SRR989/003/SRR9897473/SRR9897473_1.fastq.gz,https://ftp.sra.ebi.ac.uk/vol1/fastq/SRR989/003/SRR9897473/SRR9897473_2.fastq.gz,Abscondita_terminalis,1.7,both_sex
Abscondita terminalis,Abscondita_terminalis,Lampyridae,Elateriformia,SRR9897475,female,Adult,whole_body,19685688,PAIRED,https://ftp.sra.ebi.ac.uk/vol1/fastq/SRR989/005/SRR9897475/SRR9897475_1.fastq.gz,https://ftp.sra.ebi.ac.uk/vol1/fastq/SRR989/005/SRR9897475/SRR9897475_2.fastq.gz,Abscondita_terminalis,1.7,both_sex
Acanthoscelides obtectus,Acanthoscelides_obtectus,Chrysomelidae,Cucujiformia,SRR7881593,male,abdomen,abdomen,21546234,PAIRED,https://ftp.sra.ebi.ac.uk/vol1/fastq/SRR788/003/SRR7881593/SRR7881593_1.fastq.gz,https://ftp.sra.ebi.ac.uk/vol1/fastq/SRR788/003/SRR7881593/SRR7881593_2.fastq.gz,Acanthoscelides_obtectus,1.8,both_sex
Acanthoscelides obtectus,Acanthoscelides_obtectus,Chrysomelidae,Cucujiformia,SRR7881630,male,abdomen,abdomen,21442554,PAIRED,https://ftp.sra.ebi.ac.uk/vol1/fastq/SRR788/000/SRR7881630/SRR7881630_1.fastq.gz,https://ftp.sra.ebi.ac.uk/vol1/fastq/SRR788/000/SRR7881630/SRR7881630_2.fastq.gz,Acanthoscelides_obtectus,1.8,both_sex
Acanthoscelides obtectus,Acanthoscelides_obtectus,Chrysomelidae,Cucujiformia,SRR7881595,male,abdomen,abdomen,16350773,PAIRED,https://ftp.sra.ebi.ac.uk/vol1/fastq/SRR788/005/SRR7881595/SRR7881595_1.fastq.gz,https://ftp.sra.ebi.ac.uk/vol1/fastq/SRR788/005/SRR7881595/SRR7881595_2.fastq.gz,Acanthoscelides_obtectus,1.4,both_sex
Acanthoscelides obtectus,Acanthoscelides_obtectus,Chrysomelidae,Cucujiformia,SRR7881591,female,abdomen,abdomen,22762917,PAIRED,https://ftp.sra.ebi.ac.uk/vol1/fastq/SRR788/001/SRR7881591/SRR7881591_1.fastq.gz,https://ftp.sra.ebi.ac.uk/vol1/fastq/SRR788/001/SRR7881591/SRR7881591_2.fastq.gz,Acanthoscelides_obtectus,1.9,both_sex
Acanthoscelides obtectus,Acanthoscelides_obtectus,Chrysomelidae,Cucujiformia,SRR7881623,female,abdomen,abdomen,22632129,PAIRED,https://ftp.sra.ebi.ac.uk/vol1/fastq/SRR788/003/SRR7881623/SRR7881623_1.fastq.gz,https://ftp.sra.ebi.ac.uk/vol1/fastq/SRR788/003/SRR7881623/SRR7881623_2.fastq.gz,Acanthoscelides_obtectus,1.9,both_sex
Acanthoscelides obtectus,Acanthoscelides_obtectus,Chrysomelidae,Cucujiformia,SRR7881636,female,abdomen,abdomen,17602037,PAIRED,https://ftp.sra.ebi.ac.uk/vol1/fastq/SRR788/006/SRR7881636/SRR7881636_1.fastq.gz,https://ftp.sra.ebi.ac.uk/vol1/fastq/SRR788/006/SRR7881636/SRR7881636_2.fastq.gz,Acanthoscelides_obtectus,1.5,both_sex
Aethina tumida,Aethina_tumida,Nitidulidae,Cucujiformia,SRR12721316,male,Male antennae,antenna,31697394,PAIRED,https://ftp.sra.ebi.ac.uk/vol1/fastq/SRR127/016/SRR12721316/SRR12721316_1.fastq.gz,https://ftp.sra.ebi.ac.uk/vol1/fastq/SRR127/016/SRR12721316/SRR12721316_2.fastq.gz,Aethina_tumida,2.7,both_sex
Aethina tumida,Aethina_tumida,Nitidulidae,Cucujiformia,SRR12721315,male,Male antennae,antenna,30592242,PAIRED,https://ftp.sra.ebi.ac.uk/vol1/fastq/SRR127/015/SRR12721315/SRR12721315_1.fastq.gz,https://ftp.sra.ebi.ac.uk/vol1/fastq/SRR127/015/SRR12721315/SRR12721315_2.fastq.gz,Aethina_tumida,2.6,both_sex
Aethina tumida,Aethina_tumida,Nitidulidae,Cucujiformia,SRR12721314,male,Male antennae,antenna,28426258,PAIRED,https://ftp.sra.ebi.ac.uk/vol1/fastq/SRR127/014/SRR12721314/SRR12721314_1.fastq.gz,https://ftp.sra.ebi.ac.uk/vol1/fastq/SRR127/014/SRR12721314/SRR12721314_2.fastq.gz,Aethina_tumida,2.4,both_sex
Aethina tumida,Aethina_tumida,Nitidulidae,Cucujiformia,SRR12721317,female,Female antennae,antenna,33553299,PAIRED,https://ftp.sra.ebi.ac.uk/vol1/fastq/SRR127/017/SRR12721317/SRR12721317_1.fastq.gz,https://ftp.sra.ebi.ac.uk/vol1/fastq/SRR127/017/SRR12721317/SRR12721317_2.fastq.gz,Aethina_tumida,2.8,both_sex
Aethina tumida,Aethina_tumida,Nitidulidae,Cucujiformia,SRR12721320,female,Female antennae,antenna,30479876,PAIRED,https://ftp.sra.ebi.ac.uk/vol1/fastq/SRR127/020/SRR12721320/SRR12721320_1.fastq.gz,https://ftp.sra.ebi.ac.uk/vol1/fastq/SRR127/020/SRR12721320/SRR12721320_2.fastq.gz,Aethina_tumida,2.6,both_sex
Aethina tumida,Aethina_tumida,Nitidulidae,Cucujiformia,SRR12721321,female,Female antennae,antenna,27217076,PAIRED,https://ftp.sra.ebi.ac.uk/vol1/fastq/SRR127/021/SRR12721321/SRR12721321_1.fastq.gz,https://ftp.sra.ebi.ac.uk/vol1/fastq/SRR127/021/SRR12721321/SRR12721321_2.fastq.gz,Aethina_tumida,2.3,both_sex
Agrilus planipennis,Agrilus_planipennis,Buprestidae,Elateriformia,SRR1791269,male,whole organism,whole_body,50082921,PAIRED,https://ftp.sra.ebi.ac.uk/vol1/fastq/SRR179/009/SRR1791269/SRR1791269_1.fastq.gz,https://ftp.sra.ebi.ac.uk/vol1/fastq/SRR179/009/SRR1791269/SRR1791269_2.fastq.gz,Agrilus_planipennis,4.2,both_sex
Agrilus planipennis,Agrilus_planipennis,Buprestidae,Elateriformia,SRR1615254,female,Entire body,whole_body,95813260,PAIRED,https://ftp.sra.ebi.ac.uk/vol1/fastq/SRR161/004/SRR1615254/SRR1615254_1.fastq.gz,https://ftp.sra.ebi.ac.uk/vol1/fastq/SRR161/004/SRR1615254/SRR1615254_2.fastq.gz,Agrilus_planipennis,8.0,both_sex
Agrilus planipennis,Agrilus_planipennis,Buprestidae,Elateriformia,SRR1604813,female,Entire body,whole_body,78333353,PAIRED,https://ftp.sra.ebi.ac.uk/vol1/fastq/SRR160/003/SRR1604813/SRR1604813_1.fastq.gz,https://ftp.sra.ebi.ac.uk/vol1/fastq/SRR160/003/SRR1604813/SRR1604813_2.fastq.gz,Agrilus_planipennis,6.6,both_sex
Agrilus planipennis,Agrilus_planipennis,Buprestidae,Elateriformia,SRR1609311,female,Entire body,whole_body,71653629,PAIRED,https://ftp.sra.ebi.ac.uk/vol1/fastq/SRR160/001/SRR1609311/SRR1609311_1.fastq.gz,https://ftp.sra.ebi.ac.uk/vol1/fastq/SRR160/001/SRR1609311/SRR1609311_2.fastq.gz,Agrilus_planipennis,6.0,both_sex
Altica lythri,Altica_lythri,Chrysomelidae,Cucujiformia,SRR29851268,male,whole beetle,whole_body,56189630,PAIRED,https://ftp.sra.ebi.ac.uk/vol1/fastq/SRR298/068/SRR29851268/SRR29851268_1.fastq.gz,https://ftp.sra.ebi.ac.uk/vol1/fastq/SRR298/068/SRR29851268/SRR29851268_2.fastq.gz,Altica_lythri,4.7,both_sex
Altica lythri,Altica_lythri,Chrysomelidae,Cucujiformia,SRR29851263,male,whole beetle,whole_body,49233470,PAIRED,https://ftp.sra.ebi.ac.uk/vol1/fastq/SRR298/063/SRR29851263/SRR29851263_1.fastq.gz,https://ftp.sra.ebi.ac.uk/vol1/fastq/SRR298/063/SRR29851263/SRR29851263_2.fastq.gz,Altica_lythri,4.1,both_sex
Altica lythri,Altica_lythri,Chrysomelidae,Cucujiformia,SRR29851271,male,whole beetle,whole_body,42324941,PAIRED,https://ftp.sra.ebi.ac.uk/vol1/fastq/SRR298/071/SRR29851271/SRR29851271_1.fastq.gz,https://ftp.sra.ebi.ac.uk/vol1/fastq/SRR298/071/SRR29851271/SRR29851271_2.fastq.gz,Altica_lythri,3.6,both_sex
Altica lythri,Altica_lythri,Chrysomelidae,Cucujiformia,SRR29851264,female,whole beetle,whole_body,46079836,PAIRED,https://ftp.sra.ebi.ac.uk/vol1/fastq/SRR298/064/SRR29851264/SRR29851264_1.fastq.gz,https://ftp.sra.ebi.ac.uk/vol1/fastq/SRR298/064/SRR29851264/SRR29851264_2.fastq.gz,Altica_lythri,3.9,both_sex
Altica lythri,Altica_lythri,Chrysomelidae,Cucujiformia,SRR29851267,female,whole beetle,whole_body,41136574,PAIRED,https://ftp.sra.ebi.ac.uk/vol1/fastq/SRR298/067/SRR29851267/SRR29851267_1.fastq.gz,https://ftp.sra.ebi.ac.uk/vol1/fastq/SRR298/067/SRR29851267/SRR29851267_2.fastq.gz,Altica_lythri,3.5,both_sex
Altica lythri,Altica_lythri,Chrysomelidae,Cucujiformia,SRR29851272,female,whole beetle,whole_body,38191461,PAIRED,https://ftp.sra.ebi.ac.uk/vol1/fastq/SRR298/072/SRR29851272/SRR29851272_1.fastq.gz,https://ftp.sra.ebi.ac.uk/vol1/fastq/SRR298/072/SRR29851272/SRR29851272_2.fastq.gz,Altica_lythri,3.2,both_sex
Anoplophora glabripennis,Anoplophora_glabripennis,Cerambycidae,Cucujiformia,SRR1799852,male,whole organism,whole_body,33265245,PAIRED,https://ftp.sra.ebi.ac.uk/vol1/fastq/SRR179/002/SRR1799852/SRR1799852_1.fastq.gz,https://ftp.sra.ebi.ac.uk/vol1/fastq/SRR179/002/SRR1799852/SRR1799852_2.fastq.gz,Anoplophora_glabripennis,2.8,both_sex
Anoplophora glabripennis,Anoplophora_glabripennis,Cerambycidae,Cucujiformia,SRR1799851,female,whole organism,whole_body,30041447,PAIRED,https://ftp.sra.ebi.ac.uk/vol1/fastq/SRR179/001/SRR1799851/SRR1799851_1.fastq.gz,https://ftp.sra.ebi.ac.uk/vol1/fastq/SRR179/001/SRR1799851/SRR1799851_2.fastq.gz,Anoplophora_glabripennis,2.5,both_sex
Arhopalus unicolor,Arhopalus_unicolor,Cerambycidae,Cucujiformia,SRR30831636,male,complete insect,whole_body,25544690,PAIRED,https://ftp.sra.ebi.ac.uk/vol1/fastq/SRR308/036/SRR30831636/SRR30831636_1.fastq.gz,https://ftp.sra.ebi.ac.uk/vol1/fastq/SRR308/036/SRR30831636/SRR30831636_2.fastq.gz,Arhopalus_unicolor,2.1,both_sex
Arhopalus unicolor,Arhopalus_unicolor,Cerambycidae,Cucujiformia,SRR30831637,male,complete insect,whole_body,23897145,PAIRED,https://ftp.sra.ebi.ac.uk/vol1/fastq/SRR308/037/SRR30831637/SRR30831637_1.fastq.gz,https://ftp.sra.ebi.ac.uk/vol1/fastq/SRR308/037/SRR30831637/SRR30831637_2.fastq.gz,Arhopalus_unicolor,2.0,both_sex
Arhopalus unicolor,Arhopalus_unicolor,Cerambycidae,Cucujiformia,SRR30831635,male,complete insect,whole_body,21764294,PAIRED,https://ftp.sra.ebi.ac.uk/vol1/fastq/SRR308/035/SRR30831635/SRR30831635_1.fastq.gz,https://ftp.sra.ebi.ac.uk/vol1/fastq/SRR308/035/SRR30831635/SRR30831635_2.fastq.gz,Arhopalus_unicolor,1.8,both_sex
Arhopalus unicolor,Arhopalus_unicolor,Cerambycidae,Cucujiformia,SRR30831639,female,complete insect,whole_body,23045206,PAIRED,https://ftp.sra.ebi.ac.uk/vol1/fastq/SRR308/039/SRR30831639/SRR30831639_1.fastq.gz,https://ftp.sra.ebi.ac.uk/vol1/fastq/SRR308/039/SRR30831639/SRR30831639_2.fastq.gz,Arhopalus_unicolor,1.9,both_sex
Arhopalus unicolor,Arhopalus_unicolor,Cerambycidae,Cucujiformia,SRR30831640,female,complete insect,whole_body,21024039,PAIRED,https://ftp.sra.ebi.ac.uk/vol1/fastq/SRR308/040/SRR30831640/SRR30831640_1.fastq.gz,https://ftp.sra.ebi.ac.uk/vol1/fastq/SRR308/040/SRR30831640/SRR30831640_2.fastq.gz,Arhopalus_unicolor,1.8,both_sex
Arhopalus unicolor,Arhopalus_unicolor,Cerambycidae,Cucujiformia,SRR30831638,female,complete insect,whole_body,17786002,PAIRED,https://ftp.sra.ebi.ac.uk/vol1/fastq/SRR308/038/SRR30831638/SRR30831638_1.fastq.gz,https://ftp.sra.ebi.ac.uk/vol1/fastq/SRR308/038/SRR30831638/SRR30831638_2.fastq.gz,Arhopalus_unicolor,1.5,both_sex
Brontispa longissima,Brontispa_longissima,Chrysomelidae,Cucujiformia,SRR3717813,male,antenna,antenna,23378663,PAIRED,https://ftp.sra.ebi.ac.uk/vol1/fastq/SRR371/003/SRR3717813/SRR3717813_1.fastq.gz,https://ftp.sra.ebi.ac.uk/vol1/fastq/SRR371/003/SRR3717813/SRR3717813_2.fastq.gz,Brontispa_longissima,2.0,both_sex
Brontispa longissima,Brontispa_longissima,Chrysomelidae,Cucujiformia,SRR3717803,female,antenna,antenna,23631550,PAIRED,https://ftp.sra.ebi.ac.uk/vol1/fastq/SRR371/003/SRR3717803/SRR3717803_1.fastq.gz,https://ftp.sra.ebi.ac.uk/vol1/fastq/SRR371/003/SRR3717803/SRR3717803_2.fastq.gz,Brontispa_longissima,2.0,both_sex
Callosobruchus maculatus,Callosobruchus_maculatus,Chrysomelidae,Cucujiformia,SRR31133366,male,whole body,whole_body,122399281,PAIRED,https://ftp.sra.ebi.ac.uk/vol1/fastq/SRR311/066/SRR31133366/SRR31133366_1.fastq.gz,https://ftp.sra.ebi.ac.uk/vol1/fastq/SRR311/066/SRR31133366/SRR31133366_2.fastq.gz,Callosobruchus_maculatus,10.3,both_sex
Callosobruchus maculatus,Callosobruchus_maculatus,Chrysomelidae,Cucujiformia,SRR31133361,male,whole body,whole_body,102553369,PAIRED,https://ftp.sra.ebi.ac.uk/vol1/fastq/SRR311/061/SRR31133361/SRR31133361_1.fastq.gz,https://ftp.sra.ebi.ac.uk/vol1/fastq/SRR311/061/SRR31133361/SRR31133361_2.fastq.gz,Callosobruchus_maculatus,8.6,both_sex
Callosobruchus maculatus,Callosobruchus_maculatus,Chrysomelidae,Cucujiformia,SRR31133370,male,whole body,whole_body,95579118,PAIRED,https://ftp.sra.ebi.ac.uk/vol1/fastq/SRR311/070/SRR31133370/SRR31133370_1.fastq.gz,https://ftp.sra.ebi.ac.uk/vol1/fastq/SRR311/070/SRR31133370/SRR31133370_2.fastq.gz,Callosobruchus_maculatus,8.0,both_sex
Callosobruchus maculatus,Callosobruchus_maculatus,Chrysomelidae,Cucujiformia,SRR31133369,female,whole body,whole_body,99882103,PAIRED,https://ftp.sra.ebi.ac.uk/vol1/fastq/SRR311/069/SRR31133369/SRR31133369_1.fastq.gz,https://ftp.sra.ebi.ac.uk/vol1/fastq/SRR311/069/SRR31133369/SRR31133369_2.fastq.gz,Callosobruchus_maculatus,8.4,both_sex
Callosobruchus maculatus,Callosobruchus_maculatus,Chrysomelidae,Cucujiformia,SRR31133371,female,whole body,whole_body,99183395,PAIRED,https://ftp.sra.ebi.ac.uk/vol1/fastq/SRR311/071/SRR31133371/SRR31133371_1.fastq.gz,https://ftp.sra.ebi.ac.uk/vol1/fastq/SRR311/071/SRR31133371/SRR31133371_2.fastq.gz,Callosobruchus_maculatus,8.3,both_sex
Callosobruchus maculatus,Callosobruchus_maculatus,Chrysomelidae,Cucujiformia,SRR31133382,female,whole body,whole_body,95190459,PAIRED,https://ftp.sra.ebi.ac.uk/vol1/fastq/SRR311/082/SRR31133382/SRR31133382_1.fastq.gz,https://ftp.sra.ebi.ac.uk/vol1/fastq/SRR311/082/SRR31133382/SRR31133382_2.fastq.gz,Callosobruchus_maculatus,8.0,both_sex
Carabus blaptoides fortunei,Carabus_blaptoides_fortunei,Carabidae,Adephaga,DRR419077,male,whole body,whole_body,12696635,PAIRED,https://ftp.sra.ebi.ac.uk/vol1/fastq/DRR419/DRR419077/DRR419077_1.fastq.gz,https://ftp.sra.ebi.ac.uk/vol1/fastq/DRR419/DRR419077/DRR419077_2.fastq.gz,Carabus_blaptoides_fortunei,1.1,both_sex
Carabus blaptoides fortunei,Carabus_blaptoides_fortunei,Carabidae,Adephaga,DRR419075,male,whole body,whole_body,11165228,PAIRED,https://ftp.sra.ebi.ac.uk/vol1/fastq/DRR419/DRR419075/DRR419075_1.fastq.gz,https://ftp.sra.ebi.ac.uk/vol1/fastq/DRR419/DRR419075/DRR419075_2.fastq.gz,Carabus_blaptoides_fortunei,0.9,both_sex
Carabus blaptoides fortunei,Carabus_blaptoides_fortunei,Carabidae,Adephaga,DRR419073,male,whole body,whole_body,8259885,PAIRED,https://ftp.sra.ebi.ac.uk/vol1/fastq/DRR419/DRR419073/DRR419073_1.fastq.gz,https://ftp.sra.ebi.ac.uk/vol1/fastq/DRR419/DRR419073/DRR419073_2.fastq.gz,Carabus_blaptoides_fortunei,0.7,both_sex
Carabus blaptoides fortunei,Carabus_blaptoides_fortunei,Carabidae,Adephaga,DRR419076,female,whole body,whole_body,13207442,PAIRED,https://ftp.sra.ebi.ac.uk/vol1/fastq/DRR419/DRR419076/DRR419076_1.fastq.gz,https://ftp.sra.ebi.ac.uk/vol1/fastq/DRR419/DRR419076/DRR419076_2.fastq.gz,Carabus_blaptoides_fortunei,1.1,both_sex
Carabus blaptoides fortunei,Carabus_blaptoides_fortunei,Carabidae,Adephaga,DRR419078,female,whole body,whole_body,10957705,PAIRED,https://ftp.sra.ebi.ac.uk/vol1/fastq/DRR419/DRR419078/DRR419078_1.fastq.gz,https://ftp.sra.ebi.ac.uk/vol1/fastq/DRR419/DRR419078/DRR419078_2.fastq.gz,Carabus_blaptoides_fortunei,0.9,both_sex
Carabus blaptoides fortunei,Carabus_blaptoides_fortunei,Carabidae,Adephaga,DRR419074,female,whole body,whole_body,8350325,PAIRED,https://ftp.sra.ebi.ac.uk/vol1/fastq/DRR419/DRR419074/DRR419074_1.fastq.gz,https://ftp.sra.ebi.ac.uk/vol1/fastq/DRR419/DRR419074/DRR419074_2.fastq.gz,Carabus_blaptoides_fortunei,0.7,both_sex
Carabus esakii,Carabus_esakii,Carabidae,Adephaga,DRR345722,male,,unspecified,19936823,PAIRED,https://ftp.sra.ebi.ac.uk/vol1/fastq/DRR345/DRR345722/DRR345722_1.fastq.gz,https://ftp.sra.ebi.ac.uk/vol1/fastq/DRR345/DRR345722/DRR345722_2.fastq.gz,Carabus_esakii,1.7,both_sex
Carabus esakii,Carabus_esakii,Carabidae,Adephaga,DRR345727,male,,unspecified,15116804,PAIRED,https://ftp.sra.ebi.ac.uk/vol1/fastq/DRR345/DRR345727/DRR345727_1.fastq.gz,https://ftp.sra.ebi.ac.uk/vol1/fastq/DRR345/DRR345727/DRR345727_2.fastq.gz,Carabus_esakii,1.3,both_sex
Carabus esakii,Carabus_esakii,Carabidae,Adephaga,DRR345721,male,,unspecified,14100144,PAIRED,https://ftp.sra.ebi.ac.uk/vol1/fastq/DRR345/DRR345721/DRR345721_1.fastq.gz,https://ftp.sra.ebi.ac.uk/vol1/fastq/DRR345/DRR345721/DRR345721_2.fastq.gz,Carabus_esakii,1.2,both_sex
Carabus esakii,Carabus_esakii,Carabidae,Adephaga,DRR345725,female,,unspecified,27071470,PAIRED,https://ftp.sra.ebi.ac.uk/vol1/fastq/DRR345/DRR345725/DRR345725_1.fastq.gz,https://ftp.sra.ebi.ac.uk/vol1/fastq/DRR345/DRR345725/DRR345725_2.fastq.gz,Carabus_esakii,2.3,both_sex
Carabus esakii,Carabus_esakii,Carabidae,Adephaga,DRR345729,female,,unspecified,18705944,PAIRED,https://ftp.sra.ebi.ac.uk/vol1/fastq/DRR345/DRR345729/DRR345729_1.fastq.gz,https://ftp.sra.ebi.ac.uk/vol1/fastq/DRR345/DRR345729/DRR345729_2.fastq.gz,Carabus_esakii,1.6,both_sex
Carabus esakii,Carabus_esakii,Carabidae,Adephaga,DRR345730,female,,unspecified,17364818,PAIRED,https://ftp.sra.ebi.ac.uk/vol1/fastq/DRR345/DRR345730/DRR345730_1.fastq.gz,https://ftp.sra.ebi.ac.uk/vol1/fastq/DRR345/DRR345730/DRR345730_2.fastq.gz,Carabus_esakii,1.5,both_sex
Chrysomela aeneicollis,Chrysomela_aeneicollis,Chrysomelidae,Cucujiformia,SRR24606526,male,whole body,whole_body,32185443,PAIRED,https://ftp.sra.ebi.ac.uk/vol1/fastq/SRR246/026/SRR24606526/SRR24606526_1.fastq.gz,https://ftp.sra.ebi.ac.uk/vol1/fastq/SRR246/026/SRR24606526/SRR24606526_2.fastq.gz,Chrysomela_aeneicollis,2.7,both_sex
Chrysomela aeneicollis,Chrysomela_aeneicollis,Chrysomelidae,Cucujiformia,SRR24606470,male,whole body,whole_body,29204175,PAIRED,https://ftp.sra.ebi.ac.uk/vol1/fastq/SRR246/070/SRR24606470/SRR24606470_1.fastq.gz,https://ftp.sra.ebi.ac.uk/vol1/fastq/SRR246/070/SRR24606470/SRR24606470_2.fastq.gz,Chrysomela_aeneicollis,2.5,both_sex
Chrysomela aeneicollis,Chrysomela_aeneicollis,Chrysomelidae,Cucujiformia,SRR24606514,male,whole body,whole_body,28778874,PAIRED,https://ftp.sra.ebi.ac.uk/vol1/fastq/SRR246/014/SRR24606514/SRR24606514_1.fastq.gz,https://ftp.sra.ebi.ac.uk/vol1/fastq/SRR246/014/SRR24606514/SRR24606514_2.fastq.gz,Chrysomela_aeneicollis,2.4,both_sex
Chrysomela aeneicollis,Chrysomela_aeneicollis,Chrysomelidae,Cucujiformia,SRR24606523,female,whole body,whole_body,33602904,PAIRED,https://ftp.sra.ebi.ac.uk/vol1/fastq/SRR246/023/SRR24606523/SRR24606523_1.fastq.gz,https://ftp.sra.ebi.ac.uk/vol1/fastq/SRR246/023/SRR24606523/SRR24606523_2.fastq.gz,Chrysomela_aeneicollis,2.8,both_sex
Chrysomela aeneicollis,Chrysomela_aeneicollis,Chrysomelidae,Cucujiformia,SRR24606511,female,whole body,whole_body,30532759,PAIRED,https://ftp.sra.ebi.ac.uk/vol1/fastq/SRR246/011/SRR24606511/SRR24606511_1.fastq.gz,https://ftp.sra.ebi.ac.uk/vol1/fastq/SRR246/011/SRR24606511/SRR24606511_2.fastq.gz,Chrysomela_aeneicollis,2.6,both_sex
Chrysomela aeneicollis,Chrysomela_aeneicollis,Chrysomelidae,Cucujiformia,SRR24606482,female,whole body,whole_body,30479785,PAIRED,https://ftp.sra.ebi.ac.uk/vol1/fastq/SRR246/082/SRR24606482/SRR24606482_1.fastq.gz,https://ftp.sra.ebi.ac.uk/vol1/fastq/SRR246/082/SRR24606482/SRR24606482_2.fastq.gz,Chrysomela_aeneicollis,2.6,both_sex
Coccinella septempunctata,Coccinella_septempunctata,Coccinellidae,Cucujiformia,SRR24182325,male,abdomen,abdomen,20517772,PAIRED,https://ftp.sra.ebi.ac.uk/vol1/fastq/SRR241/025/SRR24182325/SRR24182325_1.fastq.gz,https://ftp.sra.ebi.ac.uk/vol1/fastq/SRR241/025/SRR24182325/SRR24182325_2.fastq.gz,Coccinella_septempunctata,1.7,both_sex
Coccinella septempunctata,Coccinella_septempunctata,Coccinellidae,Cucujiformia,SRR24182327,male,abdomen,abdomen,20391263,PAIRED,https://ftp.sra.ebi.ac.uk/vol1/fastq/SRR241/027/SRR24182327/SRR24182327_1.fastq.gz,https://ftp.sra.ebi.ac.uk/vol1/fastq/SRR241/027/SRR24182327/SRR24182327_2.fastq.gz,Coccinella_septempunctata,1.7,both_sex
Coccinella septempunctata,Coccinella_septempunctata,Coccinellidae,Cucujiformia,SRR24182328,male,abdomen,abdomen,20346141,PAIRED,https://ftp.sra.ebi.ac.uk/vol1/fastq/SRR241/028/SRR24182328/SRR24182328_1.fastq.gz,https://ftp.sra.ebi.ac.uk/vol1/fastq/SRR241/028/SRR24182328/SRR24182328_2.fastq.gz,Coccinella_septempunctata,1.7,both_sex
Coccinella septempunctata,Coccinella_septempunctata,Coccinellidae,Cucujiformia,SRR24182326,female,abdomen,abdomen,21604425,PAIRED,https://ftp.sra.ebi.ac.uk/vol1/fastq/SRR241/026/SRR24182326/SRR24182326_1.fastq.gz,https://ftp.sra.ebi.ac.uk/vol1/fastq/SRR241/026/SRR24182326/SRR24182326_2.fastq.gz,Coccinella_septempunctata,1.8,both_sex
Coccinella septempunctata,Coccinella_septempunctata,Coccinellidae,Cucujiformia,SRR24182338,female,abdomen,abdomen,20661466,PAIRED,https://ftp.sra.ebi.ac.uk/vol1/fastq/SRR241/038/SRR24182338/SRR24182338_1.fastq.gz,https://ftp.sra.ebi.ac.uk/vol1/fastq/SRR241/038/SRR24182338/SRR24182338_2.fastq.gz,Coccinella_septempunctata,1.7,both_sex
Coccinella septempunctata,Coccinella_septempunctata,Coccinellidae,Cucujiformia,SRR24182337,female,abdomen,abdomen,20262325,PAIRED,https://ftp.sra.ebi.ac.uk/vol1/fastq/SRR241/037/SRR24182337/SRR24182337_1.fastq.gz,https://ftp.sra.ebi.ac.uk/vol1/fastq/SRR241/037/SRR24182337/SRR24182337_2.fastq.gz,Coccinella_septempunctata,1.7,both_sex
Cryptolaemus montrouzieri,Cryptolaemus_montrouzieri,Coccinellidae,Cucujiformia,SRR24179326,male,abdomen,abdomen,22902735,PAIRED,https://ftp.sra.ebi.ac.uk/vol1/fastq/SRR241/026/SRR24179326/SRR24179326_1.fastq.gz,https://ftp.sra.ebi.ac.uk/vol1/fastq/SRR241/026/SRR24179326/SRR24179326_2.fastq.gz,Cryptolaemus_montrouzieri,1.9,both_sex
Cryptolaemus montrouzieri,Cryptolaemus_montrouzieri,Coccinellidae,Cucujiformia,SRR24179328,male,abdomen,abdomen,21542076,PAIRED,https://ftp.sra.ebi.ac.uk/vol1/fastq/SRR241/028/SRR24179328/SRR24179328_1.fastq.gz,https://ftp.sra.ebi.ac.uk/vol1/fastq/SRR241/028/SRR24179328/SRR24179328_2.fastq.gz,Cryptolaemus_montrouzieri,1.8,both_sex
Cryptolaemus montrouzieri,Cryptolaemus_montrouzieri,Coccinellidae,Cucujiformia,SRR24179327,male,abdomen,abdomen,20699575,PAIRED,https://ftp.sra.ebi.ac.uk/vol1/fastq/SRR241/027/SRR24179327/SRR24179327_1.fastq.gz,https://ftp.sra.ebi.ac.uk/vol1/fastq/SRR241/027/SRR24179327/SRR24179327_2.fastq.gz,Cryptolaemus_montrouzieri,1.7,both_sex
Cryptolaemus montrouzieri,Cryptolaemus_montrouzieri,Coccinellidae,Cucujiformia,SRR24179325,female,abdomen,abdomen,23297722,PAIRED,https://ftp.sra.ebi.ac.uk/vol1/fastq/SRR241/025/SRR24179325/SRR24179325_1.fastq.gz,https://ftp.sra.ebi.ac.uk/vol1/fastq/SRR241/025/SRR24179325/SRR24179325_2.fastq.gz,Cryptolaemus_montrouzieri,2.0,both_sex
Cryptolaemus montrouzieri,Cryptolaemus_montrouzieri,Coccinellidae,Cucujiformia,SRR24179336,female,abdomen,abdomen,20565718,PAIRED,https://ftp.sra.ebi.ac.uk/vol1/fastq/SRR241/036/SRR24179336/SRR24179336_1.fastq.gz,https://ftp.sra.ebi.ac.uk/vol1/fastq/SRR241/036/SRR24179336/SRR24179336_2.fastq.gz,Cryptolaemus_montrouzieri,1.7,both_sex
Cryptolaemus montrouzieri,Cryptolaemus_montrouzieri,Coccinellidae,Cucujiformia,SRR24179337,female,abdomen,abdomen,19956597,PAIRED,https://ftp.sra.ebi.ac.uk/vol1/fastq/SRR241/037/SRR24179337/SRR24179337_1.fastq.gz,https://ftp.sra.ebi.ac.uk/vol1/fastq/SRR241/037/SRR24179337/SRR24179337_2.fastq.gz,Cryptolaemus_montrouzieri,1.7,both_sex
Cylas formicarius,Cylas_formicarius,Brentidae,Cucujiformia,SRR5127271,male,male antennae,antenna,25591700,PAIRED,https://ftp.sra.ebi.ac.uk/vol1/fastq/SRR512/001/SRR5127271/SRR5127271_1.fastq.gz,https://ftp.sra.ebi.ac.uk/vol1/fastq/SRR512/001/SRR5127271/SRR5127271_2.fastq.gz,Cylas_formicarius,2.1,both_sex
Cylas formicarius,Cylas_formicarius,Brentidae,Cucujiformia,SRR5127266,female,female antennae,antenna,24216957,PAIRED,https://ftp.sra.ebi.ac.uk/vol1/fastq/SRR512/006/SRR5127266/SRR5127266_1.fastq.gz,https://ftp.sra.ebi.ac.uk/vol1/fastq/SRR512/006/SRR5127266/SRR5127266_2.fastq.gz,Cylas_formicarius,2.0,both_sex
Dalotia coriaria,Dalotia_coriaria,Staphylinidae,Staphyliniformia,SRR23816773,male,whole insect,whole_body,41231842,PAIRED,https://ftp.sra.ebi.ac.uk/vol1/fastq/SRR238/073/SRR23816773/SRR23816773_1.fastq.gz,https://ftp.sra.ebi.ac.uk/vol1/fastq/SRR238/073/SRR23816773/SRR23816773_2.fastq.gz,Dalotia_coriaria,3.5,both_sex
Dalotia coriaria,Dalotia_coriaria,Staphylinidae,Staphyliniformia,SRR23816774,female,whole insect,whole_body,60868846,PAIRED,https://ftp.sra.ebi.ac.uk/vol1/fastq/SRR238/074/SRR23816774/SRR23816774_1.fastq.gz,https://ftp.sra.ebi.ac.uk/vol1/fastq/SRR238/074/SRR23816774/SRR23816774_2.fastq.gz,Dalotia_coriaria,5.1,both_sex
Dastarcus helophoroides,Dastarcus_helophoroides,Bothrideridae,Cucujiformia,SRR25020626,male,,unspecified,30298753,PAIRED,https://ftp.sra.ebi.ac.uk/vol1/fastq/SRR250/026/SRR25020626/SRR25020626_1.fastq.gz,https://ftp.sra.ebi.ac.uk/vol1/fastq/SRR250/026/SRR25020626/SRR25020626_2.fastq.gz,Dastarcus_helophoroides,2.5,both_sex
Dastarcus helophoroides,Dastarcus_helophoroides,Bothrideridae,Cucujiformia,SRR25020620,male,,unspecified,29186720,PAIRED,https://ftp.sra.ebi.ac.uk/vol1/fastq/SRR250/020/SRR25020620/SRR25020620_1.fastq.gz,https://ftp.sra.ebi.ac.uk/vol1/fastq/SRR250/020/SRR25020620/SRR25020620_2.fastq.gz,Dastarcus_helophoroides,2.5,both_sex
Dastarcus helophoroides,Dastarcus_helophoroides,Bothrideridae,Cucujiformia,SRR25020629,male,,unspecified,28180897,PAIRED,https://ftp.sra.ebi.ac.uk/vol1/fastq/SRR250/029/SRR25020629/SRR25020629_1.fastq.gz,https://ftp.sra.ebi.ac.uk/vol1/fastq/SRR250/029/SRR25020629/SRR25020629_2.fastq.gz,Dastarcus_helophoroides,2.4,both_sex
Dastarcus helophoroides,Dastarcus_helophoroides,Bothrideridae,Cucujiformia,SRR25020636,female,,unspecified,30586870,PAIRED,https://ftp.sra.ebi.ac.uk/vol1/fastq/SRR250/036/SRR25020636/SRR25020636_1.fastq.gz,https://ftp.sra.ebi.ac.uk/vol1/fastq/SRR250/036/SRR25020636/SRR25020636_2.fastq.gz,Dastarcus_helophoroides,2.6,both_sex
Dastarcus helophoroides,Dastarcus_helophoroides,Bothrideridae,Cucujiformia,SRR25020623,female,,unspecified,29753861,PAIRED,https://ftp.sra.ebi.ac.uk/vol1/fastq/SRR250/023/SRR25020623/SRR25020623_1.fastq.gz,https://ftp.sra.ebi.ac.uk/vol1/fastq/SRR250/023/SRR25020623/SRR25020623_2.fastq.gz,Dastarcus_helophoroides,2.5,both_sex
Dastarcus helophoroides,Dastarcus_helophoroides,Bothrideridae,Cucujiformia,SRR25020633,female,,unspecified,27465552,PAIRED,https://ftp.sra.ebi.ac.uk/vol1/fastq/SRR250/033/SRR25020633/SRR25020633_1.fastq.gz,https://ftp.sra.ebi.ac.uk/vol1/fastq/SRR250/033/SRR25020633/SRR25020633_2.fastq.gz,Dastarcus_helophoroides,2.3,both_sex
Dendroctonus frontalis,Dendroctonus_frontalis,Curculionidae,Cucujiformia,SRR28745950,male,whole organism,whole_body,3766183,PAIRED,https://ftp.sra.ebi.ac.uk/vol1/fastq/SRR287/050/SRR28745950/SRR28745950_1.fastq.gz,https://ftp.sra.ebi.ac.uk/vol1/fastq/SRR287/050/SRR28745950/SRR28745950_2.fastq.gz,Dendroctonus_frontalis,0.3,both_sex
Dendroctonus frontalis,Dendroctonus_frontalis,Curculionidae,Cucujiformia,SRR28745948,male,whole organism,whole_body,3751336,PAIRED,https://ftp.sra.ebi.ac.uk/vol1/fastq/SRR287/048/SRR28745948/SRR28745948_1.fastq.gz,https://ftp.sra.ebi.ac.uk/vol1/fastq/SRR287/048/SRR28745948/SRR28745948_2.fastq.gz,Dendroctonus_frontalis,0.3,both_sex
Dendroctonus frontalis,Dendroctonus_frontalis,Curculionidae,Cucujiformia,SRR28745947,male,whole organism,whole_body,3615808,PAIRED,https://ftp.sra.ebi.ac.uk/vol1/fastq/SRR287/047/SRR28745947/SRR28745947_1.fastq.gz,https://ftp.sra.ebi.ac.uk/vol1/fastq/SRR287/047/SRR28745947/SRR28745947_2.fastq.gz,Dendroctonus_frontalis,0.3,both_sex
Dendroctonus frontalis,Dendroctonus_frontalis,Curculionidae,Cucujiformia,SRR28745949,female,whole organism,whole_body,4426077,PAIRED,https://ftp.sra.ebi.ac.uk/vol1/fastq/SRR287/049/SRR28745949/SRR28745949_1.fastq.gz,https://ftp.sra.ebi.ac.uk/vol1/fastq/SRR287/049/SRR28745949/SRR28745949_2.fastq.gz,Dendroctonus_frontalis,0.4,both_sex
Dendroctonus frontalis,Dendroctonus_frontalis,Curculionidae,Cucujiformia,SRR28745943,female,whole organism,whole_body,3648154,PAIRED,https://ftp.sra.ebi.ac.uk/vol1/fastq/SRR287/043/SRR28745943/SRR28745943_1.fastq.gz,https://ftp.sra.ebi.ac.uk/vol1/fastq/SRR287/043/SRR28745943/SRR28745943_2.fastq.gz,Dendroctonus_frontalis,0.3,both_sex
Dendroctonus frontalis,Dendroctonus_frontalis,Curculionidae,Cucujiformia,SRR28745935,female,whole organism,whole_body,3499685,PAIRED,https://ftp.sra.ebi.ac.uk/vol1/fastq/SRR287/035/SRR28745935/SRR28745935_1.fastq.gz,https://ftp.sra.ebi.ac.uk/vol1/fastq/SRR287/035/SRR28745935/SRR28745935_2.fastq.gz,Dendroctonus_frontalis,0.3,both_sex
Dendroctonus ponderosae,Dendroctonus_ponderosae,Curculionidae,Cucujiformia,SRR1703012,male,fat body,fat_body,64021034,PAIRED,https://ftp.sra.ebi.ac.uk/vol1/fastq/SRR170/002/SRR1703012/SRR1703012_1.fastq.gz,https://ftp.sra.ebi.ac.uk/vol1/fastq/SRR170/002/SRR1703012/SRR1703012_2.fastq.gz,Dendroctonus_ponderosae,5.4,both_sex
Dendroctonus ponderosae,Dendroctonus_ponderosae,Curculionidae,Cucujiformia,SRR1702950,male,fat body,fat_body,45769474,PAIRED,https://ftp.sra.ebi.ac.uk/vol1/fastq/SRR170/000/SRR1702950/SRR1702950_1.fastq.gz,https://ftp.sra.ebi.ac.uk/vol1/fastq/SRR170/000/SRR1702950/SRR1702950_2.fastq.gz,Dendroctonus_ponderosae,3.8,both_sex
Dendroctonus ponderosae,Dendroctonus_ponderosae,Curculionidae,Cucujiformia,SRR1702933,male,fat body,fat_body,16471004,PAIRED,https://ftp.sra.ebi.ac.uk/vol1/fastq/SRR170/003/SRR1702933/SRR1702933_1.fastq.gz,https://ftp.sra.ebi.ac.uk/vol1/fastq/SRR170/003/SRR1702933/SRR1702933_2.fastq.gz,Dendroctonus_ponderosae,1.4,both_sex
Dendroctonus ponderosae,Dendroctonus_ponderosae,Curculionidae,Cucujiformia,SRR1702894,female,fat body,fat_body,76780490,PAIRED,https://ftp.sra.ebi.ac.uk/vol1/fastq/SRR170/004/SRR1702894/SRR1702894_1.fastq.gz,https://ftp.sra.ebi.ac.uk/vol1/fastq/SRR170/004/SRR1702894/SRR1702894_2.fastq.gz,Dendroctonus_ponderosae,6.4,both_sex
Dendroctonus ponderosae,Dendroctonus_ponderosae,Curculionidae,Cucujiformia,SRR1702923,female,fat body,fat_body,59855700,PAIRED,https://ftp.sra.ebi.ac.uk/vol1/fastq/SRR170/003/SRR1702923/SRR1702923_1.fastq.gz,https://ftp.sra.ebi.ac.uk/vol1/fastq/SRR170/003/SRR1702923/SRR1702923_2.fastq.gz,Dendroctonus_ponderosae,5.0,both_sex
Dendroctonus ponderosae,Dendroctonus_ponderosae,Curculionidae,Cucujiformia,SRR1702891,female,fat body,fat_body,17130411,PAIRED,https://ftp.sra.ebi.ac.uk/vol1/fastq/SRR170/001/SRR1702891/SRR1702891_1.fastq.gz,https://ftp.sra.ebi.ac.uk/vol1/fastq/SRR170/001/SRR1702891/SRR1702891_2.fastq.gz,Dendroctonus_ponderosae,1.4,both_sex
Diabrotica undecimpunctata,Diabrotica_undecimpunctata,Chrysomelidae,Cucujiformia,SRR32395303,male,whole organism,whole_body,54835614,PAIRED,https://ftp.sra.ebi.ac.uk/vol1/fastq/SRR323/003/SRR32395303/SRR32395303_1.fastq.gz,https://ftp.sra.ebi.ac.uk/vol1/fastq/SRR323/003/SRR32395303/SRR32395303_2.fastq.gz,Diabrotica_undecimpunctata,4.6,both_sex
Diabrotica undecimpunctata,Diabrotica_undecimpunctata,Chrysomelidae,Cucujiformia,SRR32395306,male,whole organism,whole_body,51235974,PAIRED,https://ftp.sra.ebi.ac.uk/vol1/fastq/SRR323/006/SRR32395306/SRR32395306_1.fastq.gz,https://ftp.sra.ebi.ac.uk/vol1/fastq/SRR323/006/SRR32395306/SRR32395306_2.fastq.gz,Diabrotica_undecimpunctata,4.3,both_sex
Diabrotica undecimpunctata,Diabrotica_undecimpunctata,Chrysomelidae,Cucujiformia,SRR32395305,male,whole organism,whole_body,41487998,PAIRED,https://ftp.sra.ebi.ac.uk/vol1/fastq/SRR323/005/SRR32395305/SRR32395305_1.fastq.gz,https://ftp.sra.ebi.ac.uk/vol1/fastq/SRR323/005/SRR32395305/SRR32395305_2.fastq.gz,Diabrotica_undecimpunctata,3.5,both_sex
Diabrotica undecimpunctata,Diabrotica_undecimpunctata,Chrysomelidae,Cucujiformia,SRR32395298,female,whole organism,whole_body,59572530,PAIRED,https://ftp.sra.ebi.ac.uk/vol1/fastq/SRR323/098/SRR32395298/SRR32395298_1.fastq.gz,https://ftp.sra.ebi.ac.uk/vol1/fastq/SRR323/098/SRR32395298/SRR32395298_2.fastq.gz,Diabrotica_undecimpunctata,5.0,both_sex
Diabrotica undecimpunctata,Diabrotica_undecimpunctata,Chrysomelidae,Cucujiformia,SRR32395297,female,whole organism,whole_body,56309160,PAIRED,https://ftp.sra.ebi.ac.uk/vol1/fastq/SRR323/097/SRR32395297/SRR32395297_1.fastq.gz,https://ftp.sra.ebi.ac.uk/vol1/fastq/SRR323/097/SRR32395297/SRR32395297_2.fastq.gz,Diabrotica_undecimpunctata,4.7,both_sex
Diabrotica undecimpunctata,Diabrotica_undecimpunctata,Chrysomelidae,Cucujiformia,SRR32395311,female,whole organism,whole_body,55901304,PAIRED,https://ftp.sra.ebi.ac.uk/vol1/fastq/SRR323/011/SRR32395311/SRR32395311_1.fastq.gz,https://ftp.sra.ebi.ac.uk/vol1/fastq/SRR323/011/SRR32395311/SRR32395311_2.fastq.gz,Diabrotica_undecimpunctata,4.7,both_sex
Diabrotica virgifera virgifera,Diabrotica_virgifera_virgifera,Chrysomelidae,Cucujiformia,SRR6506231,male,Whole body,whole_body,36656062,PAIRED,https://ftp.sra.ebi.ac.uk/vol1/fastq/SRR650/001/SRR6506231/SRR6506231_1.fastq.gz,https://ftp.sra.ebi.ac.uk/vol1/fastq/SRR650/001/SRR6506231/SRR6506231_2.fastq.gz,Diabrotica_virgifera_virgifera,3.1,both_sex
Diabrotica virgifera virgifera,Diabrotica_virgifera_virgifera,Chrysomelidae,Cucujiformia,SRR6506251,male,Whole body,whole_body,36216004,PAIRED,https://ftp.sra.ebi.ac.uk/vol1/fastq/SRR650/001/SRR6506251/SRR6506251_1.fastq.gz,https://ftp.sra.ebi.ac.uk/vol1/fastq/SRR650/001/SRR6506251/SRR6506251_2.fastq.gz,Diabrotica_virgifera_virgifera,3.0,both_sex
Diabrotica virgifera virgifera,Diabrotica_virgifera_virgifera,Chrysomelidae,Cucujiformia,SRR6506227,male,Whole body,whole_body,34702399,PAIRED,https://ftp.sra.ebi.ac.uk/vol1/fastq/SRR650/007/SRR6506227/SRR6506227_1.fastq.gz,https://ftp.sra.ebi.ac.uk/vol1/fastq/SRR650/007/SRR6506227/SRR6506227_2.fastq.gz,Diabrotica_virgifera_virgifera,2.9,both_sex
Diabrotica virgifera virgifera,Diabrotica_virgifera_virgifera,Chrysomelidae,Cucujiformia,SRR6506240,female,Whole body,whole_body,39181321,PAIRED,https://ftp.sra.ebi.ac.uk/vol1/fastq/SRR650/000/SRR6506240/SRR6506240_1.fastq.gz,https://ftp.sra.ebi.ac.uk/vol1/fastq/SRR650/000/SRR6506240/SRR6506240_2.fastq.gz,Diabrotica_virgifera_virgifera,3.3,both_sex
Diabrotica virgifera virgifera,Diabrotica_virgifera_virgifera,Chrysomelidae,Cucujiformia,SRR6506230,female,Whole body,whole_body,39091424,PAIRED,https://ftp.sra.ebi.ac.uk/vol1/fastq/SRR650/000/SRR6506230/SRR6506230_1.fastq.gz,https://ftp.sra.ebi.ac.uk/vol1/fastq/SRR650/000/SRR6506230/SRR6506230_2.fastq.gz,Diabrotica_virgifera_virgifera,3.3,both_sex
Diabrotica virgifera virgifera,Diabrotica_virgifera_virgifera,Chrysomelidae,Cucujiformia,SRR6506254,female,Whole body,whole_body,38753142,PAIRED,https://ftp.sra.ebi.ac.uk/vol1/fastq/SRR650/004/SRR6506254/SRR6506254_1.fastq.gz,https://ftp.sra.ebi.ac.uk/vol1/fastq/SRR650/004/SRR6506254/SRR6506254_2.fastq.gz,Diabrotica_virgifera_virgifera,3.3,both_sex
Digitonthophagus gazella,Digitonthophagus_gazella,Scarabaeidae,Scarabaeiformia,SRR14103602,male,foretibia,foretibia,23379349,SINGLE,https://ftp.sra.ebi.ac.uk/vol1/fastq/SRR141/002/SRR14103602/SRR14103602.fastq.gz,,Digitonthophagus_gazella,1.0,both_sex
Digitonthophagus gazella,Digitonthophagus_gazella,Scarabaeidae,Scarabaeiformia,SRR14103583,male,foretibia,foretibia,22943497,SINGLE,https://ftp.sra.ebi.ac.uk/vol1/fastq/SRR141/083/SRR14103583/SRR14103583.fastq.gz,,Digitonthophagus_gazella,1.0,both_sex
Digitonthophagus gazella,Digitonthophagus_gazella,Scarabaeidae,Scarabaeiformia,SRR14103597,male,foretibia,foretibia,22567371,SINGLE,https://ftp.sra.ebi.ac.uk/vol1/fastq/SRR141/097/SRR14103597/SRR14103597.fastq.gz,,Digitonthophagus_gazella,0.9,both_sex
Digitonthophagus gazella,Digitonthophagus_gazella,Scarabaeidae,Scarabaeiformia,SRR14103594,female,foretibia,foretibia,26029831,SINGLE,https://ftp.sra.ebi.ac.uk/vol1/fastq/SRR141/094/SRR14103594/SRR14103594.fastq.gz,,Digitonthophagus_gazella,1.1,both_sex
Digitonthophagus gazella,Digitonthophagus_gazella,Scarabaeidae,Scarabaeiformia,SRR14103587,female,foretibia,foretibia,23412294,SINGLE,https://ftp.sra.ebi.ac.uk/vol1/fastq/SRR141/087/SRR14103587/SRR14103587.fastq.gz,,Digitonthophagus_gazella,1.0,both_sex
Digitonthophagus gazella,Digitonthophagus_gazella,Scarabaeidae,Scarabaeiformia,SRR14103589,female,foretibia,foretibia,21875794,SINGLE,https://ftp.sra.ebi.ac.uk/vol1/fastq/SRR141/089/SRR14103589/SRR14103589.fastq.gz,,Digitonthophagus_gazella,0.9,both_sex
Drusilla canaliculata,Drusilla_canaliculata,Staphylinidae,Staphyliniformia,SRR15992416,male,body without head,body without head,87683142,PAIRED,https://ftp.sra.ebi.ac.uk/vol1/fastq/SRR159/016/SRR15992416/SRR15992416_1.fastq.gz,https://ftp.sra.ebi.ac.uk/vol1/fastq/SRR159/016/SRR15992416/SRR15992416_2.fastq.gz,Drusilla_canaliculata,7.4,both_sex
Drusilla canaliculata,Drusilla_canaliculata,Staphylinidae,Staphyliniformia,SRR15992414,female,body without head,body without head,87247749,PAIRED,https://ftp.sra.ebi.ac.uk/vol1/fastq/SRR159/014/SRR15992414/SRR15992414_1.fastq.gz,https://ftp.sra.ebi.ac.uk/vol1/fastq/SRR159/014/SRR15992414/SRR15992414_2.fastq.gz,Drusilla_canaliculata,7.3,both_sex
Eucryptorrhynchus brandti,Eucryptorrhynchus_brandti,Curculionidae,Cucujiformia,SRR7589712,male,antennae,antenna,25385275,PAIRED,https://ftp.sra.ebi.ac.uk/vol1/fastq/SRR758/002/SRR7589712/SRR7589712_1.fastq.gz,https://ftp.sra.ebi.ac.uk/vol1/fastq/SRR758/002/SRR7589712/SRR7589712_2.fastq.gz,Eucryptorrhynchus_brandti,2.1,both_sex
Eucryptorrhynchus brandti,Eucryptorrhynchus_brandti,Curculionidae,Cucujiformia,SRR7589711,male,antennae,antenna,25309924,PAIRED,https://ftp.sra.ebi.ac.uk/vol1/fastq/SRR758/001/SRR7589711/SRR7589711_1.fastq.gz,https://ftp.sra.ebi.ac.uk/vol1/fastq/SRR758/001/SRR7589711/SRR7589711_2.fastq.gz,Eucryptorrhynchus_brandti,2.1,both_sex
Eucryptorrhynchus brandti,Eucryptorrhynchus_brandti,Curculionidae,Cucujiformia,SRR7589721,male,antennae,antenna,24938759,PAIRED,https://ftp.sra.ebi.ac.uk/vol1/fastq/SRR758/001/SRR7589721/SRR7589721_1.fastq.gz,https://ftp.sra.ebi.ac.uk/vol1/fastq/SRR758/001/SRR7589721/SRR7589721_2.fastq.gz,Eucryptorrhynchus_brandti,2.1,both_sex
Eucryptorrhynchus brandti,Eucryptorrhynchus_brandti,Curculionidae,Cucujiformia,SRR7589710,female,antennae,antenna,25317497,PAIRED,https://ftp.sra.ebi.ac.uk/vol1/fastq/SRR758/000/SRR7589710/SRR7589710_1.fastq.gz,https://ftp.sra.ebi.ac.uk/vol1/fastq/SRR758/000/SRR7589710/SRR7589710_2.fastq.gz,Eucryptorrhynchus_brandti,2.1,both_sex
Eucryptorrhynchus brandti,Eucryptorrhynchus_brandti,Curculionidae,Cucujiformia,SRR7589713,female,antennae,antenna,25270354,PAIRED,https://ftp.sra.ebi.ac.uk/vol1/fastq/SRR758/003/SRR7589713/SRR7589713_1.fastq.gz,https://ftp.sra.ebi.ac.uk/vol1/fastq/SRR758/003/SRR7589713/SRR7589713_2.fastq.gz,Eucryptorrhynchus_brandti,2.1,both_sex
Eucryptorrhynchus brandti,Eucryptorrhynchus_brandti,Curculionidae,Cucujiformia,SRR7589720,female,antennae,antenna,19762739,PAIRED,https://ftp.sra.ebi.ac.uk/vol1/fastq/SRR758/000/SRR7589720/SRR7589720_1.fastq.gz,https://ftp.sra.ebi.ac.uk/vol1/fastq/SRR758/000/SRR7589720/SRR7589720_2.fastq.gz,Eucryptorrhynchus_brandti,1.7,both_sex
Eucryptorrhynchus scrobiculatus,Eucryptorrhynchus_scrobiculatus,Curculionidae,Cucujiformia,SRR7589719,male,antennae,antenna,25622616,PAIRED,https://ftp.sra.ebi.ac.uk/vol1/fastq/SRR758/009/SRR7589719/SRR7589719_1.fastq.gz,https://ftp.sra.ebi.ac.uk/vol1/fastq/SRR758/009/SRR7589719/SRR7589719_2.fastq.gz,Eucryptorrhynchus_scrobiculatus,2.2,both_sex
Eucryptorrhynchus scrobiculatus,Eucryptorrhynchus_scrobiculatus,Curculionidae,Cucujiformia,SRR7589717,male,antennae,antenna,25576956,PAIRED,https://ftp.sra.ebi.ac.uk/vol1/fastq/SRR758/007/SRR7589717/SRR7589717_1.fastq.gz,https://ftp.sra.ebi.ac.uk/vol1/fastq/SRR758/007/SRR7589717/SRR7589717_2.fastq.gz,Eucryptorrhynchus_scrobiculatus,2.1,both_sex
Eucryptorrhynchus scrobiculatus,Eucryptorrhynchus_scrobiculatus,Curculionidae,Cucujiformia,SRR7589715,male,antennae,antenna,24982047,PAIRED,https://ftp.sra.ebi.ac.uk/vol1/fastq/SRR758/005/SRR7589715/SRR7589715_1.fastq.gz,https://ftp.sra.ebi.ac.uk/vol1/fastq/SRR758/005/SRR7589715/SRR7589715_2.fastq.gz,Eucryptorrhynchus_scrobiculatus,2.1,both_sex
Eucryptorrhynchus scrobiculatus,Eucryptorrhynchus_scrobiculatus,Curculionidae,Cucujiformia,SRR7589718,female,antennae,antenna,24978612,PAIRED,https://ftp.sra.ebi.ac.uk/vol1/fastq/SRR758/008/SRR7589718/SRR7589718_1.fastq.gz,https://ftp.sra.ebi.ac.uk/vol1/fastq/SRR758/008/SRR7589718/SRR7589718_2.fastq.gz,Eucryptorrhynchus_scrobiculatus,2.1,both_sex
Eucryptorrhynchus scrobiculatus,Eucryptorrhynchus_scrobiculatus,Curculionidae,Cucujiformia,SRR7589714,female,antennae,antenna,24894504,PAIRED,https://ftp.sra.ebi.ac.uk/vol1/fastq/SRR758/004/SRR7589714/SRR7589714_1.fastq.gz,https://ftp.sra.ebi.ac.uk/vol1/fastq/SRR758/004/SRR7589714/SRR7589714_2.fastq.gz,Eucryptorrhynchus_scrobiculatus,2.1,both_sex
Eucryptorrhynchus scrobiculatus,Eucryptorrhynchus_scrobiculatus,Curculionidae,Cucujiformia,SRR7589716,female,antennae,antenna,24890672,PAIRED,https://ftp.sra.ebi.ac.uk/vol1/fastq/SRR758/006/SRR7589716/SRR7589716_1.fastq.gz,https://ftp.sra.ebi.ac.uk/vol1/fastq/SRR758/006/SRR7589716/SRR7589716_2.fastq.gz,Eucryptorrhynchus_scrobiculatus,2.1,both_sex
Euwallacea fornicatus,Euwallacea_fornicatus,Curculionidae,Cucujiformia,SRR28349127,male,"Whole body, adult",whole_body,22963408,PAIRED,https://ftp.sra.ebi.ac.uk/vol1/fastq/SRR283/027/SRR28349127/SRR28349127_1.fastq.gz,https://ftp.sra.ebi.ac.uk/vol1/fastq/SRR283/027/SRR28349127/SRR28349127_2.fastq.gz,Euwallacea_fornicatus,1.9,both_sex
Euwallacea fornicatus,Euwallacea_fornicatus,Curculionidae,Cucujiformia,SRR29420467,female,whole individual,whole_body,55897514,PAIRED,https://ftp.sra.ebi.ac.uk/vol1/fastq/SRR294/067/SRR29420467/SRR29420467_1.fastq.gz,https://ftp.sra.ebi.ac.uk/vol1/fastq/SRR294/067/SRR29420467/SRR29420467_2.fastq.gz,Euwallacea_fornicatus,4.7,both_sex
Euwallacea fornicatus,Euwallacea_fornicatus,Curculionidae,Cucujiformia,SRR28349129,female,"Whole body, adult",whole_body,35359353,PAIRED,https://ftp.sra.ebi.ac.uk/vol1/fastq/SRR283/029/SRR28349129/SRR28349129_1.fastq.gz,https://ftp.sra.ebi.ac.uk/vol1/fastq/SRR283/029/SRR28349129/SRR28349129_2.fastq.gz,Euwallacea_fornicatus,3.0,both_sex
Gnatocerus cornutus,Gnatocerus_cornutus,Tenebrionidae,Cucujiformia,SRR14070865,male,Head and Prothorax,head,71924535,PAIRED,https://ftp.sra.ebi.ac.uk/vol1/fastq/SRR140/065/SRR14070865/SRR14070865_1.fastq.gz,https://ftp.sra.ebi.ac.uk/vol1/fastq/SRR140/065/SRR14070865/SRR14070865_2.fastq.gz,Gnatocerus_cornutus,6.0,both_sex
Gnatocerus cornutus,Gnatocerus_cornutus,Tenebrionidae,Cucujiformia,SRR14070864,male,Head and Prothorax,head,71129236,PAIRED,https://ftp.sra.ebi.ac.uk/vol1/fastq/SRR140/064/SRR14070864/SRR14070864_1.fastq.gz,https://ftp.sra.ebi.ac.uk/vol1/fastq/SRR140/064/SRR14070864/SRR14070864_2.fastq.gz,Gnatocerus_cornutus,6.0,both_sex
Gnatocerus cornutus,Gnatocerus_cornutus,Tenebrionidae,Cucujiformia,DRR495289,male,head,head,14150998,PAIRED,https://ftp.sra.ebi.ac.uk/vol1/fastq/DRR495/DRR495289/DRR495289_1.fastq.gz,https://ftp.sra.ebi.ac.uk/vol1/fastq/DRR495/DRR495289/DRR495289_2.fastq.gz,Gnatocerus_cornutus,1.2,both_sex
Gnatocerus cornutus,Gnatocerus_cornutus,Tenebrionidae,Cucujiformia,SRR14070862,female,Head and Prothorax,head,64831677,PAIRED,https://ftp.sra.ebi.ac.uk/vol1/fastq/SRR140/062/SRR14070862/SRR14070862_1.fastq.gz,https://ftp.sra.ebi.ac.uk/vol1/fastq/SRR140/062/SRR14070862/SRR14070862_2.fastq.gz,Gnatocerus_cornutus,5.4,both_sex
Gnatocerus cornutus,Gnatocerus_cornutus,Tenebrionidae,Cucujiformia,SRR14070863,female,Head and Prothorax,head,59306698,PAIRED,https://ftp.sra.ebi.ac.uk/vol1/fastq/SRR140/063/SRR14070863/SRR14070863_1.fastq.gz,https://ftp.sra.ebi.ac.uk/vol1/fastq/SRR140/063/SRR14070863/SRR14070863_2.fastq.gz,Gnatocerus_cornutus,5.0,both_sex
Gnatocerus cornutus,Gnatocerus_cornutus,Tenebrionidae,Cucujiformia,DRR495288,female,head,head,14205887,PAIRED,https://ftp.sra.ebi.ac.uk/vol1/fastq/DRR495/DRR495288/DRR495288_1.fastq.gz,https://ftp.sra.ebi.ac.uk/vol1/fastq/DRR495/DRR495288/DRR495288_2.fastq.gz,Gnatocerus_cornutus,1.2,both_sex
Harmonia axyridis,Harmonia_axyridis,Coccinellidae,Cucujiformia,SRR15696833,male,adult body,whole_body,35943276,PAIRED,https://ftp.sra.ebi.ac.uk/vol1/fastq/SRR156/033/SRR15696833/SRR15696833_1.fastq.gz,https://ftp.sra.ebi.ac.uk/vol1/fastq/SRR156/033/SRR15696833/SRR15696833_2.fastq.gz,Harmonia_axyridis,3.0,both_sex
Harmonia axyridis,Harmonia_axyridis,Coccinellidae,Cucujiformia,SRR15696842,male,adult body,whole_body,32542324,PAIRED,https://ftp.sra.ebi.ac.uk/vol1/fastq/SRR156/042/SRR15696842/SRR15696842_1.fastq.gz,https://ftp.sra.ebi.ac.uk/vol1/fastq/SRR156/042/SRR15696842/SRR15696842_2.fastq.gz,Harmonia_axyridis,2.7,both_sex
Harmonia axyridis,Harmonia_axyridis,Coccinellidae,Cucujiformia,SRR15696841,male,adult body,whole_body,30051624,PAIRED,https://ftp.sra.ebi.ac.uk/vol1/fastq/SRR156/041/SRR15696841/SRR15696841_1.fastq.gz,https://ftp.sra.ebi.ac.uk/vol1/fastq/SRR156/041/SRR15696841/SRR15696841_2.fastq.gz,Harmonia_axyridis,2.5,both_sex
Harmonia axyridis,Harmonia_axyridis,Coccinellidae,Cucujiformia,SRR15696829,female,adult body,whole_body,32139641,PAIRED,https://ftp.sra.ebi.ac.uk/vol1/fastq/SRR156/029/SRR15696829/SRR15696829_1.fastq.gz,https://ftp.sra.ebi.ac.uk/vol1/fastq/SRR156/029/SRR15696829/SRR15696829_2.fastq.gz,Harmonia_axyridis,2.7,both_sex
Harmonia axyridis,Harmonia_axyridis,Coccinellidae,Cucujiformia,SRR15696834,female,adult body,whole_body,29818812,PAIRED,https://ftp.sra.ebi.ac.uk/vol1/fastq/SRR156/034/SRR15696834/SRR15696834_1.fastq.gz,https://ftp.sra.ebi.ac.uk/vol1/fastq/SRR156/034/SRR15696834/SRR15696834_2.fastq.gz,Harmonia_axyridis,2.5,both_sex
Harmonia axyridis,Harmonia_axyridis,Coccinellidae,Cucujiformia,SRR15696830,female,adult body,whole_body,27445447,PAIRED,https://ftp.sra.ebi.ac.uk/vol1/fastq/SRR156/030/SRR15696830/SRR15696830_1.fastq.gz,https://ftp.sra.ebi.ac.uk/vol1/fastq/SRR156/030/SRR15696830/SRR15696830_2.fastq.gz,Harmonia_axyridis,2.3,both_sex
Hippodamia variegata,Hippodamia_variegata,Coccinellidae,Cucujiformia,SRR15371778,male,Male Antenna 1,antenna,76272212,PAIRED,https://ftp.sra.ebi.ac.uk/vol1/fastq/SRR153/078/SRR15371778/SRR15371778_1.fastq.gz,https://ftp.sra.ebi.ac.uk/vol1/fastq/SRR153/078/SRR15371778/SRR15371778_2.fastq.gz,Hippodamia_variegata,6.4,both_sex
Hippodamia variegata,Hippodamia_variegata,Coccinellidae,Cucujiformia,SRR15371777,male,Male Antenna 2,antenna,76184550,PAIRED,https://ftp.sra.ebi.ac.uk/vol1/fastq/SRR153/077/SRR15371777/SRR15371777_1.fastq.gz,https://ftp.sra.ebi.ac.uk/vol1/fastq/SRR153/077/SRR15371777/SRR15371777_2.fastq.gz,Hippodamia_variegata,6.4,both_sex
Hippodamia variegata,Hippodamia_variegata,Coccinellidae,Cucujiformia,SRR15371776,male,Male Antenna 3,antenna,76151012,PAIRED,https://ftp.sra.ebi.ac.uk/vol1/fastq/SRR153/076/SRR15371776/SRR15371776_1.fastq.gz,https://ftp.sra.ebi.ac.uk/vol1/fastq/SRR153/076/SRR15371776/SRR15371776_2.fastq.gz,Hippodamia_variegata,6.4,both_sex
Hippodamia variegata,Hippodamia_variegata,Coccinellidae,Cucujiformia,SRR15371779,female,Female Antenna 3,antenna,76394000,PAIRED,https://ftp.sra.ebi.ac.uk/vol1/fastq/SRR153/079/SRR15371779/SRR15371779_1.fastq.gz,https://ftp.sra.ebi.ac.uk/vol1/fastq/SRR153/079/SRR15371779/SRR15371779_2.fastq.gz,Hippodamia_variegata,6.4,both_sex
Hippodamia variegata,Hippodamia_variegata,Coccinellidae,Cucujiformia,SRR15371781,female,Female Antenna 1,antenna,76352544,PAIRED,https://ftp.sra.ebi.ac.uk/vol1/fastq/SRR153/081/SRR15371781/SRR15371781_1.fastq.gz,https://ftp.sra.ebi.ac.uk/vol1/fastq/SRR153/081/SRR15371781/SRR15371781_2.fastq.gz,Hippodamia_variegata,6.4,both_sex
Hippodamia variegata,Hippodamia_variegata,Coccinellidae,Cucujiformia,SRR15371780,female,Female Antenna 2,antenna,76344574,PAIRED,https://ftp.sra.ebi.ac.uk/vol1/fastq/SRR153/080/SRR15371780/SRR15371780_1.fastq.gz,https://ftp.sra.ebi.ac.uk/vol1/fastq/SRR153/080/SRR15371780/SRR15371780_2.fastq.gz,Hippodamia_variegata,6.4,both_sex
Holotrichia oblita,Holotrichia_oblita,Scarabaeidae,Scarabaeiformia,SRR14573937,male,whole bady,whole_body,28667136,PAIRED,https://ftp.sra.ebi.ac.uk/vol1/fastq/SRR145/037/SRR14573937/SRR14573937_1.fastq.gz,https://ftp.sra.ebi.ac.uk/vol1/fastq/SRR145/037/SRR14573937/SRR14573937_2.fastq.gz,Holotrichia_oblita,2.4,both_sex
Holotrichia oblita,Holotrichia_oblita,Scarabaeidae,Scarabaeiformia,SRR14573934,male,whole bady,whole_body,25452975,PAIRED,https://ftp.sra.ebi.ac.uk/vol1/fastq/SRR145/034/SRR14573934/SRR14573934_1.fastq.gz,https://ftp.sra.ebi.ac.uk/vol1/fastq/SRR145/034/SRR14573934/SRR14573934_2.fastq.gz,Holotrichia_oblita,2.1,both_sex
Holotrichia oblita,Holotrichia_oblita,Scarabaeidae,Scarabaeiformia,SRR14573941,male,whole bady,whole_body,25264927,PAIRED,https://ftp.sra.ebi.ac.uk/vol1/fastq/SRR145/041/SRR14573941/SRR14573941_1.fastq.gz,https://ftp.sra.ebi.ac.uk/vol1/fastq/SRR145/041/SRR14573941/SRR14573941_2.fastq.gz,Holotrichia_oblita,2.1,both_sex
Holotrichia oblita,Holotrichia_oblita,Scarabaeidae,Scarabaeiformia,SRR14573942,female,whole bady,whole_body,25798150,PAIRED,https://ftp.sra.ebi.ac.uk/vol1/fastq/SRR145/042/SRR14573942/SRR14573942_1.fastq.gz,https://ftp.sra.ebi.ac.uk/vol1/fastq/SRR145/042/SRR14573942/SRR14573942_2.fastq.gz,Holotrichia_oblita,2.2,both_sex
Holotrichia oblita,Holotrichia_oblita,Scarabaeidae,Scarabaeiformia,SRR14573943,female,whole bady,whole_body,25580318,PAIRED,https://ftp.sra.ebi.ac.uk/vol1/fastq/SRR145/043/SRR14573943/SRR14573943_1.fastq.gz,https://ftp.sra.ebi.ac.uk/vol1/fastq/SRR145/043/SRR14573943/SRR14573943_2.fastq.gz,Holotrichia_oblita,2.1,both_sex
Holotrichia oblita,Holotrichia_oblita,Scarabaeidae,Scarabaeiformia,SRR14573930,female,whole bady,whole_body,25447602,PAIRED,https://ftp.sra.ebi.ac.uk/vol1/fastq/SRR145/030/SRR14573930/SRR14573930_1.fastq.gz,https://ftp.sra.ebi.ac.uk/vol1/fastq/SRR145/030/SRR14573930/SRR14573930_2.fastq.gz,Holotrichia_oblita,2.1,both_sex
Hypothenemus hampei,Hypothenemus_hampei,Curculionidae,Cucujiformia,SRR7788915,male,whole body,whole_body,49232785,PAIRED,https://ftp.sra.ebi.ac.uk/vol1/fastq/SRR778/005/SRR7788915/SRR7788915_1.fastq.gz,https://ftp.sra.ebi.ac.uk/vol1/fastq/SRR778/005/SRR7788915/SRR7788915_2.fastq.gz,Hypothenemus_hampei,4.1,both_sex
Hypothenemus hampei,Hypothenemus_hampei,Curculionidae,Cucujiformia,SRR7788914,male,whole body,whole_body,45205906,PAIRED,https://ftp.sra.ebi.ac.uk/vol1/fastq/SRR778/004/SRR7788914/SRR7788914_1.fastq.gz,https://ftp.sra.ebi.ac.uk/vol1/fastq/SRR778/004/SRR7788914/SRR7788914_2.fastq.gz,Hypothenemus_hampei,3.8,both_sex
Hypothenemus hampei,Hypothenemus_hampei,Curculionidae,Cucujiformia,SRR7788916,male,whole body,whole_body,20273021,PAIRED,https://ftp.sra.ebi.ac.uk/vol1/fastq/SRR778/006/SRR7788916/SRR7788916_1.fastq.gz,https://ftp.sra.ebi.ac.uk/vol1/fastq/SRR778/006/SRR7788916/SRR7788916_2.fastq.gz,Hypothenemus_hampei,1.7,both_sex
Hypothenemus hampei,Hypothenemus_hampei,Curculionidae,Cucujiformia,SRR7788911,female,whole body,whole_body,22319375,PAIRED,https://ftp.sra.ebi.ac.uk/vol1/fastq/SRR778/001/SRR7788911/SRR7788911_1.fastq.gz,https://ftp.sra.ebi.ac.uk/vol1/fastq/SRR778/001/SRR7788911/SRR7788911_2.fastq.gz,Hypothenemus_hampei,1.9,both_sex
Hypothenemus hampei,Hypothenemus_hampei,Curculionidae,Cucujiformia,SRR7788909,female,whole body,whole_body,21627663,PAIRED,https://ftp.sra.ebi.ac.uk/vol1/fastq/SRR778/009/SRR7788909/SRR7788909_1.fastq.gz,https://ftp.sra.ebi.ac.uk/vol1/fastq/SRR778/009/SRR7788909/SRR7788909_2.fastq.gz,Hypothenemus_hampei,1.8,both_sex
Hypothenemus hampei,Hypothenemus_hampei,Curculionidae,Cucujiformia,SRR7788908,female,whole body,whole_body,16276663,PAIRED,https://ftp.sra.ebi.ac.uk/vol1/fastq/SRR778/008/SRR7788908/SRR7788908_1.fastq.gz,https://ftp.sra.ebi.ac.uk/vol1/fastq/SRR778/008/SRR7788908/SRR7788908_2.fastq.gz,Hypothenemus_hampei,1.4,both_sex
Ips typographus,Ips_typographus,Curculionidae,Cucujiformia,SRR13131832,male,Golden Male Fatbody,fat_body,70781136,PAIRED,https://ftp.sra.ebi.ac.uk/vol1/fastq/SRR131/032/SRR13131832/SRR13131832_1.fastq.gz,https://ftp.sra.ebi.ac.uk/vol1/fastq/SRR131/032/SRR13131832/SRR13131832_2.fastq.gz,Ips_typographus,5.9,both_sex
Ips typographus,Ips_typographus,Curculionidae,Cucujiformia,SRR35298802,male,Fat body,fat_body,47609349,PAIRED,https://ftp.sra.ebi.ac.uk/vol1/fastq/SRR352/002/SRR35298802/SRR35298802_1.fastq.gz,https://ftp.sra.ebi.ac.uk/vol1/fastq/SRR352/002/SRR35298802/SRR35298802_2.fastq.gz,Ips_typographus,4.0,both_sex
Ips typographus,Ips_typographus,Curculionidae,Cucujiformia,SRR35298803,male,Fat body,fat_body,39889208,PAIRED,https://ftp.sra.ebi.ac.uk/vol1/fastq/SRR352/003/SRR35298803/SRR35298803_1.fastq.gz,https://ftp.sra.ebi.ac.uk/vol1/fastq/SRR352/003/SRR35298803/SRR35298803_2.fastq.gz,Ips_typographus,3.4,both_sex
Ips typographus,Ips_typographus,Curculionidae,Cucujiformia,SRR13131837,female,Golden Female Fatbody,fat_body,83351305,PAIRED,https://ftp.sra.ebi.ac.uk/vol1/fastq/SRR131/037/SRR13131837/SRR13131837_1.fastq.gz,https://ftp.sra.ebi.ac.uk/vol1/fastq/SRR131/037/SRR13131837/SRR13131837_2.fastq.gz,Ips_typographus,7.0,both_sex
Ips typographus,Ips_typographus,Curculionidae,Cucujiformia,SRR13131836,female,Golden Female Fatbody,fat_body,55546131,PAIRED,https://ftp.sra.ebi.ac.uk/vol1/fastq/SRR131/036/SRR13131836/SRR13131836_1.fastq.gz,https://ftp.sra.ebi.ac.uk/vol1/fastq/SRR131/036/SRR13131836/SRR13131836_2.fastq.gz,Ips_typographus,4.7,both_sex
Ips typographus,Ips_typographus,Curculionidae,Cucujiformia,SRR13131838,female,Golden Female Fatbody,fat_body,55397239,PAIRED,https://ftp.sra.ebi.ac.uk/vol1/fastq/SRR131/038/SRR13131838/SRR13131838_1.fastq.gz,https://ftp.sra.ebi.ac.uk/vol1/fastq/SRR131/038/SRR13131838/SRR13131838_2.fastq.gz,Ips_typographus,4.7,both_sex
Leptinotarsa decemlineata,Leptinotarsa_decemlineata,Chrysomelidae,Cucujiformia,SRR27675951,male,fat body male,fat_body,22892796,PAIRED,https://ftp.sra.ebi.ac.uk/vol1/fastq/SRR276/051/SRR27675951/SRR27675951_1.fastq.gz,https://ftp.sra.ebi.ac.uk/vol1/fastq/SRR276/051/SRR27675951/SRR27675951_2.fastq.gz,Leptinotarsa_decemlineata,1.9,both_sex
Leptinotarsa decemlineata,Leptinotarsa_decemlineata,Chrysomelidae,Cucujiformia,SRR27676009,male,fat body male,fat_body,22457910,PAIRED,https://ftp.sra.ebi.ac.uk/vol1/fastq/SRR276/009/SRR27676009/SRR27676009_1.fastq.gz,https://ftp.sra.ebi.ac.uk/vol1/fastq/SRR276/009/SRR27676009/SRR27676009_2.fastq.gz,Leptinotarsa_decemlineata,1.9,both_sex
Leptinotarsa decemlineata,Leptinotarsa_decemlineata,Chrysomelidae,Cucujiformia,SRR27676010,male,fat body male,fat_body,21911393,PAIRED,https://ftp.sra.ebi.ac.uk/vol1/fastq/SRR276/010/SRR27676010/SRR27676010_1.fastq.gz,https://ftp.sra.ebi.ac.uk/vol1/fastq/SRR276/010/SRR27676010/SRR27676010_2.fastq.gz,Leptinotarsa_decemlineata,1.8,both_sex
Leptinotarsa decemlineata,Leptinotarsa_decemlineata,Chrysomelidae,Cucujiformia,SRR27675956,female,fat body female,fat_body,23402667,PAIRED,https://ftp.sra.ebi.ac.uk/vol1/fastq/SRR276/056/SRR27675956/SRR27675956_1.fastq.gz,https://ftp.sra.ebi.ac.uk/vol1/fastq/SRR276/056/SRR27675956/SRR27675956_2.fastq.gz,Leptinotarsa_decemlineata,2.0,both_sex
Leptinotarsa decemlineata,Leptinotarsa_decemlineata,Chrysomelidae,Cucujiformia,SRR27675952,female,fat body female,fat_body,23272003,PAIRED,https://ftp.sra.ebi.ac.uk/vol1/fastq/SRR276/052/SRR27675952/SRR27675952_1.fastq.gz,https://ftp.sra.ebi.ac.uk/vol1/fastq/SRR276/052/SRR27675952/SRR27675952_2.fastq.gz,Leptinotarsa_decemlineata,2.0,both_sex
Leptinotarsa decemlineata,Leptinotarsa_decemlineata,Chrysomelidae,Cucujiformia,SRR27675953,female,fat body female,fat_body,22948055,PAIRED,https://ftp.sra.ebi.ac.uk/vol1/fastq/SRR276/053/SRR27675953/SRR27675953_1.fastq.gz,https://ftp.sra.ebi.ac.uk/vol1/fastq/SRR276/053/SRR27675953/SRR27675953_2.fastq.gz,Leptinotarsa_decemlineata,1.9,both_sex
Lethrus apterus,Lethrus_apterus,Geotrupidae,Scarabaeiformia,SRR30904359,male,head,head,63669309,PAIRED,https://ftp.sra.ebi.ac.uk/vol1/fastq/SRR309/059/SRR30904359/SRR30904359_1.fastq.gz,https://ftp.sra.ebi.ac.uk/vol1/fastq/SRR309/059/SRR30904359/SRR30904359_2.fastq.gz,Lethrus_apterus,5.3,both_sex
Lethrus apterus,Lethrus_apterus,Geotrupidae,Scarabaeiformia,SRR30892903,male,head,head,63300387,PAIRED,https://ftp.sra.ebi.ac.uk/vol1/fastq/SRR308/003/SRR30892903/SRR30892903_1.fastq.gz,https://ftp.sra.ebi.ac.uk/vol1/fastq/SRR308/003/SRR30892903/SRR30892903_2.fastq.gz,Lethrus_apterus,5.3,both_sex
Lethrus apterus,Lethrus_apterus,Geotrupidae,Scarabaeiformia,SRR30904356,male,head,head,54702196,PAIRED,https://ftp.sra.ebi.ac.uk/vol1/fastq/SRR309/056/SRR30904356/SRR30904356_1.fastq.gz,https://ftp.sra.ebi.ac.uk/vol1/fastq/SRR309/056/SRR30904356/SRR30904356_2.fastq.gz,Lethrus_apterus,4.6,both_sex
Lethrus apterus,Lethrus_apterus,Geotrupidae,Scarabaeiformia,SRR30892904,female,head,head,57215206,PAIRED,https://ftp.sra.ebi.ac.uk/vol1/fastq/SRR308/004/SRR30892904/SRR30892904_1.fastq.gz,https://ftp.sra.ebi.ac.uk/vol1/fastq/SRR308/004/SRR30892904/SRR30892904_2.fastq.gz,Lethrus_apterus,4.8,both_sex
Lethrus apterus,Lethrus_apterus,Geotrupidae,Scarabaeiformia,SRR30903942,female,head,head,56672017,PAIRED,https://ftp.sra.ebi.ac.uk/vol1/fastq/SRR309/042/SRR30903942/SRR30903942_1.fastq.gz,https://ftp.sra.ebi.ac.uk/vol1/fastq/SRR309/042/SRR30903942/SRR30903942_2.fastq.gz,Lethrus_apterus,4.8,both_sex
Lethrus apterus,Lethrus_apterus,Geotrupidae,Scarabaeiformia,SRR30903941,female,head,head,55892121,PAIRED,https://ftp.sra.ebi.ac.uk/vol1/fastq/SRR309/041/SRR30903941/SRR30903941_1.fastq.gz,https://ftp.sra.ebi.ac.uk/vol1/fastq/SRR309/041/SRR30903941/SRR30903941_2.fastq.gz,Lethrus_apterus,4.7,both_sex
Luciola italica,Luciola_italica,Lampyridae,Elateriformia,SRR28547159,male,54-SwLa-LuIta-4-m-B_abdomen,abdomen,35677483,PAIRED,https://ftp.sra.ebi.ac.uk/vol1/fastq/SRR285/059/SRR28547159/SRR28547159_1.fastq.gz,https://ftp.sra.ebi.ac.uk/vol1/fastq/SRR285/059/SRR28547159/SRR28547159_2.fastq.gz,Luciola_italica,3.0,both_sex
Luciola italica,Luciola_italica,Lampyridae,Elateriformia,SRR28547162,male,56-SwLa-LuIta-2-m-B_abdomen,abdomen,34955647,PAIRED,https://ftp.sra.ebi.ac.uk/vol1/fastq/SRR285/062/SRR28547162/SRR28547162_1.fastq.gz,https://ftp.sra.ebi.ac.uk/vol1/fastq/SRR285/062/SRR28547162/SRR28547162_2.fastq.gz,Luciola_italica,2.9,both_sex
Luciola italica,Luciola_italica,Lampyridae,Elateriformia,SRR28547160,male,55-SwLa-LuIta-5-m-B_abdomen,abdomen,34209277,PAIRED,https://ftp.sra.ebi.ac.uk/vol1/fastq/SRR285/060/SRR28547160/SRR28547160_1.fastq.gz,https://ftp.sra.ebi.ac.uk/vol1/fastq/SRR285/060/SRR28547160/SRR28547160_2.fastq.gz,Luciola_italica,2.9,both_sex
Luciola italica,Luciola_italica,Lampyridae,Elateriformia,SRR28547123,female,71-SwLa-LuIta-8-f-B_abdomen,abdomen,36562606,PAIRED,https://ftp.sra.ebi.ac.uk/vol1/fastq/SRR285/023/SRR28547123/SRR28547123_1.fastq.gz,https://ftp.sra.ebi.ac.uk/vol1/fastq/SRR285/023/SRR28547123/SRR28547123_2.fastq.gz,Luciola_italica,3.1,both_sex
Luciola italica,Luciola_italica,Lampyridae,Elateriformia,SRR28547175,female,68-SwLa-LuIta-11-f-B_abdomen,abdomen,34217333,PAIRED,https://ftp.sra.ebi.ac.uk/vol1/fastq/SRR285/075/SRR28547175/SRR28547175_1.fastq.gz,https://ftp.sra.ebi.ac.uk/vol1/fastq/SRR285/075/SRR28547175/SRR28547175_2.fastq.gz,Luciola_italica,2.9,both_sex
Luciola italica,Luciola_italica,Lampyridae,Elateriformia,SRR28547166,female,60-SwLa-LuIta-2-f-B_abdomen,abdomen,32967314,PAIRED,https://ftp.sra.ebi.ac.uk/vol1/fastq/SRR285/066/SRR28547166/SRR28547166_1.fastq.gz,https://ftp.sra.ebi.ac.uk/vol1/fastq/SRR285/066/SRR28547166/SRR28547166_2.fastq.gz,Luciola_italica,2.8,both_sex
Monochamus alternatus,Monochamus_alternatus,Cerambycidae,Cucujiformia,SRR11913972,male,Antenna,antenna,27118086,PAIRED,https://ftp.sra.ebi.ac.uk/vol1/fastq/SRR119/072/SRR11913972/SRR11913972_1.fastq.gz,https://ftp.sra.ebi.ac.uk/vol1/fastq/SRR119/072/SRR11913972/SRR11913972_2.fastq.gz,Monochamus_alternatus,2.3,both_sex
Monochamus alternatus,Monochamus_alternatus,Cerambycidae,Cucujiformia,SRR11913978,male,Antenna,antenna,26882164,PAIRED,https://ftp.sra.ebi.ac.uk/vol1/fastq/SRR119/078/SRR11913978/SRR11913978_1.fastq.gz,https://ftp.sra.ebi.ac.uk/vol1/fastq/SRR119/078/SRR11913978/SRR11913978_2.fastq.gz,Monochamus_alternatus,2.3,both_sex
Monochamus alternatus,Monochamus_alternatus,Cerambycidae,Cucujiformia,SRR11913980,male,Antenna,antenna,26388732,PAIRED,https://ftp.sra.ebi.ac.uk/vol1/fastq/SRR119/080/SRR11913980/SRR11913980_1.fastq.gz,https://ftp.sra.ebi.ac.uk/vol1/fastq/SRR119/080/SRR11913980/SRR11913980_2.fastq.gz,Monochamus_alternatus,2.2,both_sex
Monochamus alternatus,Monochamus_alternatus,Cerambycidae,Cucujiformia,SRR11913958,female,Antenna,antenna,28877847,PAIRED,https://ftp.sra.ebi.ac.uk/vol1/fastq/SRR119/058/SRR11913958/SRR11913958_1.fastq.gz,https://ftp.sra.ebi.ac.uk/vol1/fastq/SRR119/058/SRR11913958/SRR11913958_2.fastq.gz,Monochamus_alternatus,2.4,both_sex
Monochamus alternatus,Monochamus_alternatus,Cerambycidae,Cucujiformia,SRR11913983,female,Antenna,antenna,28346728,PAIRED,https://ftp.sra.ebi.ac.uk/vol1/fastq/SRR119/083/SRR11913983/SRR11913983_1.fastq.gz,https://ftp.sra.ebi.ac.uk/vol1/fastq/SRR119/083/SRR11913983/SRR11913983_2.fastq.gz,Monochamus_alternatus,2.4,both_sex
Monochamus alternatus,Monochamus_alternatus,Cerambycidae,Cucujiformia,SRR11913989,female,Antenna,antenna,25708780,PAIRED,https://ftp.sra.ebi.ac.uk/vol1/fastq/SRR119/089/SRR11913989/SRR11913989_1.fastq.gz,https://ftp.sra.ebi.ac.uk/vol1/fastq/SRR119/089/SRR11913989/SRR11913989_2.fastq.gz,Monochamus_alternatus,2.2,both_sex
Monochamus scutellatus,Monochamus_scutellatus,Cerambycidae,Cucujiformia,SRR19085841,male,Antennae,antenna,8332894,PAIRED,https://ftp.sra.ebi.ac.uk/vol1/fastq/SRR190/041/SRR19085841/SRR19085841_1.fastq.gz,https://ftp.sra.ebi.ac.uk/vol1/fastq/SRR190/041/SRR19085841/SRR19085841_2.fastq.gz,Monochamus_scutellatus,0.7,both_sex
Monochamus scutellatus,Monochamus_scutellatus,Cerambycidae,Cucujiformia,SRR19085839,male,Antennae,antenna,8045335,PAIRED,https://ftp.sra.ebi.ac.uk/vol1/fastq/SRR190/039/SRR19085839/SRR19085839_1.fastq.gz,https://ftp.sra.ebi.ac.uk/vol1/fastq/SRR190/039/SRR19085839/SRR19085839_2.fastq.gz,Monochamus_scutellatus,0.7,both_sex
Monochamus scutellatus,Monochamus_scutellatus,Cerambycidae,Cucujiformia,SRR19085840,male,Antennae,antenna,7778767,PAIRED,https://ftp.sra.ebi.ac.uk/vol1/fastq/SRR190/040/SRR19085840/SRR19085840_1.fastq.gz,https://ftp.sra.ebi.ac.uk/vol1/fastq/SRR190/040/SRR19085840/SRR19085840_2.fastq.gz,Monochamus_scutellatus,0.7,both_sex
Monochamus scutellatus,Monochamus_scutellatus,Cerambycidae,Cucujiformia,SRR19085862,female,Antennae,antenna,8412930,PAIRED,https://ftp.sra.ebi.ac.uk/vol1/fastq/SRR190/062/SRR19085862/SRR19085862_1.fastq.gz,https://ftp.sra.ebi.ac.uk/vol1/fastq/SRR190/062/SRR19085862/SRR19085862_2.fastq.gz,Monochamus_scutellatus,0.7,both_sex
Monochamus scutellatus,Monochamus_scutellatus,Cerambycidae,Cucujiformia,SRR19085873,female,Antennae,antenna,8210323,PAIRED,https://ftp.sra.ebi.ac.uk/vol1/fastq/SRR190/073/SRR19085873/SRR19085873_1.fastq.gz,https://ftp.sra.ebi.ac.uk/vol1/fastq/SRR190/073/SRR19085873/SRR19085873_2.fastq.gz,Monochamus_scutellatus,0.7,both_sex
Monochamus scutellatus,Monochamus_scutellatus,Cerambycidae,Cucujiformia,SRR19085874,female,Antennae,antenna,8154500,PAIRED,https://ftp.sra.ebi.ac.uk/vol1/fastq/SRR190/074/SRR19085874/SRR19085874_1.fastq.gz,https://ftp.sra.ebi.ac.uk/vol1/fastq/SRR190/074/SRR19085874/SRR19085874_2.fastq.gz,Monochamus_scutellatus,0.7,both_sex
Onthophagus taurus,Onthophagus_taurus,Scarabaeidae,Scarabaeiformia,SRR10664691,male,whole body,whole_body,18089105,PAIRED,https://ftp.sra.ebi.ac.uk/vol1/fastq/SRR106/091/SRR10664691/SRR10664691_1.fastq.gz,https://ftp.sra.ebi.ac.uk/vol1/fastq/SRR106/091/SRR10664691/SRR10664691_2.fastq.gz,Onthophagus_taurus,1.5,both_sex
Onthophagus taurus,Onthophagus_taurus,Scarabaeidae,Scarabaeiformia,SRR10664664,male,whole body,whole_body,17146798,PAIRED,https://ftp.sra.ebi.ac.uk/vol1/fastq/SRR106/064/SRR10664664/SRR10664664_1.fastq.gz,https://ftp.sra.ebi.ac.uk/vol1/fastq/SRR106/064/SRR10664664/SRR10664664_2.fastq.gz,Onthophagus_taurus,1.4,both_sex
Onthophagus taurus,Onthophagus_taurus,Scarabaeidae,Scarabaeiformia,SRR10664666,male,whole body,whole_body,16584937,PAIRED,https://ftp.sra.ebi.ac.uk/vol1/fastq/SRR106/066/SRR10664666/SRR10664666_1.fastq.gz,https://ftp.sra.ebi.ac.uk/vol1/fastq/SRR106/066/SRR10664666/SRR10664666_2.fastq.gz,Onthophagus_taurus,1.4,both_sex
Onthophagus taurus,Onthophagus_taurus,Scarabaeidae,Scarabaeiformia,SRR10664633,female,whole body,whole_body,27895241,PAIRED,https://ftp.sra.ebi.ac.uk/vol1/fastq/SRR106/033/SRR10664633/SRR10664633_1.fastq.gz,https://ftp.sra.ebi.ac.uk/vol1/fastq/SRR106/033/SRR10664633/SRR10664633_2.fastq.gz,Onthophagus_taurus,2.3,both_sex
Onthophagus taurus,Onthophagus_taurus,Scarabaeidae,Scarabaeiformia,SRR10664696,female,whole body,whole_body,20729893,PAIRED,https://ftp.sra.ebi.ac.uk/vol1/fastq/SRR106/096/SRR10664696/SRR10664696_1.fastq.gz,https://ftp.sra.ebi.ac.uk/vol1/fastq/SRR106/096/SRR10664696/SRR10664696_2.fastq.gz,Onthophagus_taurus,1.7,both_sex
Onthophagus taurus,Onthophagus_taurus,Scarabaeidae,Scarabaeiformia,SRR10664654,female,whole body,whole_body,17066383,PAIRED,https://ftp.sra.ebi.ac.uk/vol1/fastq/SRR106/054/SRR10664654/SRR10664654_1.fastq.gz,https://ftp.sra.ebi.ac.uk/vol1/fastq/SRR106/054/SRR10664654/SRR10664654_2.fastq.gz,Onthophagus_taurus,1.4,both_sex
Ophraella communa,Ophraella_communa,Chrysomelidae,Cucujiformia,SRR10385638,male,the testis,gonad,20462405,PAIRED,https://ftp.sra.ebi.ac.uk/vol1/fastq/SRR103/038/SRR10385638/SRR10385638_1.fastq.gz,https://ftp.sra.ebi.ac.uk/vol1/fastq/SRR103/038/SRR10385638/SRR10385638_2.fastq.gz,Ophraella_communa,1.7,both_sex
Ophraella communa,Ophraella_communa,Chrysomelidae,Cucujiformia,SRR10385640,male,the testis,gonad,20418959,PAIRED,https://ftp.sra.ebi.ac.uk/vol1/fastq/SRR103/040/SRR10385640/SRR10385640_1.fastq.gz,https://ftp.sra.ebi.ac.uk/vol1/fastq/SRR103/040/SRR10385640/SRR10385640_2.fastq.gz,Ophraella_communa,1.7,both_sex
Ophraella communa,Ophraella_communa,Chrysomelidae,Cucujiformia,SRR10385646,male,the testis,gonad,20387640,PAIRED,https://ftp.sra.ebi.ac.uk/vol1/fastq/SRR103/046/SRR10385646/SRR10385646_1.fastq.gz,https://ftp.sra.ebi.ac.uk/vol1/fastq/SRR103/046/SRR10385646/SRR10385646_2.fastq.gz,Ophraella_communa,1.7,both_sex
Ophraella communa,Ophraella_communa,Chrysomelidae,Cucujiformia,SRR17568641,female,ovary,gonad,191632196,PAIRED,https://ftp.sra.ebi.ac.uk/vol1/fastq/SRR175/041/SRR17568641/SRR17568641_1.fastq.gz,https://ftp.sra.ebi.ac.uk/vol1/fastq/SRR175/041/SRR17568641/SRR17568641_2.fastq.gz,Ophraella_communa,16.1,both_sex
Ophraella communa,Ophraella_communa,Chrysomelidae,Cucujiformia,SRR17568633,female,ovary,gonad,38726011,PAIRED,https://ftp.sra.ebi.ac.uk/vol1/fastq/SRR175/033/SRR17568633/SRR17568633_1.fastq.gz,https://ftp.sra.ebi.ac.uk/vol1/fastq/SRR175/033/SRR17568633/SRR17568633_2.fastq.gz,Ophraella_communa,3.3,both_sex
Ophraella communa,Ophraella_communa,Chrysomelidae,Cucujiformia,SRR17568634,female,ovary,gonad,32134202,PAIRED,https://ftp.sra.ebi.ac.uk/vol1/fastq/SRR175/034/SRR17568634/SRR17568634_1.fastq.gz,https://ftp.sra.ebi.ac.uk/vol1/fastq/SRR175/034/SRR17568634/SRR17568634_2.fastq.gz,Ophraella_communa,2.7,both_sex
Photinus pyralis,Photinus_pyralis,Lampyridae,Elateriformia,SRR6345452,male,whole body,whole_body,31194573,PAIRED,https://ftp.sra.ebi.ac.uk/vol1/fastq/SRR634/002/SRR6345452/SRR6345452_1.fastq.gz,https://ftp.sra.ebi.ac.uk/vol1/fastq/SRR634/002/SRR6345452/SRR6345452_2.fastq.gz,Photinus_pyralis,2.6,both_sex
Photinus pyralis,Photinus_pyralis,Lampyridae,Elateriformia,SRR6345449,female,whole body,whole_body,31480011,PAIRED,https://ftp.sra.ebi.ac.uk/vol1/fastq/SRR634/009/SRR6345449/SRR6345449_1.fastq.gz,https://ftp.sra.ebi.ac.uk/vol1/fastq/SRR634/009/SRR6345449/SRR6345449_2.fastq.gz,Photinus_pyralis,2.6,both_sex
Phyllotreta striolata,Phyllotreta_striolata,Chrysomelidae,Cucujiformia,SRR2758929,male,antenna,antenna,26944874,PAIRED,https://ftp.sra.ebi.ac.uk/vol1/fastq/SRR275/009/SRR2758929/SRR2758929_1.fastq.gz,https://ftp.sra.ebi.ac.uk/vol1/fastq/SRR275/009/SRR2758929/SRR2758929_2.fastq.gz,Phyllotreta_striolata,2.3,both_sex
Phyllotreta striolata,Phyllotreta_striolata,Chrysomelidae,Cucujiformia,SRR2758935,female,antenna,antenna,27392762,PAIRED,https://ftp.sra.ebi.ac.uk/vol1/fastq/SRR275/005/SRR2758935/SRR2758935_1.fastq.gz,https://ftp.sra.ebi.ac.uk/vol1/fastq/SRR275/005/SRR2758935/SRR2758935_2.fastq.gz,Phyllotreta_striolata,2.3,both_sex
Popillia japonica,Popillia_japonica,Scarabaeidae,Scarabaeiformia,SRR20647932,male,whole body,whole_body,51649684,PAIRED,https://ftp.sra.ebi.ac.uk/vol1/fastq/SRR206/032/SRR20647932/SRR20647932_1.fastq.gz,https://ftp.sra.ebi.ac.uk/vol1/fastq/SRR206/032/SRR20647932/SRR20647932_2.fastq.gz,Popillia_japonica,4.3,both_sex
Popillia japonica,Popillia_japonica,Scarabaeidae,Scarabaeiformia,SRR20647950,male,whole body,whole_body,41568118,PAIRED,https://ftp.sra.ebi.ac.uk/vol1/fastq/SRR206/050/SRR20647950/SRR20647950_1.fastq.gz,https://ftp.sra.ebi.ac.uk/vol1/fastq/SRR206/050/SRR20647950/SRR20647950_2.fastq.gz,Popillia_japonica,3.5,both_sex
Popillia japonica,Popillia_japonica,Scarabaeidae,Scarabaeiformia,SRR20647931,male,whole body,whole_body,20700821,PAIRED,https://ftp.sra.ebi.ac.uk/vol1/fastq/SRR206/031/SRR20647931/SRR20647931_1.fastq.gz,https://ftp.sra.ebi.ac.uk/vol1/fastq/SRR206/031/SRR20647931/SRR20647931_2.fastq.gz,Popillia_japonica,1.7,both_sex
Popillia japonica,Popillia_japonica,Scarabaeidae,Scarabaeiformia,SRR20647941,female,whole body,whole_body,51997688,PAIRED,https://ftp.sra.ebi.ac.uk/vol1/fastq/SRR206/041/SRR20647941/SRR20647941_1.fastq.gz,https://ftp.sra.ebi.ac.uk/vol1/fastq/SRR206/041/SRR20647941/SRR20647941_2.fastq.gz,Popillia_japonica,4.4,both_sex
Popillia japonica,Popillia_japonica,Scarabaeidae,Scarabaeiformia,SRR20647943,female,whole body,whole_body,46697613,PAIRED,https://ftp.sra.ebi.ac.uk/vol1/fastq/SRR206/043/SRR20647943/SRR20647943_1.fastq.gz,https://ftp.sra.ebi.ac.uk/vol1/fastq/SRR206/043/SRR20647943/SRR20647943_2.fastq.gz,Popillia_japonica,3.9,both_sex
Popillia japonica,Popillia_japonica,Scarabaeidae,Scarabaeiformia,SRR20647944,female,whole body,whole_body,21184958,PAIRED,https://ftp.sra.ebi.ac.uk/vol1/fastq/SRR206/044/SRR20647944/SRR20647944_1.fastq.gz,https://ftp.sra.ebi.ac.uk/vol1/fastq/SRR206/044/SRR20647944/SRR20647944_2.fastq.gz,Popillia_japonica,1.8,both_sex
Rhynchophorus ferrugineus,Rhynchophorus_ferrugineus,Curculionidae,Cucujiformia,SRR10948182,male,body,whole_body,11136312,PAIRED,https://ftp.sra.ebi.ac.uk/vol1/fastq/SRR109/082/SRR10948182/SRR10948182_1.fastq.gz,https://ftp.sra.ebi.ac.uk/vol1/fastq/SRR109/082/SRR10948182/SRR10948182_2.fastq.gz,Rhynchophorus_ferrugineus,0.9,both_sex
Rhynchophorus ferrugineus,Rhynchophorus_ferrugineus,Curculionidae,Cucujiformia,SRR10948178,male,body,whole_body,10651933,PAIRED,https://ftp.sra.ebi.ac.uk/vol1/fastq/SRR109/078/SRR10948178/SRR10948178_1.fastq.gz,https://ftp.sra.ebi.ac.uk/vol1/fastq/SRR109/078/SRR10948178/SRR10948178_2.fastq.gz,Rhynchophorus_ferrugineus,0.9,both_sex
Rhynchophorus ferrugineus,Rhynchophorus_ferrugineus,Curculionidae,Cucujiformia,SRR10948195,male,body,whole_body,10136066,PAIRED,https://ftp.sra.ebi.ac.uk/vol1/fastq/SRR109/095/SRR10948195/SRR10948195_1.fastq.gz,https://ftp.sra.ebi.ac.uk/vol1/fastq/SRR109/095/SRR10948195/SRR10948195_2.fastq.gz,Rhynchophorus_ferrugineus,0.9,both_sex
Rhynchophorus ferrugineus,Rhynchophorus_ferrugineus,Curculionidae,Cucujiformia,SRR10948167,female,body,whole_body,11894795,PAIRED,https://ftp.sra.ebi.ac.uk/vol1/fastq/SRR109/067/SRR10948167/SRR10948167_1.fastq.gz,https://ftp.sra.ebi.ac.uk/vol1/fastq/SRR109/067/SRR10948167/SRR10948167_2.fastq.gz,Rhynchophorus_ferrugineus,1.0,both_sex
Rhynchophorus ferrugineus,Rhynchophorus_ferrugineus,Curculionidae,Cucujiformia,SRR10948164,female,body,whole_body,10574992,PAIRED,https://ftp.sra.ebi.ac.uk/vol1/fastq/SRR109/064/SRR10948164/SRR10948164_1.fastq.gz,https://ftp.sra.ebi.ac.uk/vol1/fastq/SRR109/064/SRR10948164/SRR10948164_2.fastq.gz,Rhynchophorus_ferrugineus,0.9,both_sex
Rhynchophorus ferrugineus,Rhynchophorus_ferrugineus,Curculionidae,Cucujiformia,SRR10948168,female,body,whole_body,10356606,PAIRED,https://ftp.sra.ebi.ac.uk/vol1/fastq/SRR109/068/SRR10948168/SRR10948168_1.fastq.gz,https://ftp.sra.ebi.ac.uk/vol1/fastq/SRR109/068/SRR10948168/SRR10948168_2.fastq.gz,Rhynchophorus_ferrugineus,0.9,both_sex
Sitophilus zeamais,Sitophilus_zeamais,Curculionidae,Cucujiformia,SRR31951235,male,whole body,whole_body,23935793,PAIRED,https://ftp.sra.ebi.ac.uk/vol1/fastq/SRR319/035/SRR31951235/SRR31951235_1.fastq.gz,https://ftp.sra.ebi.ac.uk/vol1/fastq/SRR319/035/SRR31951235/SRR31951235_2.fastq.gz,Sitophilus_zeamais,2.0,both_sex
Sitophilus zeamais,Sitophilus_zeamais,Curculionidae,Cucujiformia,SRR31951234,female,whole body,whole_body,27284457,PAIRED,https://ftp.sra.ebi.ac.uk/vol1/fastq/SRR319/034/SRR31951234/SRR31951234_1.fastq.gz,https://ftp.sra.ebi.ac.uk/vol1/fastq/SRR319/034/SRR31951234/SRR31951234_2.fastq.gz,Sitophilus_zeamais,2.3,both_sex
Tenebrio molitor,Tenebrio_molitor,Tenebrionidae,Cucujiformia,SRR28672077,male,whole body,whole_body,25045738,PAIRED,https://ftp.sra.ebi.ac.uk/vol1/fastq/SRR286/077/SRR28672077/SRR28672077_1.fastq.gz,https://ftp.sra.ebi.ac.uk/vol1/fastq/SRR286/077/SRR28672077/SRR28672077_2.fastq.gz,Tenebrio_molitor,2.1,both_sex
Tenebrio molitor,Tenebrio_molitor,Tenebrionidae,Cucujiformia,SRR28672079,male,whole body,whole_body,13964386,PAIRED,https://ftp.sra.ebi.ac.uk/vol1/fastq/SRR286/079/SRR28672079/SRR28672079_1.fastq.gz,https://ftp.sra.ebi.ac.uk/vol1/fastq/SRR286/079/SRR28672079/SRR28672079_2.fastq.gz,Tenebrio_molitor,1.2,both_sex
Tenebrio molitor,Tenebrio_molitor,Tenebrionidae,Cucujiformia,SRR28672067,male,whole body,whole_body,10478459,PAIRED,https://ftp.sra.ebi.ac.uk/vol1/fastq/SRR286/067/SRR28672067/SRR28672067_1.fastq.gz,https://ftp.sra.ebi.ac.uk/vol1/fastq/SRR286/067/SRR28672067/SRR28672067_2.fastq.gz,Tenebrio_molitor,0.9,both_sex
Tenebrio molitor,Tenebrio_molitor,Tenebrionidae,Cucujiformia,SRR12235350,female,full body,whole_body,70286994,PAIRED,https://ftp.sra.ebi.ac.uk/vol1/fastq/SRR122/050/SRR12235350/SRR12235350_1.fastq.gz,https://ftp.sra.ebi.ac.uk/vol1/fastq/SRR122/050/SRR12235350/SRR12235350_2.fastq.gz,Tenebrio_molitor,5.9,both_sex
Tenebrio molitor,Tenebrio_molitor,Tenebrionidae,Cucujiformia,SRR12235349,female,full body,whole_body,51296700,PAIRED,https://ftp.sra.ebi.ac.uk/vol1/fastq/SRR122/049/SRR12235349/SRR12235349_1.fastq.gz,https://ftp.sra.ebi.ac.uk/vol1/fastq/SRR122/049/SRR12235349/SRR12235349_2.fastq.gz,Tenebrio_molitor,4.3,both_sex
Tenebrio molitor,Tenebrio_molitor,Tenebrionidae,Cucujiformia,SRR28672076,female,whole body,whole_body,23156929,PAIRED,https://ftp.sra.ebi.ac.uk/vol1/fastq/SRR286/076/SRR28672076/SRR28672076_1.fastq.gz,https://ftp.sra.ebi.ac.uk/vol1/fastq/SRR286/076/SRR28672076/SRR28672076_2.fastq.gz,Tenebrio_molitor,1.9,both_sex
Tomicus yunnanensis,Tomicus_yunnanensis,Curculionidae,Cucujiformia,SRR26947140,male,Male reproductive systems,gonad,20037109,PAIRED,https://ftp.sra.ebi.ac.uk/vol1/fastq/SRR269/040/SRR26947140/SRR26947140_1.fastq.gz,https://ftp.sra.ebi.ac.uk/vol1/fastq/SRR269/040/SRR26947140/SRR26947140_2.fastq.gz,Tomicus_yunnanensis,1.7,both_sex
Tomicus yunnanensis,Tomicus_yunnanensis,Curculionidae,Cucujiformia,SRR26947139,male,Male residual bodies,gonad,19992941,PAIRED,https://ftp.sra.ebi.ac.uk/vol1/fastq/SRR269/039/SRR26947139/SRR26947139_1.fastq.gz,https://ftp.sra.ebi.ac.uk/vol1/fastq/SRR269/039/SRR26947139/SRR26947139_2.fastq.gz,Tomicus_yunnanensis,1.7,both_sex
Tomicus yunnanensis,Tomicus_yunnanensis,Curculionidae,Cucujiformia,SRR26947141,female,Female residual bodies,gonad,34349793,PAIRED,https://ftp.sra.ebi.ac.uk/vol1/fastq/SRR269/041/SRR26947141/SRR26947141_1.fastq.gz,https://ftp.sra.ebi.ac.uk/vol1/fastq/SRR269/041/SRR26947141/SRR26947141_2.fastq.gz,Tomicus_yunnanensis,2.9,both_sex
Tomicus yunnanensis,Tomicus_yunnanensis,Curculionidae,Cucujiformia,SRR26947142,female,Female reproductive systems,gonad,23299853,PAIRED,https://ftp.sra.ebi.ac.uk/vol1/fastq/SRR269/042/SRR26947142/SRR26947142_1.fastq.gz,https://ftp.sra.ebi.ac.uk/vol1/fastq/SRR269/042/SRR26947142/SRR26947142_2.fastq.gz,Tomicus_yunnanensis,2.0,both_sex
Tribolium confusum,Tribolium_confusum,Tenebrionidae,Cucujiformia,SRR14070859,male,Head and Prothorax,head,79901512,PAIRED,https://ftp.sra.ebi.ac.uk/vol1/fastq/SRR140/059/SRR14070859/SRR14070859_1.fastq.gz,https://ftp.sra.ebi.ac.uk/vol1/fastq/SRR140/059/SRR14070859/SRR14070859_2.fastq.gz,Tribolium_confusum,6.7,both_sex
Tribolium confusum,Tribolium_confusum,Tenebrionidae,Cucujiformia,SRR14070858,male,Head and Prothorax,head,41282032,PAIRED,https://ftp.sra.ebi.ac.uk/vol1/fastq/SRR140/058/SRR14070858/SRR14070858_1.fastq.gz,https://ftp.sra.ebi.ac.uk/vol1/fastq/SRR140/058/SRR14070858/SRR14070858_2.fastq.gz,Tribolium_confusum,3.5,both_sex
Tribolium confusum,Tribolium_confusum,Tenebrionidae,Cucujiformia,SRR23136102,male,head,head,31286581,PAIRED,https://ftp.sra.ebi.ac.uk/vol1/fastq/SRR231/002/SRR23136102/SRR23136102_1.fastq.gz,https://ftp.sra.ebi.ac.uk/vol1/fastq/SRR231/002/SRR23136102/SRR23136102_2.fastq.gz,Tribolium_confusum,2.6,both_sex
Tribolium confusum,Tribolium_confusum,Tenebrionidae,Cucujiformia,SRR14070857,female,Head and Prothorax,head,75025791,PAIRED,https://ftp.sra.ebi.ac.uk/vol1/fastq/SRR140/057/SRR14070857/SRR14070857_1.fastq.gz,https://ftp.sra.ebi.ac.uk/vol1/fastq/SRR140/057/SRR14070857/SRR14070857_2.fastq.gz,Tribolium_confusum,6.3,both_sex
Tribolium confusum,Tribolium_confusum,Tenebrionidae,Cucujiformia,SRR14070856,female,Head and Prothorax,head,39952621,PAIRED,https://ftp.sra.ebi.ac.uk/vol1/fastq/SRR140/056/SRR14070856/SRR14070856_1.fastq.gz,https://ftp.sra.ebi.ac.uk/vol1/fastq/SRR140/056/SRR14070856/SRR14070856_2.fastq.gz,Tribolium_confusum,3.4,both_sex
Tribolium confusum,Tribolium_confusum,Tenebrionidae,Cucujiformia,SRR23136101,female,head,head,31926010,PAIRED,https://ftp.sra.ebi.ac.uk/vol1/fastq/SRR231/001/SRR23136101/SRR23136101_1.fastq.gz,https://ftp.sra.ebi.ac.uk/vol1/fastq/SRR231/001/SRR23136101/SRR23136101_2.fastq.gz,Tribolium_confusum,2.7,both_sex
Tribolium freemani,Tribolium_freemani,Tenebrionidae,Cucujiformia,SRR10079131,male,testes,gonad,20318541,SINGLE,https://ftp.sra.ebi.ac.uk/vol1/fastq/SRR100/031/SRR10079131/SRR10079131.fastq.gz,,Tribolium_freemani,0.9,both_sex
Tribolium freemani,Tribolium_freemani,Tenebrionidae,Cucujiformia,SRR10075604,male,testes,gonad,11902977,SINGLE,https://ftp.sra.ebi.ac.uk/vol1/fastq/SRR100/004/SRR10075604/SRR10075604.fastq.gz,,Tribolium_freemani,0.5,both_sex
Tribolium freemani,Tribolium_freemani,Tenebrionidae,Cucujiformia,SRR10079130,female,ovary,gonad,27742999,SINGLE,https://ftp.sra.ebi.ac.uk/vol1/fastq/SRR100/030/SRR10079130/SRR10079130.fastq.gz,,Tribolium_freemani,1.2,both_sex
Tribolium freemani,Tribolium_freemani,Tenebrionidae,Cucujiformia,SRR10075603,female,ovary,gonad,12651411,SINGLE,https://ftp.sra.ebi.ac.uk/vol1/fastq/SRR100/003/SRR10075603/SRR10075603.fastq.gz,,Tribolium_freemani,0.5,both_sex
Trypoxylus dichotomus,Trypoxylus_dichotomus,Scarabaeidae,Scarabaeiformia,SRR7906913,male,hdhorn,hdhorn,35789073,PAIRED,https://ftp.sra.ebi.ac.uk/vol1/fastq/SRR790/003/SRR7906913/SRR7906913_1.fastq.gz,https://ftp.sra.ebi.ac.uk/vol1/fastq/SRR790/003/SRR7906913/SRR7906913_2.fastq.gz,Trypoxylus_dichotomus,3.0,both_sex
Trypoxylus dichotomus,Trypoxylus_dichotomus,Scarabaeidae,Scarabaeiformia,SRR7906916,male,hdhorn,hdhorn,29718541,PAIRED,https://ftp.sra.ebi.ac.uk/vol1/fastq/SRR790/006/SRR7906916/SRR7906916_1.fastq.gz,https://ftp.sra.ebi.ac.uk/vol1/fastq/SRR790/006/SRR7906916/SRR7906916_2.fastq.gz,Trypoxylus_dichotomus,2.5,both_sex
Trypoxylus dichotomus,Trypoxylus_dichotomus,Scarabaeidae,Scarabaeiformia,SRR7906905,male,hdhorn,hdhorn,28367628,PAIRED,https://ftp.sra.ebi.ac.uk/vol1/fastq/SRR790/005/SRR7906905/SRR7906905_1.fastq.gz,https://ftp.sra.ebi.ac.uk/vol1/fastq/SRR790/005/SRR7906905/SRR7906905_2.fastq.gz,Trypoxylus_dichotomus,2.4,both_sex
Trypoxylus dichotomus,Trypoxylus_dichotomus,Scarabaeidae,Scarabaeiformia,SRR7906901,female,hdhorn,hdhorn,33457463,PAIRED,https://ftp.sra.ebi.ac.uk/vol1/fastq/SRR790/001/SRR7906901/SRR7906901_1.fastq.gz,https://ftp.sra.ebi.ac.uk/vol1/fastq/SRR790/001/SRR7906901/SRR7906901_2.fastq.gz,Trypoxylus_dichotomus,2.8,both_sex
Trypoxylus dichotomus,Trypoxylus_dichotomus,Scarabaeidae,Scarabaeiformia,SRR7906932,female,hdhorn,hdhorn,31039938,PAIRED,https://ftp.sra.ebi.ac.uk/vol1/fastq/SRR790/002/SRR7906932/SRR7906932_1.fastq.gz,https://ftp.sra.ebi.ac.uk/vol1/fastq/SRR790/002/SRR7906932/SRR7906932_2.fastq.gz,Trypoxylus_dichotomus,2.6,both_sex
Trypoxylus dichotomus,Trypoxylus_dichotomus,Scarabaeidae,Scarabaeiformia,SRR7906919,female,hdhorn,hdhorn,28948648,PAIRED,https://ftp.sra.ebi.ac.uk/vol1/fastq/SRR790/009/SRR7906919/SRR7906919_1.fastq.gz,https://ftp.sra.ebi.ac.uk/vol1/fastq/SRR790/009/SRR7906919/SRR7906919_2.fastq.gz,Trypoxylus_dichotomus,2.4,both_sex
Ulomoides dermestoides,Ulomoides_dermestoides,Tenebrionidae,Cucujiformia,SRR29816048,male,Whole body,whole_body,18300047,PAIRED,https://ftp.sra.ebi.ac.uk/vol1/fastq/SRR298/048/SRR29816048/SRR29816048_1.fastq.gz,https://ftp.sra.ebi.ac.uk/vol1/fastq/SRR298/048/SRR29816048/SRR29816048_2.fastq.gz,Ulomoides_dermestoides,1.5,both_sex
Ulomoides dermestoides,Ulomoides_dermestoides,Tenebrionidae,Cucujiformia,SRR29816049,male,Whole body,whole_body,16686840,PAIRED,https://ftp.sra.ebi.ac.uk/vol1/fastq/SRR298/049/SRR29816049/SRR29816049_1.fastq.gz,https://ftp.sra.ebi.ac.uk/vol1/fastq/SRR298/049/SRR29816049/SRR29816049_2.fastq.gz,Ulomoides_dermestoides,1.4,both_sex
Ulomoides dermestoides,Ulomoides_dermestoides,Tenebrionidae,Cucujiformia,SRR29816047,female,Whole body,whole_body,24198435,PAIRED,https://ftp.sra.ebi.ac.uk/vol1/fastq/SRR298/047/SRR29816047/SRR29816047_1.fastq.gz,https://ftp.sra.ebi.ac.uk/vol1/fastq/SRR298/047/SRR29816047/SRR29816047_2.fastq.gz,Ulomoides_dermestoides,2.0,both_sex
Catharsius molossus,Catharsius_molossus,Scarabaeidae,Scarabaeiformia,SRR13921782,male,Reproductive Tissues,gonad,27178102,PAIRED,https://ftp.sra.ebi.ac.uk/vol1/fastq/SRR139/082/SRR13921782/SRR13921782_1.fastq.gz,https://ftp.sra.ebi.ac.uk/vol1/fastq/SRR139/082/SRR13921782/SRR13921782_2.fastq.gz,Catharsius_molossus,2.3,male_only
Catharsius molossus,Catharsius_molossus,Scarabaeidae,Scarabaeiformia,SRR13921899,male,Reproductive Tissues,gonad,27068085,PAIRED,https://ftp.sra.ebi.ac.uk/vol1/fastq/SRR139/099/SRR13921899/SRR13921899_1.fastq.gz,https://ftp.sra.ebi.ac.uk/vol1/fastq/SRR139/099/SRR13921899/SRR13921899_2.fastq.gz,Catharsius_molossus,2.3,male_only
Catharsius molossus,Catharsius_molossus,Scarabaeidae,Scarabaeiformia,SRR13921900,male,Reproductive Tissues,gonad,24670727,PAIRED,https://ftp.sra.ebi.ac.uk/vol1/fastq/SRR139/000/SRR13921900/SRR13921900_1.fastq.gz,https://ftp.sra.ebi.ac.uk/vol1/fastq/SRR139/000/SRR13921900/SRR13921900_2.fastq.gz,Catharsius_molossus,2.1,male_only
Dendroctonus valens,Dendroctonus_valens,Curculionidae,Cucujiformia,SRR11210694,female,whole adult,whole_body,27824809,PAIRED,https://ftp.sra.ebi.ac.uk/vol1/fastq/SRR112/094/SRR11210694/SRR11210694_1.fastq.gz,https://ftp.sra.ebi.ac.uk/vol1/fastq/SRR112/094/SRR11210694/SRR11210694_2.fastq.gz,Dendroctonus_valens,2.3,female_only
Dendroctonus valens,Dendroctonus_valens,Curculionidae,Cucujiformia,SRR11210697,female,whole adult,whole_body,27004005,PAIRED,https://ftp.sra.ebi.ac.uk/vol1/fastq/SRR112/097/SRR11210697/SRR11210697_1.fastq.gz,https://ftp.sra.ebi.ac.uk/vol1/fastq/SRR112/097/SRR11210697/SRR11210697_2.fastq.gz,Dendroctonus_valens,2.3,female_only
Dendroctonus valens,Dendroctonus_valens,Curculionidae,Cucujiformia,SRR11210700,female,whole adult,whole_body,26403501,PAIRED,https://ftp.sra.ebi.ac.uk/vol1/fastq/SRR112/000/SRR11210700/SRR11210700_1.fastq.gz,https://ftp.sra.ebi.ac.uk/vol1/fastq/SRR112/000/SRR11210700/SRR11210700_2.fastq.gz,Dendroctonus_valens,2.2,female_only
Diorhabda sublineata,Diorhabda_sublineata,Chrysomelidae,Cucujiformia,SRR20408717,female,head,head,45920924,PAIRED,https://ftp.sra.ebi.ac.uk/vol1/fastq/SRR204/017/SRR20408717/SRR20408717_1.fastq.gz,https://ftp.sra.ebi.ac.uk/vol1/fastq/SRR204/017/SRR20408717/SRR20408717_2.fastq.gz,Diorhabda_sublineata,3.9,female_only
Diorhabda sublineata,Diorhabda_sublineata,Chrysomelidae,Cucujiformia,SRR20408716,female,thorax,thorax,44734570,PAIRED,https://ftp.sra.ebi.ac.uk/vol1/fastq/SRR204/016/SRR20408716/SRR20408716_1.fastq.gz,https://ftp.sra.ebi.ac.uk/vol1/fastq/SRR204/016/SRR20408716/SRR20408716_2.fastq.gz,Diorhabda_sublineata,3.8,female_only
Diorhabda sublineata,Diorhabda_sublineata,Chrysomelidae,Cucujiformia,SRR20408715,female,abdomen,abdomen,42639381,PAIRED,https://ftp.sra.ebi.ac.uk/vol1/fastq/SRR204/015/SRR20408715/SRR20408715_1.fastq.gz,https://ftp.sra.ebi.ac.uk/vol1/fastq/SRR204/015/SRR20408715/SRR20408715_2.fastq.gz,Diorhabda_sublineata,3.6,female_only
Dynastes maya,Dynastes_maya,Scarabaeidae,Scarabaeiformia,SRR21205441,male,musscle,musscle,38761481,PAIRED,https://ftp.sra.ebi.ac.uk/vol1/fastq/SRR212/041/SRR21205441/SRR21205441_1.fastq.gz,https://ftp.sra.ebi.ac.uk/vol1/fastq/SRR212/041/SRR21205441/SRR21205441_2.fastq.gz,Dynastes_maya,3.3,male_only
Dynastes maya,Dynastes_maya,Scarabaeidae,Scarabaeiformia,SRR21205443,male,musscle,musscle,38686094,PAIRED,https://ftp.sra.ebi.ac.uk/vol1/fastq/SRR212/043/SRR21205443/SRR21205443_1.fastq.gz,https://ftp.sra.ebi.ac.uk/vol1/fastq/SRR212/043/SRR21205443/SRR21205443_2.fastq.gz,Dynastes_maya,3.2,male_only
Dynastes maya,Dynastes_maya,Scarabaeidae,Scarabaeiformia,SRR21205442,male,musscle,musscle,34292198,PAIRED,https://ftp.sra.ebi.ac.uk/vol1/fastq/SRR212/042/SRR21205442/SRR21205442_1.fastq.gz,https://ftp.sra.ebi.ac.uk/vol1/fastq/SRR212/042/SRR21205442/SRR21205442_2.fastq.gz,Dynastes_maya,2.9,male_only
Hippodamia convergens,Hippodamia_convergens,Coccinellidae,Cucujiformia,SRR15420705,female,Whole body,whole_body,24633003,PAIRED,https://ftp.sra.ebi.ac.uk/vol1/fastq/SRR154/005/SRR15420705/SRR15420705_1.fastq.gz,https://ftp.sra.ebi.ac.uk/vol1/fastq/SRR154/005/SRR15420705/SRR15420705_2.fastq.gz,Hippodamia_convergens,2.1,female_only
Hippodamia convergens,Hippodamia_convergens,Coccinellidae,Cucujiformia,SRR15420719,female,Whole body,whole_body,24283980,PAIRED,https://ftp.sra.ebi.ac.uk/vol1/fastq/SRR154/019/SRR15420719/SRR15420719_1.fastq.gz,https://ftp.sra.ebi.ac.uk/vol1/fastq/SRR154/019/SRR15420719/SRR15420719_2.fastq.gz,Hippodamia_convergens,2.0,female_only
Hippodamia convergens,Hippodamia_convergens,Coccinellidae,Cucujiformia,SRR15420718,female,Whole body,whole_body,22544917,PAIRED,https://ftp.sra.ebi.ac.uk/vol1/fastq/SRR154/018/SRR15420718/SRR15420718_1.fastq.gz,https://ftp.sra.ebi.ac.uk/vol1/fastq/SRR154/018/SRR15420718/SRR15420718_2.fastq.gz,Hippodamia_convergens,1.9,female_only
Ichthyurus bourgeoisi,Ichthyurus_bourgeoisi,Cantharidae,Elateriformia,SRR35194796,male,whole body,whole_body,42583761,PAIRED,https://ftp.sra.ebi.ac.uk/vol1/fastq/SRR351/096/SRR35194796/SRR35194796_1.fastq.gz,https://ftp.sra.ebi.ac.uk/vol1/fastq/SRR351/096/SRR35194796/SRR35194796_2.fastq.gz,Ichthyurus_bourgeoisi,3.6,male_only
Ichthyurus bourgeoisi,Ichthyurus_bourgeoisi,Cantharidae,Elateriformia,SRR35194798,male,whole body,whole_body,32661213,PAIRED,https://ftp.sra.ebi.ac.uk/vol1/fastq/SRR351/098/SRR35194798/SRR35194798_1.fastq.gz,https://ftp.sra.ebi.ac.uk/vol1/fastq/SRR351/098/SRR35194798/SRR35194798_2.fastq.gz,Ichthyurus_bourgeoisi,2.7,male_only
Onthophagus sagittarius,Onthophagus_sagittarius,Scarabaeidae,Scarabaeiformia,SRR11146442,male,epidermis,epidermis,17319690,SINGLE,https://ftp.sra.ebi.ac.uk/vol1/fastq/SRR111/042/SRR11146442/SRR11146442.fastq.gz,,Onthophagus_sagittarius,0.7,male_only
Onthophagus sagittarius,Onthophagus_sagittarius,Scarabaeidae,Scarabaeiformia,SRR11146443,male,epidermis,epidermis,14820049,SINGLE,https://ftp.sra.ebi.ac.uk/vol1/fastq/SRR111/043/SRR11146443/SRR11146443.fastq.gz,,Onthophagus_sagittarius,0.6,male_only
Onthophagus sagittarius,Onthophagus_sagittarius,Scarabaeidae,Scarabaeiformia,SRR11146429,male,epidermis,epidermis,14776974,SINGLE,https://ftp.sra.ebi.ac.uk/vol1/fastq/SRR111/029/SRR11146429/SRR11146429.fastq.gz,,Onthophagus_sagittarius,0.6,male_only
Oryctes rhinoceros,Oryctes_rhinoceros,Scarabaeidae,Scarabaeiformia,SRR9208137,female,Midgut Wall,gut,14947550,PAIRED,https://ftp.sra.ebi.ac.uk/vol1/fastq/SRR920/007/SRR9208137/SRR9208137_1.fastq.gz,https://ftp.sra.ebi.ac.uk/vol1/fastq/SRR920/007/SRR9208137/SRR9208137_2.fastq.gz,Oryctes_rhinoceros,1.3,female_only
Oryctes rhinoceros,Oryctes_rhinoceros,Scarabaeidae,Scarabaeiformia,SRR9208138,female,Hindgut Wall,gut,13000815,PAIRED,https://ftp.sra.ebi.ac.uk/vol1/fastq/SRR920/008/SRR9208138/SRR9208138_1.fastq.gz,https://ftp.sra.ebi.ac.uk/vol1/fastq/SRR920/008/SRR9208138/SRR9208138_2.fastq.gz,Oryctes_rhinoceros,1.1,female_only
Osmylus fulvicephalus,Osmylus_fulvicephalus,Osmylidae,Neuroptera,ERR16768438,female,,unspecified,91878616,PAIRED,https://ftp.sra.ebi.ac.uk/vol1/fastq/ERR167/038/ERR16768438/ERR16768438_1.fastq.gz,https://ftp.sra.ebi.ac.uk/vol1/fastq/ERR167/038/ERR16768438/ERR16768438_2.fastq.gz,Osmylus_fulvicephalus,7.7,female_only
Osmylus fulvicephalus,Osmylus_fulvicephalus,Osmylidae,Neuroptera,ERR16768439,female,,unspecified,90711467,PAIRED,https://ftp.sra.ebi.ac.uk/vol1/fastq/ERR167/039/ERR16768439/ERR16768439_1.fastq.gz,https://ftp.sra.ebi.ac.uk/vol1/fastq/ERR167/039/ERR16768439/ERR16768439_2.fastq.gz,Osmylus_fulvicephalus,7.6,female_only
Phanaeus vindex,Phanaeus_vindex,Scarabaeidae,Scarabaeiformia,SRR12764399,female,Whole body,whole_body,28439238,PAIRED,https://ftp.sra.ebi.ac.uk/vol1/fastq/SRR127/099/SRR12764399/SRR12764399_1.fastq.gz,https://ftp.sra.ebi.ac.uk/vol1/fastq/SRR127/099/SRR12764399/SRR12764399_2.fastq.gz,Phanaeus_vindex,2.4,female_only
Phanaeus vindex,Phanaeus_vindex,Scarabaeidae,Scarabaeiformia,SRR12764402,female,Whole body,whole_body,27101014,PAIRED,https://ftp.sra.ebi.ac.uk/vol1/fastq/SRR127/002/SRR12764402/SRR12764402_1.fastq.gz,https://ftp.sra.ebi.ac.uk/vol1/fastq/SRR127/002/SRR12764402/SRR12764402_2.fastq.gz,Phanaeus_vindex,2.3,female_only
Phanaeus vindex,Phanaeus_vindex,Scarabaeidae,Scarabaeiformia,SRR12764398,female,Whole body,whole_body,25504455,PAIRED,https://ftp.sra.ebi.ac.uk/vol1/fastq/SRR127/098/SRR12764398/SRR12764398_1.fastq.gz,https://ftp.sra.ebi.ac.uk/vol1/fastq/SRR127/098/SRR12764398/SRR12764398_2.fastq.gz,Phanaeus_vindex,2.1,female_only
Propomacrus cypriacus,Propomacrus_cypriacus,Glaphyridae,Cucujiformia,ERR16768442,female,,unspecified,71130000,PAIRED,https://ftp.sra.ebi.ac.uk/vol1/fastq/ERR167/042/ERR16768442/ERR16768442_1.fastq.gz,https://ftp.sra.ebi.ac.uk/vol1/fastq/ERR167/042/ERR16768442/ERR16768442_2.fastq.gz,Propomacrus_cypriacus,6.0,female_only
Propomacrus cypriacus,Propomacrus_cypriacus,Glaphyridae,Cucujiformia,ERR16768443,female,,unspecified,70591726,PAIRED,https://ftp.sra.ebi.ac.uk/vol1/fastq/ERR167/043/ERR16768443/ERR16768443_1.fastq.gz,https://ftp.sra.ebi.ac.uk/vol1/fastq/ERR167/043/ERR16768443/ERR16768443_2.fastq.gz,Propomacrus_cypriacus,5.9,female_only
Propylea japonica,Propylea_japonica,Coccinellidae,Cucujiformia,SRR18494824,female,whole body,whole_body,24315147,PAIRED,https://ftp.sra.ebi.ac.uk/vol1/fastq/SRR184/024/SRR18494824/SRR18494824_1.fastq.gz,https://ftp.sra.ebi.ac.uk/vol1/fastq/SRR184/024/SRR18494824/SRR18494824_2.fastq.gz,Propylea_japonica,2.0,female_only
Propylea japonica,Propylea_japonica,Coccinellidae,Cucujiformia,SRR18494822,female,whole body,whole_body,23776393,PAIRED,https://ftp.sra.ebi.ac.uk/vol1/fastq/SRR184/022/SRR18494822/SRR18494822_1.fastq.gz,https://ftp.sra.ebi.ac.uk/vol1/fastq/SRR184/022/SRR18494822/SRR18494822_2.fastq.gz,Propylea_japonica,2.0,female_only
Propylea japonica,Propylea_japonica,Coccinellidae,Cucujiformia,SRR18494825,female,whole body,whole_body,23749202,PAIRED,https://ftp.sra.ebi.ac.uk/vol1/fastq/SRR184/025/SRR18494825/SRR18494825_1.fastq.gz,https://ftp.sra.ebi.ac.uk/vol1/fastq/SRR184/025/SRR18494825/SRR18494825_2.fastq.gz,Propylea_japonica,2.0,female_only
Sitophilus oryzae,Sitophilus_oryzae,Curculionidae,Cucujiformia,SRR22996217,female,germarium,germarium,40502109,SINGLE,https://ftp.sra.ebi.ac.uk/vol1/fastq/SRR229/017/SRR22996217/SRR22996217.fastq.gz,,Sitophilus_oryzae,1.7,female_only
Sitophilus oryzae,Sitophilus_oryzae,Curculionidae,Cucujiformia,SRR22996224,female,germarium,germarium,38870062,SINGLE,https://ftp.sra.ebi.ac.uk/vol1/fastq/SRR229/024/SRR22996224/SRR22996224.fastq.gz,,Sitophilus_oryzae,1.6,female_only
Sitophilus oryzae,Sitophilus_oryzae,Curculionidae,Cucujiformia,SRR22996221,female,germarium,germarium,35196692,SINGLE,https://ftp.sra.ebi.ac.uk/vol1/fastq/SRR229/021/SRR22996221/SRR22996221.fastq.gz,,Sitophilus_oryzae,1.5,female_only
Tribolium castaneum,Tribolium_castaneum,Tenebrionidae,Cucujiformia,SRR37519215,female,Whole insect,whole_body,28986985,PAIRED,https://ftp.sra.ebi.ac.uk/vol1/fastq/SRR375/015/SRR37519215/SRR37519215_1.fastq.gz,https://ftp.sra.ebi.ac.uk/vol1/fastq/SRR375/015/SRR37519215/SRR37519215_2.fastq.gz,Tribolium_castaneum,2.4,female_only
Tribolium castaneum,Tribolium_castaneum,Tenebrionidae,Cucujiformia,SRR37519213,female,Whole insect,whole_body,24960582,PAIRED,https://ftp.sra.ebi.ac.uk/vol1/fastq/SRR375/013/SRR37519213/SRR37519213_1.fastq.gz,https://ftp.sra.ebi.ac.uk/vol1/fastq/SRR375/013/SRR37519213/SRR37519213_2.fastq.gz,Tribolium_castaneum,2.1,female_only
Tribolium castaneum,Tribolium_castaneum,Tenebrionidae,Cucujiformia,SRR37519218,female,Whole insect,whole_body,24131296,PAIRED,https://ftp.sra.ebi.ac.uk/vol1/fastq/SRR375/018/SRR37519218/SRR37519218_1.fastq.gz,https://ftp.sra.ebi.ac.uk/vol1/fastq/SRR375/018/SRR37519218/SRR37519218_2.fastq.gz,Tribolium_castaneum,2.0,female_only
Tribolium madens,Tribolium_madens,Tenebrionidae,Cucujiformia,SRR27474715,female,whole beetle,whole_body,23971422,PAIRED,https://ftp.sra.ebi.ac.uk/vol1/fastq/SRR274/015/SRR27474715/SRR27474715_1.fastq.gz,https://ftp.sra.ebi.ac.uk/vol1/fastq/SRR274/015/SRR27474715/SRR27474715_2.fastq.gz,Tribolium_madens,2.0,female_only
Tribolium madens,Tribolium_madens,Tenebrionidae,Cucujiformia,SRR27474719,female,whole beetle,whole_body,22506369,PAIRED,https://ftp.sra.ebi.ac.uk/vol1/fastq/SRR274/019/SRR27474719/SRR27474719_1.fastq.gz,https://ftp.sra.ebi.ac.uk/vol1/fastq/SRR274/019/SRR27474719/SRR27474719_2.fastq.gz,Tribolium_madens,1.9,female_only
Tribolium madens,Tribolium_madens,Tenebrionidae,Cucujiformia,SRR15809234,female,whole body,whole_body,22112658,PAIRED,https://ftp.sra.ebi.ac.uk/vol1/fastq/SRR158/034/SRR15809234/SRR15809234_1.fastq.gz,https://ftp.sra.ebi.ac.uk/vol1/fastq/SRR158/034/SRR15809234/SRR15809234_2.fastq.gz,Tribolium_madens,1.9,female_only
