date,session,phase,task,ai_tool,action,output_files,lines_of_code,human_review,status
2026-03-21,1,Phase 2,1.1 NCBI Genome Mining,Claude (Cowork),"Queried NCBI Datasets API v2 for all Coleoptera (taxid 7041) and Neuropterida (Raphidioptera 50482, Megaloptera 50553, Neuroptera 7516) genome assemblies. Paginated through 971 Coleoptera + 150 Neuropterida records.",data/genomes/genome_catalog.csv,~200 (Python),"Heath reviewed schema, approved fields and outgroup selection",Complete
2026-03-21,1,Phase 2,1.2 Taxonomy Assignment,Claude (Cowork),"Batch-queried NCBI Taxonomy (efetch) for 560 Coleoptera + 127 Neuropterida tax IDs. Extracted family, superfamily, suborder, order lineage for each species. Merged into genome catalog.",data/genomes/genome_catalog.csv (taxonomy columns),~100 (Python),Automated - standard NCBI taxonomy,Complete
2026-03-21,2,Phase 2,1.3 Catalog Cleanup & Dedup,Claude (Cowork),"Identified and removed 22 GCA/GCF mirror pairs. Scored assemblies (assembly level, scaffold N50, RefSeq status, annotation). Selected best genome per species (687 primary selections from 1,121 raw assemblies).","data/genomes/genome_catalog_primary.csv, genome_catalog_scored.csv; results/phase2_genome_inventory/catalog_cleanup_report.txt",~150 (Python),Pending - Heath to review primary selections,Complete
2026-03-21,2,Phase 2,1.5 Download Infrastructure,Claude (Cowork),Generated SLURM array job (439-task array with 20-job throttle) and standalone bash download script. Created accession list and download manifest. Scripts use NCBI datasets CLI with curl fallback.,"scripts/phase2/download_genomes.slurm, download_genomes.sh, accessions_to_download.txt; results/phase2_genome_inventory/download_manifest.csv",~120 (SLURM + bash),Pending - student to execute on Grace,Complete
2026-03-21,2,Phase 2,1.5 Restriction Audit,Claude (Cowork),Audited all 687 primary genomes for data use restrictions. Classified by risk level (LOW/MEDIUM/HIGH). All primary selections are LOW risk (published/RefSeq). Full catalog has 284 EBP/DToL genomes flagged for verification if needed later.,"results/phase2_genome_inventory/restriction_audit.csv, restriction_audit_report.txt, restriction_audit_full_catalog.csv",~100 (Python),Automated risk classification; student verification only if adding non-primary genomes,Complete
2026-03-21,2,Phase 2,1.6 Constraint Tree,Claude (Cowork),Built constraint phylogeny for 439 quality-approved genomes (422 Coleoptera + 17 Neuropterida). Used McKenna et al. (2019) backbone topology for Coleoptera. Family-level polytomies within 6 major Polyphaga infraorders. Rooted on Neuropterida. Validated with ete3.,"data/genomes/constraint_tree.nwk, tree_tip_mapping.csv; results/phase2_genome_inventory/tree_summary.txt",~250 (Python + ete3),Pending - Heath to validate topology (especially family placements),Complete
2026-03-21,2,Phase 2,1.7 QC Report & Figures,Claude (Cowork),"Generated 5 publication-quality supplementary figures (PDF, 300 dpi): family representation barplot, assembly quality metrics (4-panel), suborder quality, genome size vs N50 scatter, restriction/annotation overview. Generated 2-page QC report PDF with summary statistics and family table.",manuscript/figures/Fig_S1-S5 (5 PDFs); results/phase2_genome_inventory/genome_inventory_qc_report.pdf + 5 figure PDFs,~300 (Python matplotlib),Pending - Heath to review figures for manuscript suitability,Complete
2026-03-21,2,Project Management,Task Board & PostIt Revamp,Claude (Cowork),"Rewrote postit_guide.md with difficulty/time color coding (GREEN/YELLOW/ORANGE/RED/PURPLE). Created interactive HTML task board (task_board.html) with drag-and-drop. Updated context.md with all new scripts, outputs, and project status.","project_management/postit_guide.md, task_board.html; context.md","~1,200 (markdown + HTML/CSS/JS)",Heath reviewed and edited postit_guide.md,Complete
2026-03-21,2,Phase 2,R Script Templates,Claude (Cowork),"Wrote 6 production-ready R scripts (3,050 lines total): clean_catalog.R, build_constraint_tree.R, catalog_qc_report.R, catalog_summary_figures.R, generate_downloads.R, check_restrictions.R. All operate on actual genome_catalog.csv, use base R only.","phases/phase2_genome_inventory/ (6 R scripts across PHASE_1.3, 1.5, 1.6, 1.7 folders)","3,050 (R)",Pending - code review before student execution,Complete
2026-03-21,3,Project Management,Task Board Status Update,Claude (Cowork),"Updated task_board.html to reflect completed work. Tasks 1.1, 1.2, 1.3, 1.5, 1.6, 1.7 moved from 'todo' to 'done' status. Created progress_tracking.md with full project status.","project_management/task_board.html (updated), project_management/progress_tracking.md",~20 (HTML edits + markdown),N/A (status tracking),Complete
2026-03-21,3,Literature Review,LR.1 Competitive Landscape Analysis,Claude (Cowork),"Searched OpenAlex, PubMed, and web for competing projects and similar studies. Key finding: Bracewell et al. (2024) PLOS Genetics defined 9 Stevens elements from 12 beetle genomes. No competing beetle synteny atlas found. Scooping risk: LOW-MEDIUM.",results/phase1_literature/LR1_competitive_landscape.md,0 (literature review document),Pending — Heath to review competitive assessment and positioning strategy,Complete
2026-03-21,3,Literature Review,LR.2 Zoonomia Landscape Review,Claude (Cowork),"Reviewed Zoonomia methods (ProgressiveCactus, conservation scoring), Lepidoptera Merian elements approach, Damas et al. (2022) ancestral karyotype reconstruction (RACA). Compiled 16-paper annotated bibliography.",results/phase1_literature/LR2_zoonomia_landscape.md,0 (literature review document),Pending — Heath to review methodology recommendations and manuscript framing,Complete
2026-03-21,3,Phase 3 Planning,Grace Pipeline Rewrite (Task 2.1),Claude (Cowork),"Rewrote all three pipeline scripts for modern Cactus v2.x API. Fixed CLI syntax, batch system, and checkpoint flags.","phases/phase3_alignment_synteny/PHASE_2.1_pipeline_setup/setup_grace.sh, test_alignment.slurm, submit_prepared.sh",~600 (bash/SLURM),Pending — Heath to review before execution on Grace,Complete
2026-03-21,3,Manuscript,Methods Section Draft,Claude (Cowork),"Drafted complete Methods section covering genome inventory through cross-validation. Formatted as docx with Times New Roman, justified text, 1.5 spacing.",manuscript/drafts/methods_draft.docx,~250 (JavaScript docx-js),Pending — Heath to review and edit methods text,Complete
2026-03-21,4,Phase 2,Download Script Fixes & Validation,Claude (Cowork),"Fixed download_genomes.slurm (scratch path, accession file path, array range, size validation). Wrote validate_downloads.sh and setup_and_submit.sh.","scripts/phase2/download_genomes.slurm, scripts/phase2/validate_downloads.sh, grace_upload/*",~200 (bash/SLURM),Heath executing on Grace,Complete
2026-03-21,4,Phase 3 Planning,SU Budget Analysis,Claude (Cowork),Analyzed 200K SU budget against realistic Cactus alignment costs for 439 genomes (419 Gb). Estimated 160K-430K core-hours needed.,None (advisory),0,Heath reviewed,Complete
2026-03-21,4,Phase 2,Grace Submission Assistance,Claude (Cowork),"Guided Heath through VPN, sftp transfer, Grace login, --ntasks=1 fix, job submission. Job 18105136 confirmed running.",None (interactive),~5 (sed),Heath executed all commands; job confirmed running,Complete
2026-03-21,5,Phase 2,Login-Node Download Solution,Claude (Cowork),Discovered Grace compute nodes have no internet. Deployed download_login.sh on login node with 4 parallel curl + nohup.,scripts/phase2/download_login.sh (new),~80 (bash),Heath deployed and confirmed running,Complete
2026-03-21,5,Phase 3 Planning,Tree Calibration,Claude (Cowork),"Calibrated 439-tip constraint tree with divergence times from McKenna et al. (2019), Zhang et al. (2018), Hunt et al. (2007), Misof et al. (2014). 29 MRCA nodes calibrated.",data/genomes/constraint_tree_calibrated.nwk,~120 (Python),Pending — Heath to review,Complete
2026-03-21,5,Phase 3 Planning,Phase 3 Script Preparation,Claude (Cowork),"Created production-ready Grace scripts: build_seqfile.sh, setup_phase3.sh, test_alignment.slurm, run_full_alignment.slurm. All complete with email, no placeholders.","grace_upload_phase3/ (4 scripts)",~400 (bash/SLURM),Pending — Heath to review before submission,Complete
2026-03-21,6,Phase 3,Phase 3 Grace Upload & Setup Launch,Claude (Cowork),Guided sftp upload of Phase 3 files to Grace. Launched setup_phase3.sh (Cactus v2.9.3 container pull).,"Grace: $SCRATCH/scarab/data/*, $SCRATCH/scarab/scripts/phase3/*",~10 (sftp/bash),Heath executed all commands; container confirmed,Complete
2026-03-21,6,Literature Review,LR.3 Preprint Strategy Draft,Claude (Cowork),"Drafted preprint/publication strategy: bioRxiv venue, journal ranking (NEE > MBE > Genome Research), code/data release plan.",results/phase1_literature/preprint_plan.md,0 (strategy doc),Pending — Heath to review,Complete
2026-03-21,6,Manuscript,Methods Draft Update,Claude (Cowork),Updated methods_draft.docx with tracked changes: calibrated tree description and actual download method.,manuscript/drafts/methods_draft.docx,~50 (XML),Pending — Heath to accept tracked changes,Complete
2026-03-21,6,Phase 3,Script Bug Fixes & Test Job Submission,Claude (Cowork),"Fixed 5 bugs: --mem limits, --maxMemory math, exit code capture, halStats syntax. Added 3 missing references to methods draft.","grace_upload_phase3/*.slurm, grace_upload_phase3/setup_phase3.sh, manuscript/drafts/methods_draft.docx",~30 (bash/XML),Local fixes need re-upload to Grace before full run,Complete
2026-03-21,6,Manuscript,Results Draft & Supplementary Materials,Claude (Cowork),"Drafted Results section 1 (genome dataset). Created Table S1 xlsx (439 genomes × 15 columns). Created software/tools tracking docx.","manuscript/drafts/results_genome_dataset.docx, manuscript/supplementary/Table_S1_genome_dataset.xlsx, manuscript/supplementary/software_and_tools.docx",~300 (JS/Python),Pending — Heath to review,Complete
2026-03-22,9,Phase 3,Karyotype Data Compilation (Task 3.5),Claude (Cowork),"Cross-referenced 439 SCARAB species against Blackmon & Demuth Coleoptera Karyotype Database (4,958 records). 121 species-level + 144 genus-level matches (60.4% coverage).","data/karyotypes/literature_karyotypes.csv, data/karyotypes/coleoptera_karyotypes_full.csv",~150 (Python),Heath reviewed coverage statistics,Complete
2026-03-22,9,Manuscript,Introduction Draft & Results Karyotype Section,Claude (Cowork),"Drafted 5-paragraph Introduction (docx). Updated Results with karyotype cross-validation subsection and data availability heading.","manuscript/drafts/introduction_draft.docx, manuscript/drafts/results_genome_dataset.docx (updated)",~300 (JavaScript docx-js + XML),Pending — Heath to review,Complete
2026-03-22,10,Project Management,Comprehensive Project Audit & Documentation Fixes,Claude (Cowork),"Full audit of 150+ project files. Rewrote stale HOWTO 3.1 and 3.2. Deprecated scripts/phase3/ duplicates. Created root README.md.","phases/.../HOWTO.md (2 files rewritten), scripts/phase3/deprecated/ (4 files moved), README.md (new)",~600 (markdown),N/A (documentation),Complete
2026-03-22,11,Phase 3,Nuclear BUSCO Guide Tree,Claude (Cowork),"Multi-locus nuclear guide tree: 15 BUSCO insecta conserved proteins (1778-3033 aa) via tBLASTn against all 439 genomes. Per-gene MAFFT alignment → protein supermatrix → FastTree (WAG+CAT). Built-in quality gate requires ≥90% taxa with molecular data.","grace_upload_phase3/prepare_nuclear_markers.sh, extract_nuclear_markers_and_build_tree.slurm, build_seqfile.sh (updated)",~750 (bash/SLURM/Python),Job running on Grace,Complete
